rewire_id,text,label,split
sexism2022_english-9609,nigeria rape woman men rape back nsfw nigeria rape woman guy rape back user url,not sexist,train
sexism2022_english-16993,shes keeper,not sexist,train
sexism2022_english-13149,like metallica video poor mutilated bastard saying please kill emojis instead morse code,not sexist,train
sexism2022_english-13021,woman,not sexist,train
sexism2022_english-966,bet wished gun,not sexist,train
sexism2022_english-14998,unlicensed day care worker reportedly tell cop would rather deported go jail allegedly breaking child leg,not sexist,train
sexism2022_english-7228,user leg day easy hot girl wear miniskirt get asked,sexist,train
sexism2022_english-4196,dont know avoid one encourage woman rape man rape forced sex url,not sexist,train
sexism2022_english-872,get new pussy every week whenever want really didnt learn either youtube video also puas dont get laid best get 510 asian lady spending year pretending something arent pathetic,sexist,train
sexism2022_english-3553,agree time know well enough say cant love woman minute begin hit wall hotter younger woman enters picture time impulse control im going want,sexist,train
sexism2022_english-11318,release shit,not sexist,train
sexism2022_english-11688,making game better cope like game try making one educating thing trying create underrated cope,not sexist,train
sexism2022_english-19587,guaranteed chimped denied use expired coupon,not sexist,train
sexism2022_english-12563,black ops 1 first dlc ascension,not sexist,train
sexism2022_english-14992,come there way men attracted shes pig,sexist,train
sexism2022_english-13328,democrat minnesota leftist muzzie shithole dumbest antiamericans klobuchar one rep dumb bitch moronic position tax bill fuck stupid woman,sexist,train
sexism2022_english-7887,dont really need scrubbed earth tossed trashcan history disgusting shitty human im far kind consider human profile reflects,not sexist,train
sexism2022_english-8961,need stop referring men king woman queen shit getting hand,not sexist,train
sexism2022_english-141,yes maam sit corner zima pet rock,not sexist,train
sexism2022_english-4220,literally hate republican one disgrace,not sexist,train
sexism2022_english-18392,sarah jeong university day,not sexist,train
sexism2022_english-845,fuck nigger jew history eating white people fuck suggesting get along people want eat,not sexist,test
sexism2022_english-16350,slut promiscuous woman semantics,not sexist,train
sexism2022_english-3246,rate human scale attractivness like 90 people know irl happens woman disgusted meand dont even irl,not sexist,train
sexism2022_english-17045,yet isnt abuser serial killer see rope know,not sexist,train
sexism2022_english-12966,pompous asshole dems show paying people usa deplore beltway become pathetic display moronic childishness,not sexist,train
sexism2022_english-7260,former bbc journalist thuto mali say universal credit woman right issue affecting finance want open leg sprew sprog thats problem problem im willing finance sprog,sexist,train
sexism2022_english-6629,well good someone knock as back line act like woman post bullshit based minority someone white one u,sexist,test
sexism2022_english-1391,arrested assault based claim he raped woman investigated bragging could confession,not sexist,train
sexism2022_english-81,texas jury sentence jordanian immigrant death slaying soninlaw daughter friend honor killing case ap,not sexist,train
sexism2022_english-2727,thing lewd innuendo young lady,not sexist,train
sexism2022_english-16913,fuck vacation haiti grab wife kid like let spend summer garbage dump eating mud cake url,not sexist,train
sexism2022_english-7022,bravery escalate touch boob etc work escalating,sexist,train
sexism2022_english-12741,worker leave blt sandwich open,not sexist,train
sexism2022_english-19118,look much born female body nothing change think attractive enough female would definitely want sex,not sexist,train
sexism2022_english-17573,usa texas islam muslim islamization sharialaw sharia texas evil muslim parent tried murder daughter boiling oil refusing arranged marriage url,not sexist,test
sexism2022_english-14820,diff australia know ww2 vet even letter former co stating one digger new guinea fighting jap told dva never served got nothing,not sexist,train
sexism2022_english-1301,pressing show less automatically registered incel fact directly inbox daily apologise feature,not sexist,train
sexism2022_english-10268,yes normal woman want dominated social scientist call female hypergamy woman make bad boss men generally speaking,sexist,test
sexism2022_english-13788,would sue mom burnt toast stay classy beta,not sexist,train
sexism2022_english-10788,urgency galloway tear muz fanatic user london murder rate overtakes new york url,not sexist,train
sexism2022_english-12319,going lie brutal honesty reply got rolling haha might go smash ill tell stfu put sock mouth lmao godspeed brother,sexist,train
sexism2022_english-4990,blackpilled man pleasently surprised,not sexist,train
sexism2022_english-5581,please take wife rape daughter whatever leave j00s alone cuckolded conservative,sexist,train
sexism2022_english-10735,didnt bitch literally went way rub rejection face simple appriciate offer boyfriend would sufficed,sexist,test
sexism2022_english-16161,type lawsuit could end warren prove part indian dna test fucking love url take ayyadurai,not sexist,train
sexism2022_english-2771,pink feminine accept bikini babe youve paid due,sexist,train
sexism2022_english-11664,thats beta show desperate confirm number option drop point woman guy option doesnt give shit number real several number real,not sexist,train
sexism2022_english-988,tldr unclear covered shit calling police,not sexist,test
sexism2022_english-5308,user ti true puff pas lead munchies philosophy,not sexist,test
sexism2022_english-6081,spanner girl like spanner wrench u load missile n stuff plane huh salute hope dont start illegal war oil drug imperial new world order conquest mabe u blow isi done,not sexist,train
sexism2022_english-8429,favor soft next woman keep make life better way around bad behavior loser contagious divorce marry child woman,not sexist,train
sexism2022_english-19849,yes especially day take lot make man beat woman dont buy bullshit probably deserve least hear version guy would make exception severe beating,sexist,train
sexism2022_english-17938,put fork muslimengland shes done saving going full islamic sharia law millennium england greatest empire world evil islam british child rapping acid throwing bitch,sexist,train
sexism2022_english-9987,shegod mentality woman going drain men make world work yet bow bitch occasional birthday present pussy sexbots realistic soon womens day pussy rule x200b,sexist,train
sexism2022_english-19850,lol canadian guy legally changed gender female would save 1000 year car insurance female lawmaker outraged demanding arrested perjury bc said insurance saving ha ha ha ha,not sexist,test
sexism2022_english-15676,aim head dosnt come back,sexist,train
sexism2022_english-17280,idiot read whole book,not sexist,test
sexism2022_english-2077,jew confirm rape girl every night alley kidding youre fucking moron rofl,not sexist,train
sexism2022_english-7290,mediterranean country fucking hellhole heard expat dating central europe france germany etc easier woman approach men never approach even chad need work hard get pussy,sexist,train
sexism2022_english-19501,fucking lol know hard life subhuman dumb whore,sexist,test
sexism2022_english-18152,weev mom say youve got internet addiction put meme dude care,not sexist,train
sexism2022_english-16366,hahaha didnt say face little bitch surprisingly feminine talk shit behind back little boy afraid confrontation youll never man mother,sexist,train
sexism2022_english-11801,warrntanka butthurt dna fubar seeing red yep right front door lizzy btw give ticket money back,not sexist,test
sexism2022_english-12731,ya thought everything said basically said convo,not sexist,train
sexism2022_english-17692,thats roundabout way saying pulled 84 as,not sexist,train
sexism2022_english-12413,remember german lady kicked behind stair well here scum url mega speakfreely gabfam,not sexist,train
sexism2022_english-4858,brother kevin spacey claim shamed hollywood star worse nazi rapist father also accuses creepy relationship mother url,not sexist,train
sexism2022_english-15614,meanwhile jane austen bronte sister much less atwood yet heroine stronger interesting read 3 century later url,not sexist,train
sexism2022_english-9087,would pay see as cracker nsfw,sexist,test
sexism2022_english-18480,u agree building less likely get blown hungarian muslim,not sexist,test
sexism2022_english-12347,miley moved england renounced u citizenship remember,not sexist,test
sexism2022_english-18223,think gen z going bad wait millenials kid hit college age,not sexist,train
sexism2022_english-17461,awesome stuff remained confident really important mucho ball,not sexist,train
sexism2022_english-17341,possible im sure got number messaged first hr later waa definitely super shes also got like 10k follower ig always assumed someone dm,not sexist,train
sexism2022_english-16455,address given form mailing box anyone make doxxing accusation ive never seen internet marketer address physical office always mail dump,not sexist,train
sexism2022_english-18714,unwashed underwear sniff sure sarin positive toxic probably wmd,not sexist,test
sexism2022_english-6106,wonder isi enjoying u military obama longer hand tied behind back happy independence day isi america love url maga,not sexist,train
sexism2022_english-7608,hard core woman hater use mgtow excuse lifestyle,not sexist,train
sexism2022_english-2964,asked dumbass fell gross cowring nose ugly af get sexy bitch,sexist,train
sexism2022_english-15184,yes made mistakeshe pay mistake society im legit help someone need people fuck around dont use protection expect get bailed go screw,sexist,train
sexism2022_english-12515,actually dont think anything wrong ad may done extraordinarily reflect poorly men well upon woman mean extraordinary sex extraordinary people,not sexist,train
sexism2022_english-13467,daughter socializing black visiting black area partying around black fact gun purse really isnt gon na help much couple fella decide wan na little fun,not sexist,test
sexism2022_english-9555,first thing though getting girl come thats real challenge,not sexist,train
sexism2022_english-11888,user isnt fraud delay trying monkeywrench electoral college getting jillstein payday doesnt want required cough cash recount2016,not sexist,test
sexism2022_english-11816,want lgbtp,not sexist,train
sexism2022_english-19341,hotter girl higher bitch shield shit test called hotshit paradox lol,sexist,train
sexism2022_english-3155,4yearold girl came home daycare 2 capsule crack cocaine url url,not sexist,train
sexism2022_english-3294,user somebody said post anasef gab havent seen post gab,not sexist,train
sexism2022_english-19542,saw thread saying white men like asian woman making stuff,not sexist,test
sexism2022_english-17584,one young adult child miune wouldnt hear last mouthi would bless soprotests walk hold pole something saying feel thinkwe enough snowflake,not sexist,train
sexism2022_english-11435,political witch hunt keep failed horribly,not sexist,train
sexism2022_english-3048,wish theyd thrown commie race traitor bitch fucked death,sexist,train
sexism2022_english-18377,user hitlery look like hip as,sexist,train
sexism2022_english-13992,nope nothing happened never filed police report confided right people rumor mill rest lot politics military even rumor destroy people,sexist,train
sexism2022_english-16679,yes top men fuck non ugly woman nowadays,not sexist,test
sexism2022_english-14297,yet theyll continue buff shirtless men dehydrated starve order give lady tingle,sexist,train
sexism2022_english-16805,shes jezabel incarnate prefect catalyst real revolution thats im saying shes actual witch kidding like literally satanic,sexist,train
sexism2022_english-6746,user yeah based sphere well armed trained like kick as chew bubblegum url bananaforscale,not sexist,train
sexism2022_english-704,guy gon na great time barrack dont know first time take communal shower christ woman marine even giving shit ooorah fuckina,sexist,train
sexism2022_english-1480,dont sell body sex even plasma sister would like know rate though need new subcuck one us hospital healing accident anus ended mutilated,not sexist,test
sexism2022_english-13336,please keep burka please,not sexist,test
sexism2022_english-474,well average jewish mother would castrate dirty old men fancy dress coming chimney middle night give candy prepubecent kid israel kid would join beat,not sexist,test
sexism2022_english-11647,may worth someone paid term stimulating walking away,sexist,train
sexism2022_english-8721,yeah well plenty men hit woman without ever able hit back eager cry river,sexist,train
sexism2022_english-14287,want get back together number 1 thing go date whats logic word believed wed 100 done,not sexist,train
sexism2022_english-17434,bank called came reading former female model made 45 mil pound couch surf mansion collected debt collector p,not sexist,train
sexism2022_english-6886,crooked democrat already screeching sexist woman itjust would screeched sexist man goal prevent confirmation mean possible,not sexist,train
sexism2022_english-3957,cant stay someone falsely accusing violence front police get contact get reatraining order survival situation cant denial,not sexist,train
sexism2022_english-15193,iraqi army released photo isi militant attempted flee mosul disguised woman one got,not sexist,train
sexism2022_english-616,shitbricks,not sexist,train
sexism2022_english-4747,amazing personality bet watched movie female lead posting,not sexist,test
sexism2022_english-12817,asshole idea he talking kind like franken,not sexist,train
sexism2022_english-16425,already knew wont say jew add commie,not sexist,train
sexism2022_english-295,men know instinctually game ego fucking big think mine bang bang shot bang bang,not sexist,test
sexism2022_english-7250,rot hell bitch disgrace aunty mom law abiding u citizen deserve lose youve gained corrupt political practice,sexist,train
sexism2022_english-5850,yet another islamist scumbag heard url,not sexist,test
sexism2022_english-949,lol fat girl black men cant catch u angry sooo black men angry marrying black woman lol bitch plz,sexist,test
sexism2022_english-11296,dont want mother fucked keep street,sexist,test
sexism2022_english-14100,think look mad,not sexist,train
sexism2022_english-1860,dont praise woman act like cunt must incel,sexist,train
sexism2022_english-8119,mean video woman slap guy shes fucked see everyday already,not sexist,test
sexism2022_english-7303,sound like youre still living 1950s maybe think woman rest much pregnant maybe even ask mother im sure shed disappointed,not sexist,train
sexism2022_english-14556,wolverine faggot ever stop talking ffs wonderful day,not sexist,train
sexism2022_english-1387,said wtf dude dont want tell gf smoking gf dont want tell shes fucking friend getting much remember,not sexist,train
sexism2022_english-16787,came across normie really thought group joke huge troll job really hope guy group get help need,not sexist,train
sexism2022_english-15860,dont like girl right give pork bean stick apple mouth throw door,sexist,train
sexism2022_english-15696,woman stop lying whore,sexist,train
sexism2022_english-18938,hell arrested maniac ran grieving mother couldnt unload property location murder two girl death penalty im saying,not sexist,train
sexism2022_english-4533,time change england europe trying tell daughter ok white ok want go holiday without fear someone shitehole country shooting ffs people wise,not sexist,train
sexism2022_english-8476,yet woman developing world seemingly ball go stem vastly higher number daughter first world feminism strange,sexist,train
sexism2022_english-14374,empressmichelle need pack shit stfu move venezuela thank libtards gave u two piece shit url,not sexist,test
sexism2022_english-3673,late teen like easiest girl sex compicate shit,sexist,train
sexism2022_english-13224,1010 interior decorating skill like girl falling im falling little,sexist,test
sexism2022_english-10924,first bitch better get as kitchen make sammich,sexist,train
sexism2022_english-5771,user attack destroys merkel way isnt going fiddle official narrative like obama shit,not sexist,train
sexism2022_english-12662,get tough looking guy friend accompany go ask girl theyll never say implication,sexist,train
sexism2022_english-7387,inceltears tm protect woman breastmog,not sexist,train
sexism2022_english-9301,shes around long enough real life situation actually see really like observing rage wifi connection set shittier router purpose,sexist,train
sexism2022_english-10753,puerto rico completely devastated yet mayor san juan found silkscreen place print shirt say help u dying cnn fakenews propaganda ghost,not sexist,train
sexism2022_english-12132,id appreciate added detail actually said guy talked kino bar flirt girl initially besides ngaf would help gave detail,not sexist,train
sexism2022_english-7784,real woman still,not sexist,train
sexism2022_english-19156,imagine level cognitive dissonance human would endure typing luckily author appears jewish,not sexist,train
sexism2022_english-18098,go lowwe beat woman flag pole pepper spray face miloatcal antifa terrorist organization gabfam maga user,not sexist,test
sexism2022_english-4354,probably dude wrote dad clue cut tie trashy daughter left mom long ago,not sexist,train
sexism2022_english-9038,hell want marry im straight female,not sexist,train
sexism2022_english-8966,user truly awesome movie wasis sinister female movie history brilliant,not sexist,train
sexism2022_english-19001,alternative taliban shariah supremacist corruption sex slavery eliminating taliban unless kill last virgin boy girl agreed trade aid good policy overall,not sexist,train
sexism2022_english-10666,nasty bitch wouldve failed spot day pull much bullshit know lie try get id go scorched earth though would want job employer didnt fully back,sexist,train
sexism2022_english-16284,accident accident excusable smelt bleach though id push neck woman woman,sexist,train
sexism2022_english-16799,surprised torofa implying shes dirty dishrag whore ghost true capitalist radio right woman menace society america,sexist,train
sexism2022_english-7881,uk police told victim muslim rape gang mention ethnicity rapist url,not sexist,train
sexism2022_english-18155,user smell dying,sexist,train
sexism2022_english-13474,bit hyperbolic girl future destroyed,not sexist,test
sexism2022_english-13873,better careful madam merkel minion die behind bar,not sexist,test
sexism2022_english-3747,david hogg 27 year old still high school plant fbi cnn go away 15 minute fame thanks george soros someone need put knee spank snotty nosed punk,not sexist,train
sexism2022_english-4270,liberal blame whitey woman 20 raped murdered obsessed uncle padlocked body freezer url,not sexist,train
sexism2022_english-9709,bet feel pretty stupid cloud playing harp,not sexist,test
sexism2022_english-4073,user theyll keep going even steer remote control like spock brain,not sexist,train
sexism2022_english-4765,ive rejected countless obese objectively unattractive woman understand men arent attractive enough anyone,not sexist,train
sexism2022_english-15248,true lol get hit fat girl anything else usually settle shape guy fit guy dont usually hang around long butttt hate working eating healthy got ta work,not sexist,test
sexism2022_english-7848,dependent girl frequently feel around dick tense flex ab best way tell tell girl let know cum lol like said every girl different,not sexist,test
sexism2022_english-12531,intentionally spill wine hope take clothes,sexist,train
sexism2022_english-4025,mean im poor shit tho 12 2figure 710 guess woman love,not sexist,train
sexism2022_english-1246,bad track record dna done shes lier cheat know tested dna clinton foundation lab,not sexist,test
sexism2022_english-923,im guy would fine want sex told girl would complain,not sexist,train
sexism2022_english-8153,ikr im envious woman short long leg woman generally long leg look much better comparison height short leg,not sexist,train
sexism2022_english-2204,never seriously wtf wrong hair chest lot guy lol,sexist,train
sexism2022_english-14381,didnt say joke said got mad saying marrying,not sexist,train
sexism2022_english-7557,ahh woman hahahaha never would guessed bye bye dyke,not sexist,train
sexism2022_english-17877,maybe ill insist fucking as couple time handing paper christ sound rapey please somebody tell isnt actually guna rape woman,not sexist,train
sexism2022_english-10177,literally happens every wet suit cloth general matter shit cling like latex bdsm sub,not sexist,train
sexism2022_english-11830,stop fuckin pussy tell grow fuck,sexist,train
sexism2022_english-7147,dont fuckin wuss trp grandma living room youre gon na shock u knowing said going help u determine whether truly overreacted genuinely disrespectful,not sexist,train
sexism2022_english-18981,1406 bce grandma pussy must dry fuck,sexist,train
sexism2022_english-8323,shes paying bill he deadbeat leech dont like leech regardless gender,not sexist,train
sexism2022_english-14081,simple femoid resist chad allure,sexist,train
sexism2022_english-18396,million british girl raped response one russian double agent killed,not sexist,test
sexism2022_english-3312,insufferable npcunt ask name turn sexual harassment,sexist,train
sexism2022_english-1294,probably referencing url got poor sap customer service phone cried mah soggy knee thinking sole responsible force adobe statement,not sexist,test
sexism2022_english-15543,insecurity gross call bratty behaviour yes sometimes mean continuing even start cry dump asap,sexist,train
sexism2022_english-8631,deception stock trade,not sexist,train
sexism2022_english-12604,thats kind feel like said earlier would good reapproach reask coffee date friend get go girl never wan na sleep need know woman lol,not sexist,train
sexism2022_english-9194,tommy robinson alex jones drudge others exposed people rape murder 5 year old boy girl hate tommy therefore accessory indirectly rape murder,not sexist,train
sexism2022_english-6549,url proof meth head bitch ripped eye south carolina coal burner shes blind whore cunt stink like nigger shitstink aid,sexist,train
sexism2022_english-4349,hey nigger goatfucking muslim answer,not sexist,train
sexism2022_english-10558,virgin woman cant figure within first 5 second sex lay take moan little bit need good sex,sexist,train
sexism2022_english-661,dont give rat as woman professional accomplishment fact question legitimately accomplishment liar liar trusted ever,not sexist,train
sexism2022_english-8853,4 corporate whore,sexist,train
sexism2022_english-4588,send quick email hillary sizeable donation clinton foundation shell send blueprint,not sexist,test
sexism2022_english-12158,germany seven muslim migrant sexually assault three teenage girl downtown street seven men 15 17 year age url,not sexist,train
sexism2022_english-4521,couldnt agree side note papa used wear dildo head go sarging style pretty much definition feminine work,not sexist,train
sexism2022_english-16394,well already feminist doctor killing patient fuck dr barton burn hell cunt surprising government want men dead theyll get every woman,sexist,train
sexism2022_english-1551,yes also talk guy also love grocery store,not sexist,train
sexism2022_english-4766,shes skank,sexist,train
sexism2022_english-827,earth lisa page see pathological po mentally unstable oh yeah theyre democrat,not sexist,train
sexism2022_english-5048,learn amog destroyer ask loud enough hears clearly hey he trying seduce working,not sexist,train
sexism2022_english-2656,nice try kike kike kikelovers use jewinvented epithet nazi go fucking kill,not sexist,train
sexism2022_english-12482,user tyranny elected fear nation obama knew disaster problem believed america could make hillary,not sexist,test
sexism2022_english-8690,isnt convenient doesnt video guy threatening kill film every moment life one time someone threatens kill turned give break,sexist,test
sexism2022_english-2671,well put feeling first husband beta ran didnt even see made non entity wonder ever realized,not sexist,train
sexism2022_english-1414,id like jump gl gineline,not sexist,test
sexism2022_english-8233,calling jew specifically blood sucking pedophile,not sexist,train
sexism2022_english-11779,sex hardly accomplishment like getting phd winning nobel prize retarded teenager fuck time,not sexist,train
sexism2022_english-4996,habit hard die much cock carousel rode life,sexist,train
sexism2022_english-9237,people japanese porn pubes fuckin beta dont know anything,not sexist,train
sexism2022_english-8542,im thinking postwar eg partitioned poland edit widow orphan,not sexist,train
sexism2022_english-11078,hot black dude found reparation slavery restaurant took white racist accuse stealing fuck wypipo dey juz jelly big dick cant get woman user url,not sexist,test
sexism2022_english-10690,yeah sure use excuse nigger try rape woman,not sexist,train
sexism2022_english-15019,exhusband grandmother 72 married 27yearold think scammed url,not sexist,train
sexism2022_english-16107,theyll anyway think uncommon woman get assaulted theyre sick medicated,not sexist,train
sexism2022_english-149,whatever cuck like pathetic numales day bet enjoy watching girlfriend getting fucked pack nigger jerk e,not sexist,train
sexism2022_english-8826,stupid bitch think shes edgy bad as hoe fucking lame bet dumb bitch got 20000 like simps saying retarded shit comment,sexist,train
sexism2022_english-8459,dont done 3 whole year street let remain habitat,sexist,train
sexism2022_english-12267,yes new remains constant feminist playing fear woman instill hate,sexist,test
sexism2022_english-1798,way block stuff one certain subi seen dozen time frontpage even though sub themspeaking whichdies sub count include banned user,not sexist,train
sexism2022_english-19320,im trying best hardest hate woman speak language sound like incel shit good luck,not sexist,test
sexism2022_english-13858,speaking wife caught last half matrix yesterday got watch get gun thought old 20 round six shooter western great movie kick as,not sexist,train
sexism2022_english-6632,globalist groupie twatter hate white people love sharia law offer legal rape woman child,not sexist,train
sexism2022_english-7707,see also apple former diversity officer black woman say group white men could diverse due different life experience get replaced white woman would turn person insane holy fuck,not sexist,train
sexism2022_english-15365,ty christ mother mary pls met genetic jew jerusalem threatening world samson option make pay worldwide theyve done goyem people worldwide bruce kenneway,not sexist,train
sexism2022_english-18298,mark twain pick starving dog make prosperous bite principal difference dog man,not sexist,train
sexism2022_english-19537,dont yall talk female cant even get damn relationship lol damn youre angry dude,not sexist,train
sexism2022_english-601,idea exclamation point meant granted im idiot alone knowing,not sexist,train
sexism2022_english-8817,idk man maybe leave speechless keep see happens could something happening forgets reply,not sexist,train
sexism2022_english-17074,queen family whole manarchy involved pedophilia,not sexist,test
sexism2022_english-4007,idc either way buddy seen btw aint fat thicc,not sexist,train
sexism2022_english-13461,online dating culture 510 girl would get 99 like notification within day joining tinder give automatic abundance spin plate plus feminism encourages sample many dick due sexual liberation,sexist,train
sexism2022_english-15067,wedding emasculating thing ever,not sexist,train
sexism2022_english-4891,faggoting,not sexist,train
sexism2022_english-12052,simplest way classify humanity divided race nigger would subrace dwell bottom tree,not sexist,test
sexism2022_english-19259,yeah literally every post commenting negative shit going pretend good woman dont struggle still positive attitude,not sexist,train
sexism2022_english-15360,ukkk get conservative government new guidance state real equality mean favouring woman minority rule recommend court hold sending woman prison damaging url,not sexist,train
sexism2022_english-9502,girl got wrecked cant remember anything assumes raped cps supposition finest url chedevans uk court justice,sexist,train
sexism2022_english-14596,goy groping woman comedy shtick,sexist,test
sexism2022_english-8159,lmao fucked remember oneitis old therapist stumbling across video getting trained two black humongous dude hard believe im redpilled life one,sexist,train
sexism2022_english-13544,woman know lot free dick,sexist,train
sexism2022_english-10959,rt steveblogs11 multiculturalism made u hate url url,not sexist,train
sexism2022_english-5828,men get privilege dying wife christ died church,not sexist,train
sexism2022_english-15218,else would attack 70yearold woman machete negro okay mexican muslim url,not sexist,train
sexism2022_english-16077,police officer sent explicit text message image woman filed police report felt lonely url,not sexist,train
sexism2022_english-10706,url feminist decrying violence woman feminist defend ideology claim woman second class citizen beat rape arent man,sexist,train
sexism2022_english-623,great message definitely take get certain scenario like approach woman eating greatest risk ever approach still extremely memorable day,not sexist,train
sexism2022_english-8251,idk good relationship sister,not sexist,train
sexism2022_english-15096,also left lonely lot year wasnt pushed bedroom cut sex though,not sexist,train
sexism2022_english-2524,bet future husband wont anywhere near much sex marriage lifetime,sexist,test
sexism2022_english-15236,russia congratulates trump say let grandma hillary rest maga presidenttrump trump news russia url,not sexist,train
sexism2022_english-10418,holy shit fuck woman,sexist,train
sexism2022_english-8118,mr tickle wanted marry girl dream however tess reluctant take surname,not sexist,train
sexism2022_english-10159,like 19 year old pussy know call crazy,sexist,train
sexism2022_english-5621,kicked youtube praising national socialism also virulent hatred jew im surprised havent heard user,not sexist,train
sexism2022_english-229,guaranteed side nigga good laugh,not sexist,train
sexism2022_english-8738,breaking news,not sexist,train
sexism2022_english-14485,different since nobody least feminazis like give flying fuck sexual assault men barbaric wacko dont care girl getting education,sexist,test
sexism2022_english-543,asked typical human,not sexist,train
sexism2022_english-14522,immunity given clinton criminal improper think long talk session others dismantle immunity set nullification trump getting political sea leg poop clinton hit fan,not sexist,train
sexism2022_english-5018,put jail soros send soros hungary prison smell good u,not sexist,train
sexism2022_english-152,never ask anyone deny ugly degenerate whore hard destroy confidence utterly,sexist,train
sexism2022_english-19795,jew getting ready race war importing low lifer fight u remember need end madness eliminating root cause jew user,not sexist,train
sexism2022_english-4118,surprized didnt stop rape woman,not sexist,train
sexism2022_english-16321,chels yep old design made chels back 2006 princess kingdom would eventually revert back french painter throwbackthursday,not sexist,train
sexism2022_english-15406,said wearing hijab would turn woman whore second headteacher claim there trojan horsestyle plot oldham school muslim governor url,not sexist,train
sexism2022_english-15337,url fake rape accuser lena dunham plan connect woman middle america maga gab altright presidenttrump gabfam draintheswamp trump speakfreely news pizzagate fakenews,sexist,train
sexism2022_english-19811,white men dont commit violent crime black woman,not sexist,train
sexism2022_english-850,eats shit whatll clothes bwaa ha ha ha aint twitter dummyyoull get beat real good gab,not sexist,train
sexism2022_english-10894,real men arent violent real woman said rfeminism would banned instantly said real life would labeled sexist since man ok men violent arent,sexist,test
sexism2022_english-8227,well used fat skinny fucking hated strength woman belly alcoholic lost weight gymmaxxed weight lifting fix face,sexist,train
sexism2022_english-2640,suck bro shit happened ghosted felt disrespected asked fuck maybe u,not sexist,train
sexism2022_english-7647,typical praising woman bashing men theyre predictable dumb,sexist,test
sexism2022_english-14810,im sure kinder gentler baboon troop soon overtaken dump defender troop young massacred female taken spoil yeah sound pretty great,sexist,test
sexism2022_english-16248,dont know every girl swipe except bot prostitute fatugly black girl ive concluded tinder waste time,sexist,train
sexism2022_english-14084,woman make almost believe david ickes reptilian theory,sexist,train
sexism2022_english-2198,little girl globalist refugee camp bought sold men pretending father rape use servant theyre probably fgm victim,not sexist,test
sexism2022_english-16640,holy shit im reading shit comment genital wart know u favor cum chick already clearly havent learned shit,sexist,train
sexism2022_english-11868,feminism destroyed demographic except upper middle class white american woman,not sexist,train
sexism2022_english-10124,conyers 88 finally decides leave congress woman come forward say groped church url,not sexist,train
sexism2022_english-2384,lol sound like dont normally play lottery one yr mom bought u 5 ticket christmas got nothing last ticket 5 prize,not sexist,train
sexism2022_english-7527,uhm fast forward several month motto remains receiving anal big as dude pen,not sexist,train
sexism2022_english-2740,2001 space odyssey two guy robot pretty bossy entire movie consisted crew trying get shut stop breaking thing im exaggerating classic feminism,sexist,train
sexism2022_english-14477,false accuser registry deserve get raped though empathy dead,sexist,train
sexism2022_english-3915,welcome gender equality suck,not sexist,test
sexism2022_english-1880,hate u,not sexist,train
sexism2022_english-15014,suicide wealthy lindsay jacoby wall street recruiter 40 jump luxury apartment cardon republican commits suicide ran flake 2012,not sexist,train
sexism2022_english-8889,would fuck,sexist,test
sexism2022_english-3051,lol therapist attractive young sweet lady wont ghosting anytime soon,sexist,train
sexism2022_english-6739,character creation screen black people took point civilization building put em sassy comeback,not sexist,train
sexism2022_english-1125,loser incels,not sexist,test
sexism2022_english-12794,uk muslim rapist get oneyear sentence grooming 12yearold girl sex url,not sexist,test
sexism2022_english-11011,woman brought prohibition income tax,not sexist,train
sexism2022_english-10511,well shes elite shes better rest u shit gold,not sexist,train
sexism2022_english-19719,shes progressive dont believe word say url canfam maga gabfam news politics speakfreely,not sexist,train
sexism2022_english-17599,surely genuinely loving wmaf couple im yet see one,not sexist,train
sexism2022_english-9358,never seen much sexual dancing raf seems like itd place,not sexist,train
sexism2022_english-14492,men better everything woman even come look,sexist,train
sexism2022_english-9167,found male student accused female student sexual assault tactical maneuver bad faith belieeeeeve female victim,not sexist,train
sexism2022_english-2416,look forward speaking,not sexist,train
sexism2022_english-14674,got metooed holy shit lol funny also scarily possible,sexist,train
sexism2022_english-1100,disagree ignoring ignoring gave power rise mockery work thankfully archiveis imgur flickr mean able mock aplenty traffic adrevenue,not sexist,train
sexism2022_english-12106,fuck john legend people cook,not sexist,train
sexism2022_english-10440,im idiot lmfao,not sexist,train
sexism2022_english-9322,match solely based photo bio thats youre university probably meet woman day youve met lifetime tinder,not sexist,train
sexism2022_english-17358,soy boy pm worse woman cause 247 get delicate feeling hurt lack testosteroneits problem,sexist,test
sexism2022_english-7983,sad day men virile goldmedal american olympic champion decides hed rather femaletrp important ever,sexist,train
sexism2022_english-9446,like blonde middle,not sexist,train
sexism2022_english-6624,young female waitress utilized ufcstyle takedown tactic handsy patron grabbed butt savannah georgia restaurant url url,not sexist,train
sexism2022_english-18601,article war trad family men woman need speak jew promoting cause infighting men woman want,not sexist,train
sexism2022_english-6689,rofl yes never look video way interpretation never let control shit hb10 nothing push take rein strongest reality win im riding one lmao,sexist,train
sexism2022_english-13949,dad 6foot mom 52 guess took lol,not sexist,train
sexism2022_english-10673,sex woman wouldnt want man wouldnt want,not sexist,train
sexism2022_english-12601,fuck place,not sexist,train
sexism2022_english-14416,matter shes religious,not sexist,train
sexism2022_english-8859,tell everything anything constantly lie manipulates deceives gas light abuse,sexist,train
sexism2022_english-3314,dat true hooked beak,not sexist,train
sexism2022_english-603,happened buddy best man wedding talked since like 3 year ago wife bitch forced purge friend didnt like life,sexist,train
sexism2022_english-4218,thats kinda dumb dude there billion woman earth awalt work statistical better safe sorry sense literal 35 billion woman earth exact value tendency sense,not sexist,train
sexism2022_english-11849,raccoon excellent example problem welfare source food found requires effort spend effort,not sexist,train
sexism2022_english-15257,user yeah liberal woman dumb almost deserve destruction would befall thrown among muslim liberal woman hopeless really,sexist,train
sexism2022_english-12969,wife made rape accusation decided split shes living house free paying child support defending criminal court hasnt let see kid 4 month,not sexist,train
sexism2022_english-6195,beat woman right way lol,sexist,train
sexism2022_english-3581,lol wall uptitlessbutlesshag trying stay spotlight notice bitch caring done nothing actually help need ton money fucking fake,sexist,train
sexism2022_english-12471,destroyed country merkel deport refugee reelection url,not sexist,train
sexism2022_english-5939,matt damon knew weinsteins rape girl asked help report shut actor knew crap disgusting pig,not sexist,train
sexism2022_english-19911,gab pussy url,sexist,test
sexism2022_english-3057,spread word er physician show get evidence murder retltcmdrmd usnnavy seal medic,not sexist,train
sexism2022_english-5432,tribute trump every time mention wife men favour rightly sacrifice woman make,not sexist,train
sexism2022_english-8805,damn right contraceptive carpet bomb made em take em right reason exist first place god giveth taketh away far,not sexist,test
sexism2022_english-9312,idiot using fucking crosswalk blocking people able go get mother fucking as fucking road wont get hit fucking assclowns,not sexist,train
sexism2022_english-4903,actually look back end donkey,sexist,train
sexism2022_english-19005,helping make individual assault hate woman oh wait dont care want shame online,not sexist,train
sexism2022_english-11602,something theyre okay thats im using term okay conclude germany ok woman getting raped sweden,not sexist,train
sexism2022_english-6530,piss fakecel,not sexist,train
sexism2022_english-4332,dont wan na suck beef curtain flap,sexist,train
sexism2022_english-3364,woman initiate sex freaking time make environment conducive maintain relationship feel comfortable sexy appreciated etc initiate like crazy,sexist,train
sexism2022_english-13141,sick fuck scumbags everywhere isnt investigatedsame old brushing carpet please jail someone im sick reading stuff every day nothing ever happens,not sexist,test
sexism2022_english-11604,brag stupid,not sexist,train
sexism2022_english-17222,yeah even attractive woman get attention online person im sure kim kardashian get ig dm men straight approach person latter intimidating,not sexist,train
sexism2022_english-19348,layin pipe lmfao pussy looking milk toast mother fucker coudlnt lay pipe name roto rooter,sexist,train
sexism2022_english-3739,money received loser men still didnt common sense whatsoever save back shit go side way reaps sow army loser men save,sexist,train
sexism2022_english-7722,likely already tried rejected posted reddit,not sexist,train
sexism2022_english-625,imagine woman find attractive world would let fuck as first date competing never even qualified event,sexist,test
sexism2022_english-8089,yes thats like saying dont play russian roulette logical choice therefore choice unless youre masochist,not sexist,train
sexism2022_english-16426,think like hurt cant tell feel,not sexist,test
sexism2022_english-11782,dont forget society tell woman plus sized queen instead telling fat need lose weight,sexist,train
sexism2022_english-12724,howd mom get dick,sexist,train
sexism2022_english-14451,shes unstable youll never know might dump cuck ugliest thug nearest gang,sexist,train
sexism2022_english-11473,white christian least protected group law religion given protected status,not sexist,test
sexism2022_english-555,die,not sexist,train
sexism2022_english-6314,lesbian want named biological parent boy doesnt share dna url,not sexist,test
sexism2022_english-9040,thats much common sense one post user sjws cant cope,not sexist,test
sexism2022_english-6819,fair enough agree telling daughter shes ugly guy crushing horrible thing say thats father instead emphasize many men looking sex put two two together,sexist,train
sexism2022_english-12670,he ethic woodchuck doesnt know shit lol,not sexist,train
sexism2022_english-11012,always one crowd see two little white spec right shack dead bird generating juice expense wild life even pitcher juice,not sexist,train
sexism2022_english-3628,way young serious slapped go home strategy need get comfortable talking girl least decade banging random woman fancy restaurant bathroom,not sexist,train
sexism2022_english-11743,oh man lucky girl long night,not sexist,train
sexism2022_english-12504,sub people mommy issue yall hate woman much hurt,not sexist,test
sexism2022_english-19499,guard always would take shit load time spent together casual setting order see subtle intricacy wtf saying fucking late burn baby burn,not sexist,train
sexism2022_english-4672,thats royal guess shes sort shit,not sexist,train
sexism2022_english-13921,trump rally thursday night 700 pm wilkes barre pa,not sexist,train
sexism2022_english-5830,url theresa may still pander like anna soubry kick remoaners conservative party brexit britfam gabfam,not sexist,train
sexism2022_english-15999,feminist look sex nazi tinder even vegetarian artist like hitler thot shame tinderthots part 2326,sexist,test
sexism2022_english-6699,nothing happen shell continue working big pharma abortion pill company,not sexist,train
sexism2022_english-4886,occasionally without knowing wife vagina reset original factory setting challenge mode,sexist,train
sexism2022_english-14409,dont miss first lady could beat men bar brawlor least bomichaeli mean michelleor whatever hiher name waswas mawomanly thats one,sexist,test
sexism2022_english-11455,move fast want know everything dont make go away case closed fbi know know idiot jihadi turned fbi many question convict kill bury,not sexist,train
sexism2022_english-3513,world project disgust hate parent onto apple fall close tree,not sexist,train
sexism2022_english-3611,moreover two type people really care natsocs think every person certain race need five kid minimum woman scared theyll left raise child alone man serve course,sexist,train
sexism2022_english-11100,im busy right im much fun youd werent busy nice one enjoy trying pussy whip another year,sexist,train
sexism2022_english-6448,crush retarded feminist shit rotted brain graduated college 40,sexist,train
sexism2022_english-2335,u fucking wu,not sexist,train
sexism2022_english-6941,kill fast maybe nature way purging gene pool,not sexist,train
sexism2022_english-16249,rip david cassidy cousin actress shirley jones david cassidys stepmother url,not sexist,train
sexism2022_english-3991,found twin look like fucking tranny lmfao,not sexist,train
sexism2022_english-10203,whats going timeframe onto getting gab nowadays im trying recruit hardcore since twat going crazy censorship,sexist,test
sexism2022_english-8650,lol ugly dyke annoying jew plenty enough reason find unwatchable,sexist,test
sexism2022_english-8061,didnt make personal said enm relationship type thats another way saying woman sleep lot random men without commitment didnt say slut said thats commonly hear referred,sexist,train
sexism2022_english-14559,mean isnt obvious sarah sex change operation look face dead giveaway,not sexist,train
sexism2022_english-13860,resistance dozen woman arrested overtaking senate building protest kavanaugh courtesy hill url,not sexist,test
sexism2022_english-8488,hahahahaha james wood sh1tposter heaven theresa hyena wouldnt know woman ever met one shed burn stake,not sexist,train
sexism2022_english-80,hey check freemonikaschaefer help held crime think 2 week contact allowed outside kill commie fer mommy,not sexist,train
sexism2022_english-10498,yes said like said incels hate woman,not sexist,test
sexism2022_english-9104,gun community keep supporting free market capitalism like woman returning abusive husband,sexist,train
sexism2022_english-15790,ok dude dislike comment cant afford woman closer age guess,not sexist,train
sexism2022_english-10335,love katiehopkins doesnt give shit love stirring black pot known evilislam banislam neversharia url,not sexist,train
sexism2022_english-6990,nothing else kate steinle death honest testament race remain separate rational sense drugaddled lazy dysgenic brown individual ever share living space beautiful white woman like kate,not sexist,train
sexism2022_english-18589,shes even racist people live district represents 3 million mansion affluent white neighborhood,not sexist,train
sexism2022_english-1397,woman truly destroy nation hope enough men wake time around let woman fight die conflict woman cause,sexist,train
sexism2022_english-6303,society problem caused womens choice muslim country family decides femoid,sexist,train
sexism2022_english-17113,female sentencing discount appalling way article read look though didnt even face charge likely welfare check let way,sexist,train
sexism2022_english-5082,hillary busy looking churchy tweet unicefy going lately got galpal katy perry come one got one word say sum u haiti,not sexist,train
sexism2022_english-17963,making woman feel bad misogyny misogyny evil therefore making woman feel bad evil according woman,sexist,train
sexism2022_english-8193,tried alot never work always hate,not sexist,test
sexism2022_english-2487,read feminazi article men regularly abuse female janitor creating mess bathroom revenge know debunks completely unless woman lesbian abuse female janitor way even,sexist,train
sexism2022_english-16274,slug showed hearing boob drooping prison tat neck,sexist,test
sexism2022_english-7275,well lrt fuck wrong,not sexist,train
sexism2022_english-253,yeah white commit greater crime minority full hate pc culture run course ive enough,not sexist,test
sexism2022_english-6404,paid act deranged people show movie house diner ect know going must someone inside like woman baby calling ex epa sec pruitt set,not sexist,train
sexism2022_english-6228,oh come like female mary sue example motherfuckin kaldor draigo tatsuya aizen batman etc still rustle jimmy,not sexist,train
sexism2022_english-2183,wtf got boot literally saying men dont belong girl locker room language wth im telling fuck cern fucked universe ppl one living year ago,not sexist,train
sexism2022_english-3610,bull dont know youre shop keeper many girl look given weekend shopkeeper labeled forehead lol,not sexist,train
sexism2022_english-9795,crazy eye wouldnt get hand bank account lol,sexist,train
sexism2022_english-18919,would bang gregs woman provided wasnt man point,sexist,test
sexism2022_english-11943,like mccuck true liberal thru thru,not sexist,test
sexism2022_english-2601,good morning gabberscoffees hot wife good moodsun upno raintrump still presidentcant ask,not sexist,train
sexism2022_english-15812,quarter million slag buy enough sexy stuff get laid brought paper bag url,sexist,train
sexism2022_english-7793,devoted husband ten year would leave instantly much smiled,not sexist,train
sexism2022_english-14918,mother need day hassle go daily men nothing relax get home,not sexist,train
sexism2022_english-3334,wont miss liberal wrinkly as bye bitch,sexist,train
sexism2022_english-16889,seahawks player caught video taunting female officer arrest scared mei got lot fking money broke wow url,not sexist,train
sexism2022_english-5213,projecting woman must stolen line men forum woman general little creativity,sexist,train
sexism2022_english-5488,ask direct easier question family lifestyle etc comment thing environment going philosophical abstract shes nervous likely fail,not sexist,train
sexism2022_english-2123,touched ball check mean fell kinda like labium world changed,not sexist,train
sexism2022_english-12467,user 8h8 hour ago shouldnt infamous loser history shut pie hole point becoming authentic tragedy tumblinghag url,sexist,test
sexism2022_english-7615,well maybe m archer bitch scary,sexist,test
sexism2022_english-9064,dont know get girl dancing wanted share playlist isurl,not sexist,train
sexism2022_english-2334,url hutegh sohvad pagh maqam oh wighaj liberal todsah vaj fuck aaaargh cant stand anymore weve liberal idiot fuck discovery startrek klingon warrior racist trump supporter,not sexist,train
sexism2022_english-19249,wasnt merylstreep using position platform bully trump supporter hypocrite hack,not sexist,train
sexism2022_english-7614,every day traitorous detested woman harm great britain damage party complete failure pm one possibly imagine deep state keep power url,sexist,train
sexism2022_english-18647,hey fat girl need love bub,not sexist,train
sexism2022_english-14766,didnt publicly flog men beat wife 1950s certain state im pretty sure history dv full lie halftruths wouldnt thats way feminist narrative tend,sexist,train
sexism2022_english-1601,woman need man like fish need bicycle assuming fish spend half life dreaming finding perfect bicycle,sexist,train
sexism2022_english-19401,ive known 2 3 men entire life micro managed wife girlfriend exhausting worth men tiny tiny minded spiteful hate filled petty like woman mind,sexist,train
sexism2022_english-16502,man make table,sexist,train
sexism2022_english-5364,myspace died since twiberal one sided giant echo chamber cant debate lefty without getting reported fucking gay,not sexist,test
sexism2022_english-18610,woman problem wage slave performing enough replace,sexist,train
sexism2022_english-12816,people need wake whole idea sharia concur jihad dont fear dislike muslim dont like ideology,not sexist,train
sexism2022_english-806,lily white tricky thing fond queer music queen id favourite musician killed pedophile wouldnt new music ever listen hail superwoman kate ryan,not sexist,train
sexism2022_english-1581,apparently live basement im gay,not sexist,test
sexism2022_english-8069,dont feel bad man part global depopulation agendaurl men subtly discouraged marrying woman kid tend married mgtow natural consequence realization,not sexist,train
sexism2022_english-4720,care woman sex im player im experienced ive never virgin mylife care honestly dont get lot,not sexist,train
sexism2022_english-13939,thief opportunistically v idiot romantically,sexist,train
sexism2022_english-3458,well disagree learned lot grandmother,not sexist,train
sexism2022_english-7857,yes pissed royallyshe sucked thatnow though trump made ambassador think killing job big timei support last 2 year governor,not sexist,train
sexism2022_english-15613,dude highly doubt better looking 1520 small acne ridden phaggot still made girl whats excuse,not sexist,train
sexism2022_english-17256,sanity last michigan appeal court officially ruled biological men belong men womens locker room url,not sexist,train
sexism2022_english-19715,im saying stop incel ideology high likelihood po based incels think woman definitely po comment post show poster po,not sexist,train
sexism2022_english-16019,thats retarded dude harassed four month said countless time got fed,not sexist,test
sexism2022_english-1224,mre edits new edit putin doesnt step way america step kill murdering mother fucker assad fucker need die,not sexist,train
sexism2022_english-8988,state bank screwools leftist mind virus already infects supportersdonors,not sexist,train
sexism2022_english-19187,enjoy fucking go along want full boyfriend experience give may even start think youre clingy break,sexist,train
sexism2022_english-11952,maybe girl vote work shoot brown people like men theyve run thing outraged also ya know divorce law affirmative action etc theyve got lot going day,sexist,train
sexism2022_english-9283,mention woman dumb understand stem like woman weak u military theyre lowering fitness standard fit woman,sexist,train
sexism2022_english-641,thing make go hmmm girl florida school shooting girl get around,not sexist,train
sexism2022_english-4337,iron maiden toughest tranny town,not sexist,test
sexism2022_english-1395,saw mass conversation men used trashy female behaviour dont even realize whats wrong call,sexist,test
sexism2022_english-7938,view empty head emotional woman daily bitchcraft lesson,sexist,test
sexism2022_english-7720,user quietly looking big eye lip trembling,not sexist,train
sexism2022_english-4084,least decent penis girl reject based size alone,sexist,train
sexism2022_english-6584,shes justifying contempt towards unattractive men convincing epic mlady friendzone entitled niceguys wish rape woman know like u,not sexist,train
sexism2022_english-19294,youve got focus honing process dont beat get better getting better youll fine,not sexist,test
sexism2022_english-8248,block dating pool ruled men enforce standard,sexist,train
sexism2022_english-4757,msm believe report news woman bad thing sale go,not sexist,train
sexism2022_english-3758,english saying never understood wearing heart sleeve could care less islam religion peace chip shoulder,not sexist,train
sexism2022_english-12828,hillary bill back road eaten much spirit cooking sick hillary suffers uncontrollable coughing fit url,not sexist,train
sexism2022_english-12147,always womanbut thank way compliment thank great postgood riddance pigpoopmccain,not sexist,train
sexism2022_english-13970,wouldnt surprised bitch sex predator url,sexist,test
sexism2022_english-15463,accounting kickstarter fund say either cant basic addition shes really good hiding money dvd ever get sent,not sexist,train
sexism2022_english-7239,move shes cheater forced,sexist,test
sexism2022_english-8260,two men sexually harassed 32yearold woman dortmund officer rushed victim directly help could arrest one suspect 18yearold guinean national url,not sexist,test
sexism2022_english-1332,nothing happen 1 god dam thing hillary could walk street bloody sack baby head medium say aww see much care child,not sexist,train
sexism2022_english-14921,saying woman easy catch treating woman like object object simply gained cant believe explain someone apparently woman fuck,not sexist,train
sexism2022_english-3525,male dolphin wake next female whale aww man thought fat chick youre whale apology woman little heavier average adore really fing adore,sexist,train
sexism2022_english-13884,chad rawdogging gender bathroom,sexist,train
sexism2022_english-15005,kind woman,not sexist,train
sexism2022_english-12643,fuck yeah brazil url,not sexist,train
sexism2022_english-457,knowing twisted nature feemales probably sht testing,sexist,train
sexism2022_english-4386,rachael chandler taken instagram page lol,not sexist,train
sexism2022_english-6245,26 minute exhausting sex user finally came guess couldnt think anyone either,not sexist,train
sexism2022_english-14314,url contaminates shown attack testosterone level thereby making young men feminine genetic standpoint lead population explosion lgbtq community,not sexist,train
sexism2022_english-2735,user know christopher cantwell sister far mark libertarian also outnumber nazi 8 1 holocaust denial source joel haywards master thesis perhaps review concept altright,not sexist,train
sexism2022_english-19785,mostly muslim grooming gang jailed raping 15 british girl young 11 url,not sexist,test
sexism2022_english-16061,naked mexican man drowns daughter baptismal pool california church url,not sexist,train
sexism2022_english-139,nope fact youre probably black person major coping cucked white soy numale,not sexist,train
sexism2022_english-12470,well yeah find half people claim raped weird kesha claim dr luke raped he got access katy perry haircut kesha look like eats lard twice day naturally rape whale,sexist,train
sexism2022_english-16677,objectifies woman much medium insult female pick supermodel url,not sexist,train
sexism2022_english-10621,crazy shithouse rat,not sexist,train
sexism2022_english-7254,user want bow african witch doctor pure cuckoldry stop faggot stand race white man,not sexist,test
sexism2022_english-16430,seeing saudi arabia left big bad guy im guessing itll something crown prince hacking server,not sexist,train
sexism2022_english-1227,mean might wasting time want hookup dont automatically disbelieve woman say dont like,sexist,train
sexism2022_english-1963,jew good blending host nation constantly working destroy culture tradition thats make dangerous since often go unnoticed,not sexist,train
sexism2022_english-9012,yep buddy ex wife claimed caught fibromyalgia deadbeat friend lol,not sexist,train
sexism2022_english-15612,2021 user crush competition become people magazine sexiest nazi alive edit obligatory nohomo,not sexist,train
sexism2022_english-1020,former 15 year old safely say 15 wanted cock large could kill people im little bit older im completely content mildly fatal penis,not sexist,train
sexism2022_english-14199,fat woman go slop mode slop mouth hightier normies fact,sexist,train
sexism2022_english-8729,kind protest make sense woman spend entire life using body get whatever want know logical argument nah ill take clothes shout,sexist,train
sexism2022_english-1823,mind wanted hoe hand rude couple week tried 3 way unrelated suck definitely bottom line youre right,sexist,test
sexism2022_english-19372,url reason wary thots ill look til find tradwife simplify everything,sexist,test
sexism2022_english-1464,dont girl friend either fuck friend isnt way want,not sexist,train
sexism2022_english-3666,bollock woman year watching back knife trust woman height idiocy accounting good deed need know programmed receive,sexist,train
sexism2022_english-11614,study dumb af probably run woman everyone know fat powerlifter way stronger queer underwear model got article look mark bell strength aesthetic,sexist,train
sexism2022_english-11207,trudeau north america merkel weed topless girl,not sexist,test
sexism2022_english-9477,really come approaching woman dont like approached might say get approached dont like call guy creep,sexist,test
sexism2022_english-7175,sure took ride,not sexist,train
sexism2022_english-12602,beaver hunt golddigging lounge dancer,sexist,train
sexism2022_english-8471,prison service apologises sending transgender rapist allfemale jail despite history attack woman sexually assaulted inmate sent men prison life url,not sexist,train
sexism2022_english-3209,agree mentioned special rule men could spike back court soft block,not sexist,train
sexism2022_english-3243,thought shitlibs favorite slut stormy daniel,sexist,train
sexism2022_english-16064,teresamay forgot hijabscarf,not sexist,train
sexism2022_english-7701,taught dirtbag lesson shell never forget whats point skanky natalie portman choker youre blacked neck fucked idk url,sexist,train
sexism2022_english-12120,treat whore like lady treat lady like whore,sexist,train
sexism2022_english-17420,honestly think dracodummy 12 year old girl wishing sugar daddy mar go girl,sexist,train
sexism2022_english-3172,go getchu sum white womens time turn around pimp late,not sexist,test
sexism2022_english-7340,swollen tranny girlfriend pregnant chad let forget himheritxezirwhatever remember pre911 preoniggy good time,sexist,train
sexism2022_english-7487,made dumb decision doesnt mean need join,not sexist,train
sexism2022_english-5205,germany muslim migrant stab german woman death dsseldorf street mental illness germany least msm tell u smh mondaymotivation dusseldorf url,not sexist,train
sexism2022_english-2545,url facebook fox carolina news arkansas man beat raped 69yearold woman leaving badly injured part arm leg amputated sentenced life prison,not sexist,train
sexism2022_english-11967,dont care love lawyer file motion preempt naming father dna paternity test done come back negative divorce sue fraud,not sexist,train
sexism2022_english-5287,yeah wife reason f hashtag maga,sexist,train
sexism2022_english-3274,much still hang make joke thought freak go find someone else,not sexist,train
sexism2022_english-16262,concerned dna donate semen sperm bank want kid adopt want life child owned female state get married warned,sexist,train
sexism2022_english-3564,yeah man thats true know well ugly as went one hot girl shed laugh walk away,sexist,train
sexism2022_english-4197,already sub overrun post saying sick incels posting turning incel sub,not sexist,train
sexism2022_english-12136,cant reverse method maybe woman approach men make norm would less horror story even possible,not sexist,train
sexism2022_english-19928,start shooting people shoot cop thanks,not sexist,train
sexism2022_english-5918,woman dont like dont hate maybe fault garbage personality calling loser whiteknight instead proving wrong know know im true argument,not sexist,train
sexism2022_english-17781,white girl trash truly surprising,sexist,test
sexism2022_english-17643,someone point muslim country woman enjoy right men gay people afforded legal equality,not sexist,train
sexism2022_english-579,true either case id take setting thots radar shiny thing almost undetectable unrelenting infallible,sexist,train
sexism2022_english-948,like like waiting make move class go talk like shes waiting,not sexist,train
sexism2022_english-571,feel way would nice wife kid would horrible vindictive ex kid never see risk worth reward,sexist,test
sexism2022_english-16213,understood right anyone say hoe aint loyal bitch aint shit really turn gash gyow long term know ive seen madness unfold many time fuck woman,sexist,train
sexism2022_english-9591,hello here today link news thread im going miss nikki fiery un speech thank nikki service url,not sexist,test
sexism2022_english-6557,girl buy food usually mean youre attractive,sexist,train
sexism2022_english-17994,dog face already fucked,not sexist,train
sexism2022_english-6304,come think see experience awful lot woman dire need iq upgrade seem trying,sexist,test
sexism2022_english-13678,instead focusing important thing like work one need pour one energy entertaining fickle thots useful work incel,sexist,test
sexism2022_english-4617,real bad move treasonous murder queen first security clearance stripped url,not sexist,train
sexism2022_english-16370,nah black woman still get reply tinder even white men female privilege cancel black disadvantage,sexist,train
sexism2022_english-16886,user show interview fucking classic he destroyed,not sexist,train
sexism2022_english-16299,woman complain problem men fix themeven imaginary problemsjust remember im implying anything good see,sexist,train
sexism2022_english-15383,islamic woman cant win either die defending rape die got raped,sexist,train
sexism2022_english-15721,mean going facebook gag please try get involved fun going maddow post new target sponsor daily along contact info take 2 minute url,not sexist,train
sexism2022_english-19592,trump quote testimony didnt even call horseface,not sexist,test
sexism2022_english-10450,ya smiling charlie manson looking bitch smile face stick knife twist,sexist,train
sexism2022_english-10646,funny mentioned trynna deliver feminine care nothing men care guess made choice hope go bankrupt,sexist,train
sexism2022_english-14500,said would lie lack honor clearly female,sexist,test
sexism2022_english-4150,count hijab photo,not sexist,train
sexism2022_english-16088,dude there trip wanted weed money,not sexist,train
sexism2022_english-12545,he right also believe hed get away crime shed instead worry axe fall like he,not sexist,test
sexism2022_english-14696,keep kicking dog see liar mother fucker see,not sexist,test
sexism2022_english-12942,anonymous 062018 wed 140556 0f806a 15 no1831793 news world cup reporter sexually assaulted live broadcast,not sexist,test
sexism2022_english-4204,verbalized anything happened right shes protecting social status doesnt want labeled slut time say slow stop making outetc mean need stop thats difference,sexist,test
sexism2022_english-18772,sub get drowned red pill ragers take time go full zen mode mgtow bound become almost woman hypocrisy posting view well migrate push come shove,not sexist,train
sexism2022_english-4047,im currycel normie tier guy get girlfriend low tier normie also arrangemarriagemaxx im low tier normie mainly im poorcel poor suck youre poor normie really hard get girlfriend wife,not sexist,train
sexism2022_english-6333,user user user kill commie fer mommy,not sexist,train
sexism2022_english-3584,demonstrates wild lack agency woman still fight retain equal right without equal responsibility serious mistake,sexist,train
sexism2022_english-12554,fuck sorry hear bro dont think roping find way cope woman shallow way work,sexist,test
sexism2022_english-19016,went walk neighborhood wish got cat called least 6 guy shit forced become hideous lesbian would nice guy would start cat calling fixed,sexist,train
sexism2022_english-12199,honestly think fucking pathetic asking help un hard could slap criminal,not sexist,train
sexism2022_english-4413,people could look itd put good mood make day girl would drool,not sexist,train
sexism2022_english-11610,prefer use vagina tactic,not sexist,train
sexism2022_english-766,thank giving example seems whilst helping woman gain status society forgot men incredibly sad hope society realises mistake sort,sexist,test
sexism2022_english-7530,url shes whore shock,sexist,train
sexism2022_english-8414,dare breaking one thing whyd beat wtf mean said obviously must done,not sexist,train
sexism2022_english-1675,democrat continue make gun control wedge issue election underestimate damage chance among woman flocking buy g url,not sexist,test
sexism2022_english-13034,every interaction woman make want punch started interact woman little possible yes please continue trend leaving u alone cant control,not sexist,train
sexism2022_english-1878,good point however know shes going plan let bet 5 cent go nowhere,not sexist,test
sexism2022_english-12860,judging overlap insufferable woman generation cant make shit worst worst would thought internet enable cesspool unbearable individual,sexist,train
sexism2022_english-13574,appreciate everyones advice general positive vibe im going ask went today wasnt working update hopefully good news haha,not sexist,train
sexism2022_english-18058,oh man im sorry yep get rammed throat moment understand never hit woman never woman know take advantage,sexist,test
sexism2022_english-12141,make version showing effect mean jewish iq 105 instead 115 might also interesting see effect asian smaller sd white,not sexist,train
sexism2022_english-15911,nervous afraid judging turn situation around one prove worth attentionadmiration dont dick though,not sexist,train
sexism2022_english-19195,slut serve sentence men would raped,sexist,train
sexism2022_english-16763,user want know let around booze antic election night,not sexist,train
sexism2022_english-3734,shouldve hit,sexist,test
sexism2022_english-3649,yeah past ive heard self proclaimed incels claiming perfect age marry woman turn 7 x200b clearly really pedos,not sexist,train
sexism2022_english-14665,aint gon let fucken retarded as mongrel clown wit dat follow button dog fukdat im audi,not sexist,train
sexism2022_english-4905,penis 55 inch,not sexist,test
sexism2022_english-3111,isnt great youve taken red pill see shit like xray mgtow red life,not sexist,test
sexism2022_english-15399,witnessed exact moment realized creepy dude hitting mom,not sexist,train
sexism2022_english-9345,sexual part woman brain isnt everyone moot point though woman ive slept unable orgasm without mechanical vibratory stimulation regardless circumstance,not sexist,train
sexism2022_english-17240,fuck claire mccaskill super twat voting everyone else missouri,sexist,test
sexism2022_english-1185,congressional candidate liz watson indiana announced support house minority leader nancy pelosi soth vote watson get elected d get house majority fantasy island time two,not sexist,train
sexism2022_english-1724,well thats fucked agree thats way bad im defending case boy girl made puberty,not sexist,test
sexism2022_english-3409,already happening western europea lot men protecting woman abuse invading shit horde,not sexist,test
sexism2022_english-6885,saturday morn eating cereal muh underwear tv 9 channel bros si gathered around url,not sexist,train
sexism2022_english-11800,people post woman wall dont like anyone 18,not sexist,train
sexism2022_english-17020,pissed cuz woman want neither one know little fat round pig probably play tiddlywinks together,not sexist,test
sexism2022_english-4170,fuck cunt un8thegr8 get many fucking award saying something fucking shitty trash human being,sexist,train
sexism2022_english-3171,felt boner,not sexist,train
sexism2022_english-358,based logic shouldnt lock door would violate right thief shouldnt armed would violate right robber etc pelosi stupid fuck,not sexist,test
sexism2022_english-12386,raped boost status among woman get bunch woman sitting around one upping worst rape one biggest red pill,sexist,train
sexism2022_english-6315,dont youre insult andor tell woman anyone disagrees theyre stupid leave welcome engaging good faith,not sexist,train
sexism2022_english-5696,company make fortune selling stuff girl look like theyre 25 make fortune selling stuff woman look like theyre 25,not sexist,test
sexism2022_english-7492,apparently handing money woman resolve bad circumstance willingly created part woman hating,sexist,train
sexism2022_english-2658,breaking two woman accused killing north korean leader half brother say testify defense,not sexist,train
sexism2022_english-19816,omg look little fucking nigger disgusting little nigger bastard wearing tshirt bashing faggits shitskin niglet turd homophobic hope alcoholic drug addicted teenage single mother get locked prison,not sexist,train
sexism2022_english-14151,nigel farageverified account user may 25 weve allowed mass sexual abuse underage english girl muslim radicalised syria come back britain enough enough amen amen amen weurope already deadit late,not sexist,train
sexism2022_english-3429,80 men beta lowquality men according woman,sexist,train
sexism2022_english-18897,grow ball leave ur girl wth fake tinder,not sexist,train
sexism2022_english-1440,catgirl could probably argued bit bimbo shes got smallest tit game guess shes safe,sexist,train
sexism2022_english-11202,behold power nea actual constituent sen murkowski couldnt even get office phone betsy devos vote vote,not sexist,train
sexism2022_english-6745,well theyll end strike 20 pound lighter started,not sexist,train
sexism2022_english-19,im pretty sure zombie apocalypse today millennial snowflake would first go natural selection would kick however little ct would stampede top get way bitch,sexist,train
sexism2022_english-3091,friend mine recently went kept picture video text sent pretty hard claim rape hour text want fuck hard,not sexist,train
sexism2022_english-8384,lol got howard stern hot water number year ago something said describe female bb team think bunch nappyheaded hoe remember correctly horrible thing say sure funny,sexist,test
sexism2022_english-5854,keep hot sauce purse,not sexist,test
sexism2022_english-12111,fucked didnt work happens youll find someone else need massive sob story,not sexist,train
sexism2022_english-18640,fun fact shakira first celebrity crush back like 8 seems chose wisely,not sexist,train
sexism2022_english-2933,smallville actress allison mack arrested alleged role notorious upstate sex slave cult nxivm source told post friday url,not sexist,train
sexism2022_english-19134,beware liar want give one chance flake forget,not sexist,test
sexism2022_english-5493,dumb as dems forget separation state religion judge court country need adhere constitution never anything else including personal feeling ideal,not sexist,train
sexism2022_english-3637,user wasnt one invited try stop coming 9 year old girl would first line spit face call racist,not sexist,test
sexism2022_english-12780,dont ltr chick make anywhere near money make wont get married,not sexist,train
sexism2022_english-2757,raped dad year finally first orgasm miscarriage came,sexist,train
sexism2022_english-4783,trump trying overcome radically liberal immigration law shitty lawmaker url,not sexist,test
sexism2022_english-9308,like outlook hb6 might hook something better many time met girl find friend hotter work shit,not sexist,train
sexism2022_english-3859,loathe everything particular man child especially call one child little asshole proceeded ignore wife night got upset didnt want talk,not sexist,train
sexism2022_english-174,mad lady muslim husband lady muslim husband id labeled least didnt say bitch sand nigger husband as hole want anyway,sexist,train
sexism2022_english-18595,people say woman time quit pretending retarded,not sexist,train
sexism2022_english-11787,haha one 500 beta orbiter probably probably screwing tyrone gymchad guy like slutty picture,sexist,train
sexism2022_english-18244,kinda look like brunette ivanka trump,not sexist,train
sexism2022_english-2865,zombiefied angelina jolie lookalike reveals shes total fraud url via user,not sexist,train
sexism2022_english-15130,woman life like thats accomplishment,not sexist,test
sexism2022_english-6426,meghans family easy spot next year royal wedding banquet theyll one drinking pg tip chucking food,not sexist,train
sexism2022_english-18483,better shall replaced worse malicious insane woman like everywhere insanity,sexist,train
sexism2022_english-2688,aita full cucks downvote anything man right woman,sexist,train
sexism2022_english-12477,1 name check 2 dont generalize im dont say well quit society im raising two daughter full custody age 1214 3 seem mra wrong sub thank service need cannon fodder,not sexist,train
sexism2022_english-12094,female idiosyncrasy extreme end normie behavioural spectrum lot normie trait fake altruism virtue signaling leftist trope general enterily exclusive female highly feminized male,sexist,train
sexism2022_english-18740,woman got less deserved assaulted man,not sexist,train
sexism2022_english-17672,month ago overheard group stacies saying looked liked mr tumnus narnia stuff like make blood boil,not sexist,train
sexism2022_english-17215,shes fp fatty potential idiot physical prime shes even winning lifelong battle obesity,not sexist,train
sexism2022_english-4063,didnt answer question said mom arent needed medical emergency paramedic men work im asking meant call paramedic notice emergency child,not sexist,train
sexism2022_english-8595,asian woman power self respect happens opposite day,sexist,train
sexism2022_english-7655,agree others youre right maybe hit youre horny kinda sound like wouldnt turn,not sexist,train
sexism2022_english-10453,looked big picture youd prefer side chick coz hell cheat dump current girl hell cheating dumping new girl soon enough,not sexist,train
sexism2022_english-10556,care hath common man rumor war castle gate ruin wall crumbled king sleep scream woman child assail husband father ear nay speak distant land,not sexist,train
sexism2022_english-6437,true ill pay love see face shes exposed lying bitch,sexist,train
sexism2022_english-10032,traded woman stock market instead company would never bear market since cucks would always buying share,sexist,train
sexism2022_english-19579,reason simple biology men make huge investment support woman detect woman slut theyll never know kid biliogy say pump dump,sexist,test
sexism2022_english-4320,talk calm assertive manner let intention clear,not sexist,train
sexism2022_english-17099,final part url enjoy ended blocking,not sexist,train
sexism2022_english-2648,user like throwing away replica pistol runnerup libertarian nomination presented fucking convention sent aid buy back story leaked he cuck libertarian,not sexist,train
sexism2022_english-2378,wwii greatest generation sacrifice devalued denigrated horrendous fashion pussified wannabee today,sexist,train
sexism2022_english-3231,thank,not sexist,train
sexism2022_english-1207,muslima got convicted boyfriend derby telling kill friend non believer proof muslim friend u,not sexist,train
sexism2022_english-18343,hurt lol,not sexist,train
sexism2022_english-1060,hmm never thought way guess havent much luck woman know difference assume everything mind game thanks,not sexist,train
sexism2022_english-5988,false dichotomy apparently believe woman pure long remain virgin till wed impurified vile man cock shes slut,not sexist,test
sexism2022_english-9179,cant wait see m marvel doll clit chopped true muslim fashion url,sexist,train
sexism2022_english-10685,norman campaign slogan dont beat wife democrat archie parnell win south carolina despite spousal abuse accusation divorce record url,not sexist,train
sexism2022_english-10474,know rroastme,not sexist,train
sexism2022_english-5291,root cause white male problem white woman blame,sexist,train
sexism2022_english-13195,girl please get subreddit,not sexist,test
sexism2022_english-13396,better perfectly befriend friend make feel like good enough also would interesting see girl tell friend better fucking guy like manipulative trick,not sexist,train
sexism2022_english-6950,past couple decade become known great nag corrected actual crisis hit requires reordering society part effort known great bitch slap,sexist,train
sexism2022_english-9065,back plantation day went ring shopping girlfriend saw price ring offered buy used sport car instead ring said wanted ring fortunately never gave ring,not sexist,train
sexism2022_english-12858,messed everything couldnt even get hair right ugh watched anime start finish growing shes favorite female anime character piss couldnt even cast asian,not sexist,train
sexism2022_english-14240,user user user user user remember muslim scumbags idaho american girl urinated raped syrian migrant eldest filmed jail time despite plea sharia law come america url,not sexist,train
sexism2022_english-7567,pushback sit street chanting like occupy fag screaming non violent,not sexist,train
sexism2022_english-14339,take easy shine stay away boy woman thats one damn good way man get whooped boy tough get as tore url,not sexist,test
sexism2022_english-5868,youre actually youre shitting street would jealous people stupid shit river drink downstream water,not sexist,train
sexism2022_english-273,im going send money pussy entitled cunt,sexist,train
sexism2022_english-14844,yeah funny perfectly fine u boy getting mutilated girl horrible crime world,sexist,train
sexism2022_english-6141,warning parent teach son respect woman im teaching daughter beat as pulp doesnt,not sexist,train
sexism2022_english-2725,jesus dude start workout diet regime right stop feeling sorry wipe ugly as makeup stop trolling,not sexist,train
sexism2022_english-4230,know best thing introduce girl win friend get real point introducing tell ate x girl take aside talk 1on1,not sexist,train
sexism2022_english-4906,saw real open minded person bird post gave gab whole 5 minututes claiming pepe worshipping racist nice mean didnt jump pre conceived conclusion mean gave gabfam 5 whole minute,not sexist,train
sexism2022_english-8970,thats really fucked,not sexist,train
sexism2022_english-5436,indeed understand regret ack say user user losing twice would kill,not sexist,train
sexism2022_english-11922,sorry buddy dont think hit,not sexist,test
sexism2022_english-11427,aphrodisiacweedcom aphrodisiac weed help woman orgasm better weed strain horny cannabis sex weed heightens pleasure,not sexist,train
sexism2022_english-2392,paul still get islam feminism divine spouse feminism men feminism weak peaceful european men refused subjugate woman,sexist,test
sexism2022_english-13905,one person except there number incel killer one,not sexist,train
sexism2022_english-15686,mean he fucked 31 girl currently 31 real subtle brag,not sexist,test
sexism2022_english-5668,ya guess dead rip crazy cathylick bitch mutey time dj nigga,sexist,train
sexism2022_english-16544,sacrilege still see xx chromosome,not sexist,train
sexism2022_english-8311,dont listen well must female,sexist,train
sexism2022_english-1853,shes probably back getting leg stretched getting fucked genetically superior male shes text amusement sorry man,sexist,train
sexism2022_english-18349,replaced put somewhere else system get retirement suck taxpayer fired b,not sexist,train
sexism2022_english-4183,wellat least decent tit there nothing worse fat chick tit fat deal fun bag play,sexist,train
sexism2022_english-10895,usually happens incels think woman isnt exactly true seems way sometimes,sexist,train
sexism2022_english-16330,desperately hoping see soon cherokee nation suing elizabeth warren falsely claiming member tribe,not sexist,train
sexism2022_english-14977,13 married woman cheat 20 married men dourl info available always wrong,not sexist,train
sexism2022_english-12856,user immigrant sexually assaulted beat several woman jail url,not sexist,train
sexism2022_english-13226,user offer swearing hot girl gun gifs youre welcome p url,not sexist,train
sexism2022_english-3089,think shell wait theyre 18 cuckolding,not sexist,test
sexism2022_english-811,would glorious think hag bullet proof one ball bring,sexist,train
sexism2022_english-479,spoken woman prize wanting becky buck mean prize lol thats bare minimum self respect theyre catch work becoming catch dont settle manchild,not sexist,test
sexism2022_english-13888,dude 50 pound overweight downloaded tinder met last 3 girlfriend dating recent almost 2 year look creepy weird,not sexist,train
sexism2022_english-17308,ugly female vagina make able get average guy,sexist,train
sexism2022_english-9095,since ghana wartorn country b url,not sexist,train
sexism2022_english-7742,really wanted twist knife youd extra nice tell waste time,not sexist,train
sexism2022_english-7825,plausible retardation cucks currently pushing merkel hitler daughter still absurd af,not sexist,test
sexism2022_english-8706,thing friend jacked teeth hell bang girl he quantity quality total honesty cant even get aroused im attracted,not sexist,train
sexism2022_english-6749,maybe ought live within mean hard,not sexist,train
sexism2022_english-14874,im person know appreciates hatsune miku even vocaloid general ill ask mom hang,not sexist,test
sexism2022_english-6055,like almost sport main event open gender utterly male dominated sport female event exist give woman money fame medal,not sexist,train
sexism2022_english-3763,forward tell exactly want relationship go,not sexist,test
sexism2022_english-1217,microsoft owns gabai ability determine said right ownership obama fucked u gave away internet,not sexist,test
sexism2022_english-3302,hillary fugly sister,not sexist,train
sexism2022_english-6565,merkel destroying germany shes east german commie,not sexist,train
sexism2022_english-1907,cant bargain attraction tell people get reality check woman expect ferrari 2001 toyota camry budget need wakeup call,sexist,test
sexism2022_english-8658,jewish isnt smart enough,not sexist,train
sexism2022_english-19986,dude really isnt lying situation making rather odd isnt taking hit tbf sexual harassment anything like kind odd,not sexist,train
sexism2022_english-8862,posted 2 indian girl asked dated would seen ugly,not sexist,train
sexism2022_english-1043,nice might invite overbring wine,not sexist,train
sexism2022_english-8190,michael watching user burn hell,not sexist,train
sexism2022_english-6837,really fucking flaming retard sad people power low iq,not sexist,test
sexism2022_english-14507,fox bimbo ziowhore bitch trump eye makeup url,sexist,train
sexism2022_english-19470,reciprocal fine woman like dont cuck thots,sexist,test
sexism2022_english-7589,shes ignorant whale,not sexist,train
sexism2022_english-14220,user magatrumpfuckislam name female potbelly pig muhammad fucking head explode url,not sexist,train
sexism2022_english-3511,lol someone who data scientist shes pretty dumb,not sexist,train
sexism2022_english-16481,two mom proud,not sexist,test
sexism2022_english-9856,boo hoo mother fucker think im girl need validation,not sexist,train
sexism2022_english-13487,set see perfect time isolatecompliance test turn guy say cut shit say girl hey let move,not sexist,train
sexism2022_english-4894,cant tell thing around gut hide stretch mark torn stomach tit betting theyre nice deflated two kid love man hand think ill pas,sexist,train
sexism2022_english-11756,who girl frens,not sexist,train
sexism2022_english-16593,absolutely disgusting farleft thug felt emboldened home jacob reesmogg want intimidate shut people stand principle jacob handled incident complete class url,not sexist,train
sexism2022_english-13028,autism woman nobody care autistic men subhumans society,not sexist,train
sexism2022_english-4429,dumb as woman today ask divorced collecting huge alimony check,sexist,train
sexism2022_english-8477,like shes gone coming back later summer,not sexist,train
sexism2022_english-8041,waiting year half soanytime get ready stop asking stupid friggin question actually get done post start,not sexist,train
sexism2022_english-17837,love hate best argument hater willfully contracting trumpderangementsyndrome,not sexist,train
sexism2022_english-8752,exactly 1218 year old girl adult woman still slumber party worrying school god sakethey want go go prom date boy age hit creeper,not sexist,train
sexism2022_english-6503,maledominated major single female friend around none matter come woman though online dating daygame nightgame,sexist,train
sexism2022_english-10506,look jew want shiksa goy woman wear next literally invented jewess empower woman url,not sexist,train
sexism2022_english-13828,thats real woman hate 2d woman want desexualized,sexist,train
sexism2022_english-13671,nothing wrong woman ever put marilyn garbo shame decency balance life ever calm demeanor,not sexist,test
sexism2022_english-14099,lol guy seen original posted mum xd even mum whore wont tell daughter,sexist,train
sexism2022_english-13011,url national guard deployed security doubled vital asset new york oh god pathetic fuck waste money get border,not sexist,test
sexism2022_english-5064,well jeeze whiz die called cop woman cop show isnt even strong enough shoot gun ill least thankful one got offended,sexist,train
sexism2022_english-16382,im literally going watching debate mother law shoulder thatll interesting,not sexist,train
sexism2022_english-11393,sweden muslim migrant raped woman friend laughed livestreamed facebook charged url,not sexist,train
sexism2022_english-354,called senator need lesson humility fairness dont people swear oath must forgotten got gravy train look like poster child term limit,not sexist,train
sexism2022_english-486,woman one cant empathize men,sexist,train
sexism2022_english-18773,wish lived fantasy world woman actually valued thing getting curtain wet,sexist,train
sexism2022_english-9681,really gross there also opposite happening eastern men moving western country find loose woman usually marriage though,not sexist,train
sexism2022_english-5739,chutzpah think lied innocent child,not sexist,train
sexism2022_english-612,pretty much sum catch outside girl raised retarded whore shitty mother society reward,sexist,train
sexism2022_english-13752,u sure id personally never trust girl pluto,not sexist,train
sexism2022_english-13902,saysomethingnotoffensive hillary cough much like getting choked fact,not sexist,train
sexism2022_english-16728,gasp youre telling woman want money haha jkjkjk real though,sexist,train
sexism2022_english-1474,let add regard people white would probably regard 75 plus identifying white cut,not sexist,train
sexism2022_english-828,im pretty sure woman would afraid men dont want take bullshit theyll go doll instead good little dog unexciting duty sex,sexist,train
sexism2022_english-3135,user well there finance tag would leave open id pick lifestyle money make world go round btw prefer brzz instead bruxelles,not sexist,train
sexism2022_english-9337,kneel king bezos ready service traitorous communist scum,not sexist,train
sexism2022_english-16059,anyone anymore info sick crazy illegal shit right senator killed along husband nc spoke gabfam pizzagate url,not sexist,train
sexism2022_english-18410,hell hate tiktok alone,not sexist,train
sexism2022_english-4563,user good call say gender going avoid woman penis,not sexist,train
sexism2022_english-4385,yeah honestly v model giga stacies,sexist,train
sexism2022_english-8224,kind want make troll account posed woman trash get report see taken see,not sexist,test
sexism2022_english-19281,meh im 26 year old kissless virgin would never stoop low fucking obese woman find repulsive,sexist,train
sexism2022_english-6776,data show woman think 80 men average,not sexist,test
sexism2022_english-4732,id like thank user fixing photo crazy as way user squirrel favorite thing chase backyard,not sexist,train
sexism2022_english-19969,sign crazy feminist cat lady march dc url,not sexist,train
sexism2022_english-15449,ask thats literally way youll know unless see shes holding hand andor kissing,not sexist,train
sexism2022_english-5973,im rag cant stand faggot like gay brother,not sexist,train
sexism2022_english-9853,gene also determine much care hygene exercise god proving blackpill along incels played u like damn fiddle,not sexist,test
sexism2022_english-11899,police officer called station radio interesting case old lady shot husband stepping floor mopped arrested woman yet floor still wet url,not sexist,train
sexism2022_english-12202,basic two step beat front girl extend hand take ioi dance bit holding hand turn dont get touchy feely dancing behind keep one hand hip one keep holding hand,not sexist,train
sexism2022_english-7285,even youre ugly woman dude would ever fuck become lesbian nail 10 day,sexist,train
sexism2022_english-19279,shouldnt invested girl havent fucked date ftfy,not sexist,test
sexism2022_english-9699,despite protest wife cut long hair genetic gift cherokee ancestor claim im sure shes right case shorter hair low maintenance,not sexist,test
sexism2022_english-13961,thats happened physically emotionally abused feminist mother first 14 year life privilege,not sexist,test
sexism2022_english-5413,tried save preemptive strike eh conniving bitch,sexist,train
sexism2022_english-10164,son grows realizes womenarethebestandnoblecreaturesstories mother told lie shit hit fan,sexist,train
sexism2022_english-6758,really wan na impress lady first date play song playing pick url,not sexist,train
sexism2022_english-16588,im told feminist men woman exactly agree go shopping woman realize inanely untrue statement,sexist,train
sexism2022_english-8147,heh showered girl 2 place like rinsed junk experience girl get turned scent sex wouldnt say rule,not sexist,test
sexism2022_english-19033,fuck merkel commie cunt,sexist,train
sexism2022_english-5167,let get rightyoure going beat wife see value beauty couldve sworn want opposite get positive result really boggle mind,not sexist,train
sexism2022_english-517,fay buried as ground cale place park moped,not sexist,train
sexism2022_english-11179,user want action hero sure dumb one,not sexist,train
sexism2022_english-18614,article say known drug addict many arrest rehab would judge bitch probably something coming,sexist,train
sexism2022_english-17239,user nailed like globalist freak shes bought paid turned citizen like obama shes evil satan horror deliberately visited germany,not sexist,test
sexism2022_english-11199,worthless commie cunt negligent shithead pappy billy ray ought minced,sexist,train
sexism2022_english-10676,guessing game ask,not sexist,test
sexism2022_english-2633,said dont disagree men use language word etc said disagree men share sentiment woman among,not sexist,train
sexism2022_english-8468,sometimes howl little woman get nigger tv im gentle pussycat,not sexist,train
sexism2022_english-2596,dont need read explain symptomsborderline personality disorder shes weirdo url,not sexist,train
sexism2022_english-2388,gf take less timeeffortinconvenience dip stick nowa wifethats differentwhy buy cow get milk free,sexist,train
sexism2022_english-6091,gun control hell move closer would zero gun democrat wth comprehensive background check mentalhealth empowered dictate mental health church neighbor quack exspouse girlboyfriend officepolitics blm antifa url,not sexist,train
sexism2022_english-12619,thought watched known liar also shifting around looked guilty sin yesterday even though soft balled disgusting andrea mitchell lockriceup,not sexist,train
sexism2022_english-2232,fuck annoying pinkoid mayocel go get indonesian bride,not sexist,test
sexism2022_english-6470,recent example jewish tyranny maintains grip valerie plame tweeted link jew starting war full force jewry come url,not sexist,train
sexism2022_english-15838,chunk schumer moron nancy pelosis botox rotted brain maga,not sexist,train
sexism2022_english-19058,watch fuck jid corrupted disney fuck sollywood,not sexist,test
sexism2022_english-7565,eh speaking lesbian find penis kind hilarious idea anything sexual pretty meh unless theyre attached lady person case game,not sexist,train
sexism2022_english-16512,isnt guy ashamed small dick circle jerk feel anything depressed woman rejecting u,not sexist,test
sexism2022_english-890,imagine 15 old whatever ignored rich 17 old guy cause shes thot make rape allgation get back,sexist,train
sexism2022_english-19888,simp woman destroy tell fuck much likely leave alone choose,sexist,test
sexism2022_english-10237,ball half nation men shes woman freetommy,sexist,train
sexism2022_english-9279,exactly bluepilled moron think good idea put woman charge people life affected based judgment especially judgment filtered current mood,sexist,train
sexism2022_english-5919,hate say look like product incest probably good intention,not sexist,train
sexism2022_english-17159,uk convert islam plotted largescale vehicular jihad massacre anyone looked lewis ludlow learned islam anyone tried determine got idea new religion called upon commit mass murder url,not sexist,test
sexism2022_english-14677,thats point sub tired woman getting away shit joke post ruin perfectly good sub normie fag like want easy karma,sexist,train
sexism2022_english-12395,wouldnt refer masculine men describe masculine energy masculine trait absolutely list thing listed perhaps stop calling adulting skill masculine,not sexist,test
sexism2022_english-8636,sex assault suspect tied woman threatened kill portland sanctuary deported 20 time illegalrapist url,not sexist,test
sexism2022_english-19732,funniest thing spike sale endorsing hillary certainly wasnt significant,not sexist,train
sexism2022_english-16719,marries bitch daddy issue wow hope brother get king england england get saved otherwise prepare british ass get full shariah become first modern islamic empire,sexist,train
sexism2022_english-8326,thats drag breathed laconically lighting cigarette dont squirm said darkly jabbing leech lighted end,not sexist,train
sexism2022_english-6453,seemspretty convoluted sure think,not sexist,train
sexism2022_english-1788,short answer dont beta genuinely care never doormat stepping stone ego way next alpha,not sexist,train
sexism2022_english-9680,url following clip bishop robert barron discusses today jewish culture made white men stupid average female superhero,not sexist,train
sexism2022_english-7734,watched like couple video apparently slept 7 girl 2 week cold approaching granted mainly central europe woman still pyssy pyssy,sexist,train
sexism2022_english-10484,dont harass girl work unless clearly show interest im leaning towards emailing cause hell creepy inappropriate,not sexist,train
sexism2022_english-19698,men stop blaming woman sexual frustration woman dont give single shit dumbass,sexist,train
sexism2022_english-3159,thats fantasy shit right maniacally right need stop soft porn novel,not sexist,train
sexism2022_english-11611,woman im love lord shes got go url,not sexist,train
sexism2022_english-15983,shes freak become suitcase pimp make money slam headfirst wall,sexist,train
sexism2022_english-12273,dammit proved ghazi really nazi fool,not sexist,test
sexism2022_english-10072,lockherup oakland mayor libby schaaf told reporter police city assist ice official report raid accurate url,not sexist,train
sexism2022_english-6742,netherlands true leader progressive value healthcare includes killing child killing grandmother killing feel depressed happens liberal value replace real one url,not sexist,train
sexism2022_english-1042,someone actually understands real sex porn say sir assure big cock youre brave enough proof welcome eat word dick,not sexist,train
sexism2022_english-10542,except bringing woman fawning holding current standard read comment didnt even hold current standard comment make sense,not sexist,train
sexism2022_english-1546,think hold conversation female pull panty certain point put move want advance anywhere,not sexist,train
sexism2022_english-18254,didnt one try shooting youtube hq kill one get gunned,not sexist,train
sexism2022_english-9532,lol lol lol theyve ever deserved good men lol lol lol,not sexist,train
sexism2022_english-1956,user shit aid think tim kaine ohcarl micdrop,not sexist,test
sexism2022_english-15758,maybe guy expecting reserved threw big escalation made think slutty thats b guy attracted better know earlier later,sexist,train
sexism2022_english-11615,bullshit news,not sexist,test
sexism2022_english-5258,shes going partying wknd next wknd might feel like whole romantic thing enjoy buying dinner playing couple used whore m8,sexist,train
sexism2022_english-18194,yeah dont process much im going approach woman find attractive ill go talk haha,not sexist,test
sexism2022_english-15391,like idiot quoted post,not sexist,train
sexism2022_english-10972,well still commit suicide prison,not sexist,train
sexism2022_english-18354,true dude im cougarmaxxing trying anyway bc bad gave young woman period fuck em,sexist,train
sexism2022_english-4947,genuinely thought wanted work would helping woman suck empathy,sexist,train
sexism2022_english-12774,well obviously woman commits rape love lust tag sarcasm impaired,not sexist,test
sexism2022_english-17101,hope time woman take cobra place simile figure sppech evil behavior,sexist,test
sexism2022_english-18104,love say attracted get excited like little school girl call put speaker phone friend hear donald,not sexist,train
sexism2022_english-4657,many fat woman got wimp locked actually started working,not sexist,test
sexism2022_english-19399,wife prostitute husband,not sexist,train
sexism2022_english-16802,abloo bloo bloo somebody said mean twitter mean directly encourage short people kill themselvesurl problem,not sexist,test
sexism2022_english-9189,spread like fire pedoalert psa netflixpedos netflix nbc user guy endorse pedophilia moron working yall better answer pretty damn quick rt,not sexist,train
sexism2022_english-2186,maybe prosecute allowing foreign criminal murder american url,not sexist,train
sexism2022_english-17645,someone reverse life force,sexist,train
sexism2022_english-9418,url clinton appearing event questioned time inc brand cco alan murray revealed opinion capitalist hurt democrat primary,not sexist,train
sexism2022_english-16329,im gon na get much pussy woman see much respect nice guy,sexist,train
sexism2022_english-16856,one reason hijab,not sexist,train
sexism2022_english-18984,oooooo seeing chelsea clinton could born current position help clear thing hitler like spirit cooking dinner like hag hillary grandrabies look like webby,sexist,train
sexism2022_english-12468,one use train wife especially like reward get good job,sexist,train
sexism2022_english-18465,retard biochemist lab working would ask hardcore field question test capacity skill fact none closed mind imposibru,not sexist,train
sexism2022_english-13706,ive definitely see two extreme either super hot interested fat beast make like 90of hinge said last two relationship hinge girl pretty attractive,sexist,train
sexism2022_english-4359,aw whats wrong nigger dont like sheboon exposed savage,sexist,train
sexism2022_english-4346,im pretty sure time loki female comic asgardians resurrected human form ragnarok thor travelling world locating awakening loki come back sif body,not sexist,train
sexism2022_english-9518,thats fixed election said stupid dindu assclown fakeelection,not sexist,test
sexism2022_english-18190,fuck tell fuck,not sexist,test
sexism2022_english-2550,know black woman hate men single mom varying amount baby daddy imo black dude keep job deserve better black woman,sexist,test
sexism2022_english-17601,sister pleasuring as cock tongue fucking sublime want video assburgers autist fuck,sexist,train
sexism2022_english-1239,putin people instigate hate v putin liberal support please macho enlist u army attack russia,not sexist,train
sexism2022_english-12180,lmaoooo facial proportion nearly perfect yet shes 6 wtf hate moids guy front page thats equally attractive rated 8 sub exists raise beauty standard woman lower men,not sexist,train
sexism2022_english-12472,well jealous take care girl going get jealous cock block first focus target doesnt get jealous pissed bone friend,not sexist,train
sexism2022_english-13947,people walk right stranger say need take sunglass never say anything woman wearing bag head however fuck bantheburqa,not sexist,train
sexism2022_english-4376,bannend czech republic,not sexist,test
sexism2022_english-19722,could always play game think sexy keep relationship honest woman idea keep relationship honest play game,sexist,train
sexism2022_english-2449,oh dirt must corrupt old hag hope lockherup,sexist,train
sexism2022_english-5803,dont even care mocking balding fact attribute aging problematic behavior whats fucking infuriating insane clown fucking world,not sexist,train
sexism2022_english-18795,pfft woman,not sexist,train
sexism2022_english-10273,men want girl prude every man slut,sexist,train
sexism2022_english-798,youre trying hard enough bitch,sexist,train
sexism2022_english-14093,fuck dude stop holy shit hahahahahahahaha,not sexist,train
sexism2022_english-19449,yupyou womanas close emotional animal get refuse thinkas long make feel good least concern beast booby teach nothing except hate woman,sexist,test
sexism2022_english-11949,user much like straight outta compton forgot woman beat,not sexist,test
sexism2022_english-16300,nah he bailing country thats falling apart thanks part liberal buddy done destroy great nationgood riddanceplease take afflack moore,not sexist,train
sexism2022_english-15522,thats nice tried watching movie strong female lead guessed u incel xd,not sexist,train
sexism2022_english-15551,made feel like prettiest girl ball phrase smthwhat mean,not sexist,train
sexism2022_english-19922,got say ever seen lynch head toe walk fat slob waddle like duck,not sexist,train
sexism2022_english-10757,dolores oriordan iconic lead singer cranberry today sadly passed away 46 driving force behind 90 altmusic inspired entire generation forever remain heart many,not sexist,train
sexism2022_english-5526,idea jesus bedding broad reproducing isnt bad revisit jesus better way considering best competitor harem,not sexist,train
sexism2022_english-19883,mother fortunate unfortunate accident would real shame,sexist,train
sexism2022_english-16626,woman accessory dude dont get invested,sexist,train
sexism2022_english-4322,hang set fire,sexist,train
sexism2022_english-7772,user flip done,not sexist,train
sexism2022_english-18308,imagine incredibly butthurt democrat would trump well first female president end daughter ivanka try make witch first female potus instead get angel lol trump maga,not sexist,test
sexism2022_english-15307,get shitty android like 30 capability,not sexist,train
sexism2022_english-18112,every day womens day pakistan instead candy flower get harassed molested beaten raped murdered url,not sexist,train
sexism2022_english-12668,men would straight say antiwomen club good desirable thing,not sexist,train
sexism2022_english-12337,charlie kirk say give money university use destroy america url,not sexist,train
sexism2022_english-16812,love woman used hate bullshit game play im little better said game dont mind much,sexist,train
sexism2022_english-1377,whats bringing return pre used pussy much tread left tyre,sexist,train
sexism2022_english-3229,whip first back nice bloody whip face eye swollen cant open despise people hurt child,sexist,train
sexism2022_english-13846,say bad thing woman wiener wont get action,not sexist,test
sexism2022_english-8844,youre ignorant yes live asia easily tell difference chinesejapanesekorean girl,not sexist,train
sexism2022_english-17370,url ooh anti nazi pug liar,not sexist,train
sexism2022_english-1852,dislike female,sexist,train
sexism2022_english-8566,user 10400 thank stefan getting cycle violence respect woman conversation,not sexist,train
sexism2022_english-2401,point number two carreys mother didnt pay prescription either social assistance health insurance work place paid,not sexist,train
sexism2022_english-195,supposed charming always hungry spoiled woman odd,sexist,train
sexism2022_english-15858,female mental conditioning,not sexist,train
sexism2022_english-737,talking girl weeksmonths get laid seem like working spend month girl give pussy 1 time probably 20minutes waste,sexist,train
sexism2022_english-4424,london withstood everything nazi could throw yet fell muslim horde nary shot fired sad,not sexist,train
sexism2022_english-12330,wonder would happen attack high heel surely hed face measly punishment right find,sexist,train
sexism2022_english-7188,political suicide tweet please share everywhere,not sexist,train
sexism2022_english-14965,beautiful always ty sister love,not sexist,train
sexism2022_english-6978,ive heard incels orientation pretty clear straight male far largest demographic simply nature straight male female dating dynamic,not sexist,train
sexism2022_english-12987,real hick,not sexist,train
sexism2022_english-1652,done fuck get rid anyways,not sexist,train
sexism2022_english-808,mother schooled proper use clothes hanger,sexist,test
sexism2022_english-6147,pfft know nothing youre still ignoring fact extrapolating shit make seem fuckwit user,not sexist,train
sexism2022_english-723,trump demand prison huma abedin like bos top hillary clinton aide broke espionage law url,not sexist,train
sexism2022_english-15000,kathy griffin us trump insult get attention loser kathy griffin trying make headline prosecute url,not sexist,train
sexism2022_english-14814,natural u dont accept tolerate gynocentrism unlike west apparently ok whatever bullshit woman say,sexist,train
sexism2022_english-9470,user hate chick dont like calling milo mind there one one milo dangerousfaggot refer olim,not sexist,test
sexism2022_english-9142,always sore ungracious loser someone get stage,not sexist,test
sexism2022_english-4143,kati perry complete idiot url,not sexist,test
sexism2022_english-4982,theresa may took biggest dump failed concept democracy soft nonbrexit joke need rope loicense said rope,not sexist,train
sexism2022_english-6777,weeb fag,not sexist,train
sexism2022_english-4707,probably wouldnt brag usually woman make choice end either single mom knowing domestic violence hotline number extremely well,sexist,train
sexism2022_english-4223,clone sentenced hung,not sexist,train
sexism2022_english-10200,imagine tryin sit face helplmfao,not sexist,train
sexism2022_english-15284,haha 100 dont run 1 flake especially there legit reason multiple flake different story get shit dick dirty boy,not sexist,train
sexism2022_english-18904,respectful respectful one absolute gentleman asking woman irl youre chad could land sexual assault charge thats far weve come society,sexist,train
sexism2022_english-14132,mormans female cucks literally outlawed bad scociety,not sexist,test
sexism2022_english-13439,ahh yea definite shit test agreed go probably would said ohh wait cant got ta work earlier thought excuse happy validation wanting come,sexist,train
sexism2022_english-16416,hard told,not sexist,train
sexism2022_english-2544,bingo dog ultimate reason get back place secondly one leading date take place thing dont involve dog,not sexist,train
sexism2022_english-11381,thing influence womens decision sex physical attractiveness cant possibly true remember julia robert married lyle lovetturl,not sexist,train
sexism2022_english-314,kill bitch fucking pushpull,sexist,train
sexism2022_english-13122,oh thats fucking rage fuel chad even steal mother,not sexist,train
sexism2022_english-2678,woman cucks wonder men used attend church dropped religion,sexist,train
sexism2022_english-19412,racist racist even professor inverted reality fit meme life bad virus infects student listening reading word academicbigotry intolerancesquared virtuesignaling url,not sexist,train
sexism2022_english-7230,fine one wife multiple wife would way much challenge dont energy,not sexist,test
sexism2022_english-12024,need male attention male resource,sexist,train
sexism2022_english-15329,anna navarro ooks mirror see puta slept way america,sexist,train
sexism2022_english-681,thing asian woman free person individual person act like come child bastard colonialism,not sexist,test
sexism2022_english-2098,view woman reproductive mechanism human specie everything make sense steal resource pump baby,sexist,train
sexism2022_english-618,url kansa city mo female stripper,not sexist,train
sexism2022_english-15143,everywhere think one watching hope god give deserve trip hell maybe shes mind controlled url,not sexist,train
sexism2022_english-17071,status look he party absolute chad status chick party go rather chad,sexist,test
sexism2022_english-18255,know assertion notated spot check article olympian feel ashamed sexual assault received posing underwear hypocrisy know bound url,sexist,train
sexism2022_english-15594,lol could ask gran since shes german funny actually since pair grandparent met result war id like hey true girl want date black guy single mum haha,not sexist,train
sexism2022_english-3765,handle rejection inventing false rape story worse scream man small dick doesnt want,sexist,train
sexism2022_english-2092,boredomwhoredom u part,sexist,train
sexism2022_english-14281,unless marriage convenience,not sexist,train
sexism2022_english-18341,peace mind beautiful thing enjoy,not sexist,train
sexism2022_english-2369,life experience attractive woman ive seen evidence never sure,not sexist,test
sexism2022_english-17184,yeahim 28yo virginbut im getting laid soon respect womenim totally incel misogynist bullshitsi support woman rightsi great personality take lot showersbut incel,not sexist,train
sexism2022_english-5039,look like piggy went married chef shocker url,not sexist,train
sexism2022_english-14591,fuck he incel hed virgin loser without height,not sexist,train
sexism2022_english-16675,know isnt white nigger,not sexist,train
sexism2022_english-12993,today leftist violence dana loesch forced move people oppose gun violence threaten rape death front family support nra know hate violence much url,not sexist,test
sexism2022_english-17186,give month shell get white house position cosmagic negro,not sexist,test
sexism2022_english-2532,okayy here opinion although dont know exactly said seemed interested usually tell someone nbox info gladly spill bean,not sexist,train
sexism2022_english-7674,user rockville rape charge dropped illegal immigrant accused attacking girl md high school bathroom url,not sexist,test
sexism2022_english-6798,actually need deets,not sexist,test
sexism2022_english-6891,thanks brother thanks service like en bash flashy guess boil personal choice shoot plain jane ar,not sexist,train
sexism2022_english-17545,alot woman many dont crippling mental disorder go look one youll glad,not sexist,train
sexism2022_english-11783,till finally cross line slanderlibel,not sexist,test
sexism2022_english-16690,hit stick,not sexist,test
sexism2022_english-2723,turnbull horror show total cunt miranda devine crony side cunt,sexist,train
sexism2022_english-3618,lol weird eye always glassy sure thats bad contact bad drug,not sexist,train
sexism2022_english-19456,wrong legalization cannabis give people big money way remove ability grow home free deschedule better way restore freedom constitutional right,not sexist,train
sexism2022_english-974,aunt munchkin grandsire primer would look dot look sigh lol,not sexist,train
sexism2022_english-18267,dont pick chick bar try supermarket friend contact coworkers might know somebody single,not sexist,train
sexism2022_english-3296,thats good figured one want hook,not sexist,train
sexism2022_english-17863,jenna marble decent looking video hit wall makeup lighting trick cant keep seriously compare old video latest one shes fucking gross,not sexist,train
sexism2022_english-9089,thing change stay exactly fucking,not sexist,test
sexism2022_english-7424,admit dual tattoo haley joel osment laughing broke bitch neck thing getting pretty interesting gif,sexist,test
sexism2022_english-19161,best fuck whore sound really sexist woman comfortable body hurt,sexist,test
sexism2022_english-5453,assuming youre lying youre femoid know youre teenie tiny minority femoids youre good go,sexist,test
sexism2022_english-2768,user hey si lol better block,not sexist,train
sexism2022_english-1225,unknown reason lol solved one reason white ok another white targeted based race nothing see get back twitter search people telling truth islam,not sexist,train
sexism2022_english-15889,sure woman want life governed fear instead hope,not sexist,train
sexism2022_english-19260,dude ive fucked many girl way nba dancer nfl cheerleader help nice car im tall bet would help short guy,not sexist,test
sexism2022_english-2024,user seen news girl run girlsonly kid run improve girl selfesteem,not sexist,train
sexism2022_english-13170,get load rofl dumb fatass bitch think asshole rofl decide give full roast blocking pathetic subhuman as url,sexist,train
sexism2022_english-13616,minority character good exception male skill immediately superseded woman,not sexist,test
sexism2022_english-4357,thought one caught first thinking wanted threesome,not sexist,test
sexism2022_english-8466,fomenting violence want,not sexist,test
sexism2022_english-1041,biggest problem world ww3 could start wouldnt care,not sexist,train
sexism2022_english-9041,lower price kid hang pedo bitvch,sexist,test
sexism2022_english-17974,website need stronger digital technology shit take way long post view need ram bitch,sexist,test
sexism2022_english-19461,mean make lot money give alternately said slightly negative thing ex shes trying blame since pussy perfect 100 time,sexist,train
sexism2022_english-17783,hey wild mailbox get pretty mean dont keep eye ive known take one two back day,not sexist,train
sexism2022_english-17170,admit slut,sexist,test
sexism2022_english-816,probably got paranoid anxious didnt talk long enough feel comfortable enough meet,not sexist,train
sexism2022_english-3234,mam may please crumb pussy mam please,sexist,train
sexism2022_english-4519,kiss shes giving iois otherwise time life take hand bounce different part venue favorite dance floor great line dhv alpha bos status,not sexist,train
sexism2022_english-14222,youre gon na marry live rest life insufferable cunt,sexist,train
sexism2022_english-4560,could kidding could irrelevant since seem take word thinking preference men taller great indicator horrible world shit,not sexist,train
sexism2022_english-16991,proper cure feminism hard dick ive fucked feminist virus handful woman recent year woman become way dealing weak men,sexist,train
sexism2022_english-4799,really dont believe thats narcissistic trait alone believe men like questioned corrected especially female,not sexist,train
sexism2022_english-12325,fuck,not sexist,train
sexism2022_english-18216,swede allow happen,not sexist,train
sexism2022_english-2538,doesnt know laser gun look scary need banned,not sexist,train
sexism2022_english-18144,houston nurse longer employed posted social medium young patient measles texas childrens hospital said nurse also made antivaccine comment url,not sexist,train
sexism2022_english-2965,understand people dont think rape happened cant possibly time admitting happened somehow woman fault,not sexist,train
sexism2022_english-17546,mali muslim tell christian theyll kill go church url,not sexist,train
sexism2022_english-11499,dumb dumber daughter would stupid commie bitch,sexist,train
sexism2022_english-799,argument mischaracterization said carolyn trumpatard cozy zionist cunt like jayda blindly supportive problem like,sexist,train
sexism2022_english-6636,cuz white woman weak white church ppl swallowed jewish poison yet,not sexist,test
sexism2022_english-1909,pure gold wholesome sametime cheat found engagement ring tried deny hesitated fucking radio station,not sexist,train
sexism2022_english-13175,sincerely best book ever read seduction community book pook first natural everyone magic trick seduce chick always come back time time,not sexist,train
sexism2022_english-13823,dont know generally sex individual people amalgamation woman everywhere woman lot different men,not sexist,test
sexism2022_english-11226,scandal blackcrime rate rape murder committed black men completely proportion number know stuff like bring back lynching collective selfdefense measure,not sexist,train
sexism2022_english-9207,tell female complains single hand phone always guaranteed find date night get dude pick time place choosing shut,not sexist,test
sexism2022_english-13421,comparable hear men bragging girlfriend vagina size never happens,not sexist,test
sexism2022_english-10190,user fat fugly,not sexist,train
sexism2022_english-11520,like write day finish unfortunately meant writing late night end week went zero 15000 word written edited shipped,not sexist,train
sexism2022_english-8771,dont tell charlyne yi shes hypocrite living rupert murdoch money shell buddy delete shit youtube fallin dawg,not sexist,train
sexism2022_english-11094,hagee follower fake christian like blame roman killing jesus explain based bible matthew 2724 pontius pilate wash hand url,not sexist,test
sexism2022_english-7788,got fuck idea,not sexist,train
sexism2022_english-4535,breaking washington post christine ford lawyer say drop condition testifying except one brett kavanaugh wheeled hearing hannibal lecter straight jacket mask,not sexist,test
sexism2022_english-8968,dont understand hell spawn helping punish sinner make necessary evil something,not sexist,train
sexism2022_english-17802,votedemout seditionist wan na socialist need one way ticket ven,not sexist,train
sexism2022_english-16858,love liberal programming backfiring nosw harpy going caw rape caw caw rape,sexist,train
sexism2022_english-16258,sky spraying well evolve tubbi thing,not sexist,train
sexism2022_english-17968,huff post 247 365 day year disgusting medium outlet 99 run woman hate men url,sexist,train
sexism2022_english-18202,eventually walking away would hear screeching voice say well fuck incel,not sexist,test
sexism2022_english-2516,kate steinles last word died help dad died father arm url,not sexist,train
sexism2022_english-7435,old lady question holocaust labeled nazi grandma sent prison disgusting attack woman holocaust true protected law url,not sexist,train
sexism2022_english-9536,im genderkin gon na triple tax,not sexist,train
sexism2022_english-15250,po muslim elected twice thats fucked america tried put hillary enjoy fact vote helped stop hag called madam president,not sexist,train
sexism2022_english-16018,hrc dedicated lesbian even like aged girl,not sexist,train
sexism2022_english-16709,nigger talk come hisher mouth shit nigger penis look like big giant piece shit,not sexist,train
sexism2022_english-12361,bro look dont matter im sure shower work turn white male model woman seek type men course,sexist,train
sexism2022_english-7889,time go penalty imposed dont care shes negro mr florida governor wont follow gov abbotts lead matter please need shes florida problem shes problem true american,not sexist,train
sexism2022_english-11744,well kinda got ta lower standard bit dating pool may open heck even fingered junkie girl,sexist,test
sexism2022_english-8295,ok right wing group opposed bill made dont drop soap prison rape board game yes exist,not sexist,train
sexism2022_english-2665,fuck stripper lol good time,not sexist,test
sexism2022_english-5537,youre society dumb cant figure wheel 21st century,not sexist,train
sexism2022_english-5433,shower fucking plebe pretty much whole sub shower know cant pause wow middle raid right n00b god female suck logic im going way god cant wait tell everyone time next 50 year,sexist,train
sexism2022_english-15286,socialist cunt soon sucking government teat shell doubt decade,sexist,test
sexism2022_english-8030,begging less celebrity death less fuck 2017 circlejerking,not sexist,train
sexism2022_english-4583,like u men move penis like muscle woman also nd thats cool,not sexist,test
sexism2022_english-6626,hope bear sometimes let grizzly side come know mean,not sexist,train
sexism2022_english-15270,oh ill paying one way another got ta pay price free speech might well shekel rather way,not sexist,train
sexism2022_english-11169,user ditto drain swamp good enough maga ban madonna,not sexist,train
sexism2022_english-18074,kinda tell woman got resting bitch face maybe dont bring goofy grin less grimace,sexist,train
sexism2022_english-6250,thots roasties exist income inequality imagine bluepilled still claiming youre blackpilled incel werent weeb lmao,sexist,test
sexism2022_english-6865,mr zetlin look like smell boxed wine mothball cat urine,not sexist,train
sexism2022_english-7302,pakistani immigrant 27 sexually abuse girl 6 get suspended sentence url,not sexist,train
sexism2022_english-5884,shes kind girl first shoot give first aid stop bleeding mad sex aim carefully honey shoot away,sexist,train
sexism2022_english-8098,kid make stupid mistake like tie mentally handicapped men torture gather 6 friend gang rape pregnant woman 18 hour,sexist,train
sexism2022_english-1485,totally see becoming first female president one day really canshes remarkable woman,not sexist,test
sexism2022_english-14417,woman getting exactly deserve man hater destroyed men life divorce court lie url mgtow,sexist,train
sexism2022_english-10808,guy imagine hilary much fuck office obama left would blaming patriarchy even power female president glad avoided,not sexist,train
sexism2022_english-1597,miley cyrus reveals shes pregnant pizza baby url pizzagate,not sexist,train
sexism2022_english-10365,url according study young men less likely get treatment young woman,not sexist,train
sexism2022_english-18163,woman prostitute prostitute hone woman,sexist,train
sexism2022_english-5461,virtue signaling chart convinces liberal programmed selfdestruct also destroy everyone love man love daughter,not sexist,train
sexism2022_english-13062,agree accumulated effect simps paying cause socialeconomic inbalance hit real man sooner later,not sexist,train
sexism2022_english-9501,seem reasonable stop beta cucks probably read 5 min shit seemed expected naivecels,not sexist,train
sexism2022_english-6327,behind every successful man successful woman successful finding,sexist,train
sexism2022_english-5307,youre going pick girl movie watch movie go afterwards,not sexist,test
sexism2022_english-18902,bet shell posting shit like original tweet putting yellow ribbon profile day virtuesignal,not sexist,train
sexism2022_english-17156,bunch retard,not sexist,train
sexism2022_english-12357,sure troll idiot,not sexist,test
sexism2022_english-6695,lol relationship white woman certainly find feminine,not sexist,train
sexism2022_english-17656,isi victormarx 4yo lone survivor pray child find path god paved hersurely great plan url,not sexist,train
sexism2022_english-8866,wouldnt say really gender thing politician treat military like theyre disposable whether theyre male female,not sexist,train
sexism2022_english-14370,maybe karma strike as gunned street,sexist,train
sexism2022_english-14298,like reporter story great sense humor called everything jew junky,not sexist,train
sexism2022_english-8546,pretty sure would intimidating deal stronger female competitor plus sport weight class would relevant general,not sexist,train
sexism2022_english-4392,miss 70 men real men football real football,sexist,train
sexism2022_english-10111,correction conservative prone medium witch hunt pinning dubious sex harassment claim liberal prone medium hiding sex harassment case url,not sexist,test
sexism2022_english-17820,hollywood never allowed opinion kind speak publicly without psych evaluation actual group trained drs field liberal psychsociopathic behavior,not sexist,test
sexism2022_english-2930,jackie kennedy marlyn monroe style finesse trump blonde bombshell day week speakfreely,sexist,train
sexism2022_english-12352,orwellian california bill would punish speech resist lgbt agenda url via user user,not sexist,train
sexism2022_english-18444,wont fuck woman jerk,sexist,test
sexism2022_english-15611,dont think get mom whole poor pay jail system kinda fucked,not sexist,train
sexism2022_english-758,men ball survive jewish persecution coward die like woman url,sexist,train
sexism2022_english-10935,hot girl russian womens hockey league dyke central like uscanada hockey,sexist,train
sexism2022_english-18738,huma falling bridge recently still holed safe house,not sexist,test
sexism2022_english-17084,shes still awalt doesnt matter wife girlfriend hooker stripper gold digger sugerbaby camgirl ig thot get money ive stopped giving woman money,sexist,train
sexism2022_english-18861,like pro man like pro,not sexist,train
sexism2022_english-3470,haha every man ive known got married ended big fat gut basically personal slave wife,not sexist,train
sexism2022_english-19143,radical supposedly misogynistic notion woman adult take responsibility choice,not sexist,train
sexism2022_english-7679,ive read commie jew let russian mongol rampage germany raping killing woman,not sexist,train
sexism2022_english-15936,celebrity therei message men didnt rape jew,not sexist,test
sexism2022_english-14218,wasnt even aware never trans issue brought show thats said show lgbfriendly,not sexist,train
sexism2022_english-16378,girl pick fight knowing theyre wearing bra another kind crazy,not sexist,train
sexism2022_english-3881,seriously read girl night bachelorette party educate,not sexist,train
sexism2022_english-16098,men way likely physically assaulted men woman supposedly equal crime vagina isnt special,sexist,train
sexism2022_english-12533,jay lenos asian daughter,not sexist,train
sexism2022_english-16706,two student consensual sex changed mind cost 12000 defend url,sexist,train
sexism2022_english-8405,parenting tactic wouldve produced clueless beta manipulative selfrighteous bitch,sexist,train
sexism2022_english-18037,obummer superb job fostering hate division america,not sexist,train
sexism2022_english-12442,war gamesexcellent blast past,not sexist,train
sexism2022_english-5733,nah dont give shit taking picture life scrapbooking female brain shit honestly,sexist,train
sexism2022_english-5992,mainly attracted asian woman white fever 10 ex white boyfriend,sexist,train
sexism2022_english-1947,send way ill deal em 10 second tag ill take care ive spent year destroying fucker lol,not sexist,train
sexism2022_english-5911,see point snapchat social mediabitches use validation reacted positively festival kept staring orbiter would keep looking shit,sexist,train
sexism2022_english-9922,kick ball first jail old bitch,sexist,train
sexism2022_english-19696,kinda ironic considering problem come much bad acne sleep apnea shrunken ball hairloss etc,not sexist,train
sexism2022_english-14783,argue country needed man simultaneously argue woman needed,not sexist,train
sexism2022_english-6263,russian collision proved fake 30 year ago woman accused cavanaugh called raping proof,sexist,train
sexism2022_english-13563,book suggest made impact life way talkattract girl im starting would need help could get get part life handled thanks,not sexist,train
sexism2022_english-16275,telling get dog girl love,not sexist,train
sexism2022_english-11838,look retard call intelligent,not sexist,train
sexism2022_english-18281,fact male picture used reverse sexism also make idiot thing reverse sexism sexism problem people say reverseevolution deevolution evolution,not sexist,train
sexism2022_english-19801,dont lad wallstreetbets would agreeshe supposed one ended disappointing like rest,sexist,train
sexism2022_english-10687,saw corner eye didnt see yet could tell walked away fuck im unblocking ever see ignore say anything,not sexist,train
sexism2022_english-15565,depends chad doesnt give fuck casual sex serial monogamist,not sexist,train
sexism2022_english-10109,user followed user gabfam make gabfam vote lame post make alright book hope count equally bad taste,not sexist,train
sexism2022_english-17335,well didnt dont child together im skeptical whole making quit job thing know maybe actually think expectation would get new one less male customer,not sexist,train
sexism2022_english-2001,also study showing womens attractiveness rating men differs wildly viewing static picture versus video seeing man person opposed even much men rating woman differ,not sexist,train
sexism2022_english-16804,boomer seems angry defiant maybe wife left destroyed family could go fuck nigger,not sexist,train
sexism2022_english-605,didnt actually get day without woman im little disappointed,sexist,train
sexism2022_english-11971,abortion clinic making killing daughter sister raped glob plan raise sharia peace baby,not sexist,test
sexism2022_english-13829,user concern like family mortality dealing country allow wife,not sexist,train
sexism2022_english-7592,sexist coco pop defeated 10yo girl wrote kellogg mum slogan url,not sexist,train
sexism2022_english-11447,hey lurking female please stop lurking post normie bullshit fucking retard,sexist,train
sexism2022_english-10865,facial structure fine seriously need skin care routine im talking moisturizer face wash toner etc haircut smile know talk girl,not sexist,test
sexism2022_english-2547,plagued since first came cuomo deblasio put lid quickly hope there still honorable men woman nypd come forward release truth,not sexist,train
sexism2022_english-12043,report watching pee,not sexist,train
sexism2022_english-11804,clinton memory long always get payback hillary win use everything power destroy trump url,not sexist,train
sexism2022_english-11938,sir cliff richard tell high court forever tainted farleft hate group user coverage police search home url via user,not sexist,test
sexism2022_english-8904,unfortunately would impossible prove came especially since symptom take 14 day show police say could came anyone,not sexist,test
sexism2022_english-4390,sex outside marriage fornication anglin harlot deep pit adulterous woman narrow well surely lurks robber increase faithless among men dont trust hoe,sexist,train
sexism2022_english-3760,besides destroy fabric human unity much besides faggot puppet nwo fuck as much,not sexist,train
sexism2022_english-12750,fucking beard hijab wearing piece shit,not sexist,test
sexism2022_english-14008,stop witchhunts get work maga americafirst url,not sexist,train
sexism2022_english-12738,im pretty sure pink circumcised fake indian female account nice touch real simple pen paper shit skin fucking troll,not sexist,train
sexism2022_english-12406,rebuke female nature,sexist,train
sexism2022_english-4541,thing listed petty unimaginable men believe agree woman every day nuisance like woman think men complaint petty nuisance,not sexist,train
sexism2022_english-13137,like company also want independence want relationship title want relationship title look elsewhere,not sexist,train
sexism2022_english-5627,know majesty wont let britain dont lie front bbc itv skynews nbc abc cnn said want come invited associated soros dsughter wanted terrorist hiding saudi cobra mod location,not sexist,test
sexism2022_english-10155,girlfriend mentally retarded want politically correct feminist,sexist,test
sexism2022_english-2627,fuck spouting 2 head better one hopefully one stumble along recognize type relationship want chase allow dominate relationship fucked,sexist,train
sexism2022_english-13282,1 theyre looking see woman want social proof dont seem weird want 2 youre virgin lie fake till make girl lost virginity thought slept 7 woman lol,sexist,train
sexism2022_english-7407,8 officer injured 2 teenage girl 18yo boy hahahano wonder terrorist emboldened commit atrocity uk police pussy,sexist,train
sexism2022_english-18020,dont sibling thankfully normiechad sibling god forbid sister dont even want think id,sexist,train
sexism2022_english-10359,ucommanderheman,not sexist,train
sexism2022_english-135,nobody care get fuck,not sexist,train
sexism2022_english-10099,fuck nine mm get arab fuck monkey,sexist,train
sexism2022_english-9730,pretty sure get point people hunting like as,not sexist,train
sexism2022_english-13273,wonder talk say doctor going repeatedly running wall talk buck killing argument cope single motherhood living stis,not sexist,train
sexism2022_english-9285,person ever expect others treat body respect treat body cant treat like shit expect everyone else treat like pretty little precious princess,sexist,train
sexism2022_english-18166,adopted daughter gay muslim man linebacker gorilla costume produce child,not sexist,train
sexism2022_english-18453,think harmonious prehistoric matriarchalpatriarchal peace still exists various part world theyre free make tribe go live jungle somehow sure prefer society,not sexist,test
sexism2022_english-16452,people choice scumbag cultural marxist journalist always claim speak behalf people merely speak leftist antiwhite asshole,not sexist,train
sexism2022_english-13995,white trash tranny meth whore white woman hate vilejewliar,not sexist,train
sexism2022_english-19695,even looksmatch girl would match,not sexist,train
sexism2022_english-2344,stop giving fuck woman think shes mom talk fuck woman want dont say cringe boo shit beta cucked,sexist,train
sexism2022_english-15343,really dont get upset litterally lost nothing didnt even get sex good,sexist,test
sexism2022_english-468,would want turn around dont even know girl seems annoying time waster self respect find better option,not sexist,train
sexism2022_english-11061,man whore around youre comparing apple orange male equivalent slut sex man dude give commitment girl immediately meeting,sexist,train
sexism2022_english-14345,cant get woman shit personality maybe creepy turn woman away,not sexist,test
sexism2022_english-14544,one thing like shitholes beautiful smell 420 goodness danky smell grow adore like woman one dream,not sexist,train
sexism2022_english-2950,podesta tell someone want work hillary stay 100 mile away maga trump url,not sexist,test
sexism2022_english-7179,actually transgender might still trait sex youre trans woman might still male muscle mass youre awaitwhats agender fuck demigender choose apply,not sexist,train
sexism2022_english-519,willfully blind stupid,not sexist,test
sexism2022_english-7856,woman know real life care slut shamed sorry sorry,sexist,train
sexism2022_english-10472,asshole,not sexist,test
sexism2022_english-7358,damn writing pretty chaotic,not sexist,train
sexism2022_english-12097,waaa girl hate look would fuck asian girl asian gross,sexist,train
sexism2022_english-2751,woman want money thats woman want 99 activity maximizing profit men men chase pussy woman chase money,sexist,train
sexism2022_english-1889,default assume every male feminist secretly abuser andor rapist prove otherwise,not sexist,train
sexism2022_english-18229,youre overthinking completely whether sit next next time see talk ask,not sexist,test
sexism2022_english-6949,arent goblin always whining woman cunt fuckin goblin man cast magic missle summonergeeks so2006 throwback hastagsarestillcool,not sexist,train
sexism2022_english-7625,whale banned land,not sexist,train
sexism2022_english-10908,strange several shade lighter painting arm look like ape arm url,sexist,train
sexism2022_english-9076,shes looking buddy brooo throw sexual innuendo,not sexist,train
sexism2022_english-6132,url said voting demonrats,not sexist,train
sexism2022_english-12419,grew jew would run,not sexist,train
sexism2022_english-9907,proof female good leader,sexist,test
sexism2022_english-4592,dont delete gab friend unless left winger delete many cunt wish,sexist,train
sexism2022_english-1917,girl like attention get desperate,sexist,test
sexism2022_english-2408,woman sex incels theyre attracted shouldnt sex someone youre attracted called hypocrisy,not sexist,test
sexism2022_english-7183,really harassed reason rinsubs said hate gotten triggered post smh really bitch,sexist,train
sexism2022_english-15185,think one top left interesting design however zero interest,not sexist,train
sexism2022_english-2485,manslaughter charge lying whore destroyed family 3 article ive read none say name lying whore dat female privilege,sexist,train
sexism2022_english-19577,continues lawsuit may actually respect fellow,not sexist,train
sexism2022_english-953,hey lady dont stupid follow lauren southerns lead shes smart pretty woke af good combo url,sexist,train
sexism2022_english-10460,rt realcandaceo democrat party strict guideline black people must behave also guideline woman must support complicit thing today democrat url,not sexist,train
sexism2022_english-5147,getting woman like going walmart shit walmart still shop faggot literally laughing loud,sexist,train
sexism2022_english-13371,agree womens body literally vehicle new life come existence power transcends sexuality limit womens body sexual desire fetishize really disturbing,not sexist,train
sexism2022_english-19851,liberal room assault weapon ban back soon along ban high capacity magazine,not sexist,train
sexism2022_english-8329,look like female hitler url,not sexist,train
sexism2022_english-2405,want closure fuck shit saying ltr nice need meet discus hard next,not sexist,test
sexism2022_english-239,try making contact female youre creep dis iz u inkzel dont try making contact female youre shutin dis iz u inkzel damned damned dont,not sexist,test
sexism2022_english-10657,im female gay otherwise yes,not sexist,train
sexism2022_english-1137,there another photo guy rescuing two small dog one tucked arm cognitive dissonance longing man like rattling lot feminist mental cage male female,not sexist,train
sexism2022_english-11656,dude waaaayyyy early decide want start relationship see month making decision,not sexist,train
sexism2022_english-7534,user love coat beautiful colour fun modern cut whilst staying classically elegant,not sexist,train
sexism2022_english-13405,youre making complicated youre fun talking naturally flirty ask straight shes good warmed hide turn complicated,not sexist,train
sexism2022_english-2560,exercise motherfucker need,not sexist,test
sexism2022_english-13987,dead twice pretty hard know happens dont care think like buckle otherwise get ready go home quick dont say afraid never said going hell like saddle,not sexist,train
sexism2022_english-5100,gorgeous girl,not sexist,test
sexism2022_english-15064,thats middle east like also change allegiance dime url seems cunt edited half speech thats one thinking watch longer one youtube gaddafi call saudi,sexist,train
sexism2022_english-9422,oh well bet know well want riding cock carousel,sexist,train
sexism2022_english-9281,woman terrified men controlling sexuality men wanting fuck woman literally reason woman survive,sexist,train
sexism2022_english-676,shes right pointing finger cause yet url,not sexist,train
sexism2022_english-14116,want hurt others get back mom im sorry didnt get good mom thats crazy,not sexist,train
sexism2022_english-5669,user ok say woman greater empathy better caring communicating simply cant say men logical rational,sexist,test
sexism2022_english-12036,shortcut mom,not sexist,train
sexism2022_english-8155,yep relationship fucking men dont need buy cow pushing 50,sexist,train
sexism2022_english-1034,bitch ought husband cock silencing stoopid jewshitbabbling mouth,sexist,train
sexism2022_english-17900,ask picture agree fuck want walk road open phone show plate otherwise disrespectful b move get op committed,not sexist,test
sexism2022_english-1181,thousand swede insert microchip body url,not sexist,train
sexism2022_english-6946,thank god wife like lady crazy,not sexist,train
sexism2022_english-12000,humpfbolt damn right bolted,not sexist,test
sexism2022_english-17355,hell sergei ill take daughter like day one thats university came back pierced nipple pink hair sjw slogan painted bare breast pretty much look like normal girl stuff,sexist,train
sexism2022_english-2074,jfl gigaton cope,not sexist,train
sexism2022_english-13827,user well bikini girl life say good luck san fran lmao,not sexist,train
sexism2022_english-4539,dont blame constitutional conservative tea party bailouts opposed industry bailouts regulation subsidy function progressive marxist wait wait nazi,not sexist,test
sexism2022_english-16124,there nothing wrong girlfriend like guy said dont get mindset bad getting girl less emotionnaly dependant,not sexist,train
sexism2022_english-4309,woman say fuck marriage shes strong independent man say fuck marriage he misogynist cult misandry male shaming,sexist,train
sexism2022_english-7517,send cholas sicarios machete wielding gang yearning slaughter freely lift lamp beside taco truck mpcstatusupdates,not sexist,train
sexism2022_english-7320,without glass look like hillary clinton,not sexist,train
sexism2022_english-19889,official feminist turn back woman url leftist feminism bigotry islam,not sexist,train
sexism2022_english-13270,female reporter j owen old man spit female reporter showing aclu event youtube url,not sexist,test
sexism2022_english-1996,cope even age 50 life infinitely better incels even normies life ever,not sexist,train
sexism2022_english-1291,nowall rapist thief know name know city know armed weapon brilliant know left ownliberals would go extinctfast,not sexist,train
sexism2022_english-2557,dont crush stamp wont remembered 100 year anything abomination,not sexist,train
sexism2022_english-13113,name like shep sheppard marked liberal birth fox news confused little girl nut dont watch spy,not sexist,train
sexism2022_english-10105,talking heraldomaddow referring first time saw chelsea clinton fat misshapen deformed face either could creep one absolute fuck,not sexist,test
sexism2022_english-1258,arent guy said look like need good fuckingor something along line cant remember exactly,not sexist,train
sexism2022_english-19228,cruel whats coming ahead make moment seem like happy birthday party way would gulag never forget thatno sympathy pity war childrens survival oh f,not sexist,train
sexism2022_english-3416,like theory practice tell usually enjoys immensely perhaps sudden widening trachea,sexist,train
sexism2022_english-16495,yeah suck white man see inferior promoted u woman going savage half breed child tow left lose,sexist,train
sexism2022_english-17948,id say bottom propagandist politics report capitalism,not sexist,train
sexism2022_english-8236,depends want guy already know like might well shoot shot likely op guy keep he 6 month 12 month later hell still orbiting friend zone,not sexist,train
sexism2022_english-2303,say make want tie force watch eat porterhouse steak pork loin roast greasy hamburger hot dog fried chicken fried turkey bacon,sexist,train
sexism2022_english-15367,bit aggressive agree point everyone hypocritical could easily gone different way didnt pain asshole well,not sexist,train
sexism2022_english-19691,think find people attacked nigger call criminal,not sexist,train
sexism2022_english-13206,url explains double name funeral hope true execute public gabfam treason wwg1wga uniteamerica voterepublican saveamerica thegreatawakening thepain,sexist,train
sexism2022_english-4079,man invests completely woman hasnt made anything abdication manhood user url,sexist,train
sexism2022_english-1944,regular photo kind risque might suggest something bit sexy see girl like wont mind bit show feminine wile,sexist,train
sexism2022_english-2666,call cop sue defamation girl generally pathological liar would easy cop go story change regularly fly,sexist,train
sexism2022_english-13238,grab ballsacks wanker walk woman talk wtf,not sexist,train
sexism2022_english-6924,banned posting louder crowder video hate speech 9 yr never naughty stepped zapped beyond idiotic,not sexist,train
sexism2022_english-8937,really hate control freak glad mine bunch creep guy like woman matter people want live free hate,not sexist,test
sexism2022_english-12123,live texas illegales rape woman kidsfrequently almost always socalled indigenous people walk lie rape part culture part rural mexico central america,not sexist,test
sexism2022_english-7906,gas station manager fired telling mom whose son life support work fired url,not sexist,train
sexism2022_english-10609,watch jimmy carr deal heckler shit test,not sexist,train
sexism2022_english-10994,finger penis,sexist,train
sexism2022_english-6085,sure murder bunch men way better female murder,not sexist,train
sexism2022_english-14761,well clearly show chance trump maga pimp allowed fuck opra url,not sexist,test
sexism2022_english-5720,dont particularly want dox many white guy outside manila cebu said provincial city maybe left philippine good never coming back due girl situation ran start telling reddit,not sexist,test
sexism2022_english-15142,last thing want think reddit pasty nerd erection,not sexist,train
sexism2022_english-16003,still warrior woman inside user,not sexist,test
sexism2022_english-19121,standing together one country one nation god willing destroy religion constitution vote vote vote help others vote stand together cant fail,not sexist,train
sexism2022_english-14006,truer word cant spoken need welcome european refugee woman child men take back country without reprisal enemy amongst,not sexist,train
sexism2022_english-6691,dude yes hot garbage much sjw crowd girl decries racism none none fucking anything white soyboys give shit girl take pound brown town,sexist,train
sexism2022_english-19547,sand nigger cunt joining hubbyorex hubby jail soon enougheither way sand nigger going jail,not sexist,train
sexism2022_english-6387,hmm yes logic quite sound mean would men object objectification abuse woman smart u xmod2 certainly alpha male youre,not sexist,train
sexism2022_english-159,thing say never heard song written woman,not sexist,train
sexism2022_english-19746,went pc world get laptop wife bastard wouldnt deal said preferred cash,sexist,train
sexism2022_english-6040,im seeing anything showing deserved unless provide something youre piece shit judging pompous youre comment post title id say aint got shit youre trash,not sexist,train
sexism2022_english-19167,little girl youre really bosscome back tomorrow find,sexist,train
sexism2022_english-11642,im pretty sure woman capable feeling guy go around comparing sex doll dog would know,not sexist,train
sexism2022_english-19474,disgusting hag even disgusting simps wife whore,sexist,train
sexism2022_english-4634,suck uncircumcised cock collectivist shitfuck birth race blind chance something inherit earn woman havent earned shit go back pol,sexist,train
sexism2022_english-1839,remember herman cain presidential campaign 2012 sexual misconduct accusation 1 woman came forward mess settle democrat found another woman democrat found 2 woman sunk campaign odds url,sexist,test
sexism2022_english-15708,biden masher someone adolescent say experience flatter girl smelly old man take liberty body say nasty presumptive crap make feel dirty ashamed,not sexist,train
sexism2022_english-15434,he really approachable earth guy meet chat turkey operation pretty huge think 1300 bird,not sexist,test
sexism2022_english-11928,go kellyanne kick as jersey girl,not sexist,train
sexism2022_english-16348,well self avowed misandrist problem one else behaves much better,not sexist,train
sexism2022_english-5546,exactly buy shes prostitute,sexist,train
sexism2022_english-19591,white man need rescue crazy as judeomarxist parent,sexist,test
sexism2022_english-285,start giving cold shoulder dont focus much,not sexist,test
sexism2022_english-12795,shall pain woman travaileth,not sexist,train
sexism2022_english-9590,almost look like woman pic almost,sexist,train
sexism2022_english-4593,kid youre angry incel ive seen,not sexist,train
sexism2022_english-2101,ive never seen many pissed female life one one manylol,sexist,train
sexism2022_english-8166,based would say come average citizen hisher gun stop asshole,not sexist,train
sexism2022_english-14097,theyre called ethiopian israel adopting since 1970s goodbye neonazi moron,not sexist,train
sexism2022_english-2217,men get free easy lay sexually attractive dont get horsie cock carousel period end discussion orgasm woman men,sexist,test
sexism2022_english-8687,thank goodness girl much freedom dress want 3,not sexist,train
sexism2022_english-4602,havent even made post yet already follower best part hot female want sex gab awesome,sexist,train
sexism2022_english-18894,except mother shit one make big deal,not sexist,train
sexism2022_english-2040,ex actually bully found ran girl went high school always picked smaller younger girl really funny considering yougogirl imwithher always feminist,not sexist,test
sexism2022_english-156,mother beat teen daughter 17yearold rival school fight url,not sexist,train
sexism2022_english-7922,there another subtext im really slut like woman,sexist,train
sexism2022_english-19561,white south african 75 million 1992 25 year today 35 million definitely dead 25 year altright nationalsocialist whitegenocide,not sexist,train
sexism2022_english-3880,9 isnt first time tara stirred public drama painting kind victim harassment alt right men,sexist,train
sexism2022_english-19174,teenage girl halal donkey meat,not sexist,test
sexism2022_english-18877,lincoln grabbed as back 52,not sexist,test
sexism2022_english-10610,long give explanation rating wont get banned love trolling girl sometimes,not sexist,test
sexism2022_english-5920,dont worry goy remember germanic reptilian illuminati death cult lizard merkel really hitler daughter qlarp,not sexist,test
sexism2022_english-5008,typical woman,sexist,train
sexism2022_english-11990,think something wrong dont see buying hooker going help op woman problem think something wrong work try get girl feel better,not sexist,test
sexism2022_english-18908,never mind skull thick want avoid certain kind obnoxious person indeed better avoid feminist like bowl chocolate apology time wasted,sexist,train
sexism2022_english-4082,relationship typically dont survive polyamory mostly miff kid involved buy mitsubishi pleasure wand ride idiot,not sexist,test
sexism2022_english-12110,ugly whats point know lot ugly dude everyone therefore know everyones sex life know girlfriend ive met,not sexist,train
sexism2022_english-9109,thats many guy struggle woman think asian woman submissive white also asian woman light skinned ignore ethnicity,sexist,train
sexism2022_english-17393,sure ever brain,sexist,train
sexism2022_english-4115,use hinge girl serious meeting ive fucked hinge girl year nothing tinder bumble,not sexist,train
sexism2022_english-4862,mika see boyfriend joe cry murder trial former girlfriend remember one murdered blow head,not sexist,train
sexism2022_english-11978,bullshit settling enabling whatever afraid real demand anything woman happy real men see superficiality selfishness would prefer alone,sexist,train
sexism2022_english-12666,gay men sexual interest child url,not sexist,train
sexism2022_english-18625,reminder vote party enslaved black lynched black segregated black abort black,not sexist,train
sexism2022_english-2894,he great liar cheater always cheater see men date woman cheated good lying id say terrible lrt material,not sexist,train
sexism2022_english-11105,fuck shit man get angry bitch dont like fuck work get rich one day elected senator fuck daughter,sexist,train
sexism2022_english-16166,40 year shell complain forced exploiting sexuality order feed sue mankind maga feminismiscancer,sexist,train
sexism2022_english-8272,bring local section 8 housing show street crazy cat lady tell woman believed could better there nothing shes,sexist,train
sexism2022_english-11122,missed thread graveyard deleted arrived could see female getting roastbeef flap twist response deleted toplevel post wanted see getting toasty firsthand,sexist,train
sexism2022_english-12579,dewhite mann radio show anti antifa radio headline dewhite say antifa foul mouthed immature coward hate responsibility listen dewhite man say antifa click link url,not sexist,train
sexism2022_english-865,harry happy man one else blame obvious misery many gorgeous girl stumbled nigger hooker making mockery public url,sexist,train
sexism2022_english-12513,prof wife nice person mean pregnant puppy one must first bitch,sexist,train
sexism2022_english-9471,wmaf relationship accepted interracial pairing,not sexist,test
sexism2022_english-11327,hillary blamed honest abe lie story presidentialdebates,not sexist,test
sexism2022_english-4006,maybe part reason youre successful hotter woman lack experience easier game help work approach close come across suave motherfucker want training wheel,sexist,test
sexism2022_english-17836,cant wait till jackass dead,not sexist,train
sexism2022_english-18262,religion marriage duty usually thing place make happen arranged marriage example matchmaker kind thing,not sexist,train
sexism2022_english-11736,im saying ive fucked like 4 white chick lol 1 asian well 2 count half white half asian point get white girl im incel want pointer advice,not sexist,train
sexism2022_english-8474,people disgrace dont even care,not sexist,train
sexism2022_english-9002,wtf care online ltr potential care nothing sadness desperate buthurt,not sexist,test
sexism2022_english-13960,guy definitely going attempt rape someone,not sexist,test
sexism2022_english-1573,tfw wanting play sex modded skyrim wife sitting right next url,not sexist,train
sexism2022_english-18289,give girl waiting something happen stopping moving cut loss start afresh,not sexist,train
sexism2022_english-10632,felt woman like dog need master lead satisfying life disgusting misogynistic beyond word,not sexist,test
sexism2022_english-14551,suck knowing sexpat knocked mom raised sexpat deal constant toxic presence would lot worse least damage capable done,not sexist,train
sexism2022_english-19568,lol laugh pelosis brown pet turn even fed one,not sexist,train
sexism2022_english-9419,good news voice islam rise,not sexist,train
sexism2022_english-5925,thots allowed,sexist,test
sexism2022_english-7891,larping female muslim black life matter supporter pay guess,not sexist,train
sexism2022_english-18198,older incels poisoning dont competition teen girl conclusion come,not sexist,train
sexism2022_english-1820,youre gf dancing others guy front bottle shes giving obvious sign affection kiss girl,sexist,train
sexism2022_english-18736,shes right faggot man lay rot,not sexist,train
sexism2022_english-6165,user good 1 2 follow shes smart pretty,not sexist,train
sexism2022_english-9085,feel like shit everyone hate win,not sexist,train
sexism2022_english-853,user got fucked jew,not sexist,test
sexism2022_english-14163,hope crowder put final nail nigger lovin coffin,sexist,train
sexism2022_english-2927,daughter need hot n heavy handson private quran instruction oh yes indeedy mohamed hasans man girl shall know moist mitt mohamed pbuh url,not sexist,test
sexism2022_english-16621,ivanka trump committing genocide upon jew hate sometimes diversity okay done right reason,not sexist,train
sexism2022_english-6059,url woman want equality equality come knocking as feminism damnpatriarchy,sexist,train
sexism2022_english-9601,trump dropped bomb nfl one genius move shame every kneeler url,not sexist,train
sexism2022_english-12300,ask come wash stain washing machine broken,not sexist,train
sexism2022_english-11543,steve scalise roger williams shot virginia aide also hit url,not sexist,train
sexism2022_english-7055,web full right wing site 10000 true fan mostly dimwit woman blew smoke admins as year lost 90 contributor,sexist,train
sexism2022_english-501,see therapist make sure female one go havent found right person yet,sexist,train
sexism2022_english-12048,lol go naked cant hot bodyconfident undisciplined woman often look like trouble dressing anyway might feel bodyshamed,sexist,train
sexism2022_english-9712,fear mean kill grown woman keep female childrenbabies,not sexist,train
sexism2022_english-874,yeah ceo 50 woman okay sewage worker overwhelmingly men thats icky city got hit blizzard winter men cleared road restored power woman made cocoa moaned facebook,sexist,test
sexism2022_english-3608,people never bald forceps bitch,not sexist,test
sexism2022_english-15745,must rich im using race excuse know societal internal bias woman view asian black hispanic race unattractive even though thats true,sexist,train
sexism2022_english-14139,thats crack mom sold trip,not sexist,train
sexism2022_english-9802,yes arent even dating fucking girl freaking shes respondind shes road trip quit creeping instagram chill man,not sexist,train
sexism2022_english-18639,1 google take good selfie 2 woman also take 30 pic keep one good one sound like youre enforcing helplessness,not sexist,train
sexism2022_english-9372,barber shop cigar bar socially acceptable nongay men space public life current year america,not sexist,train
sexism2022_english-977,white woman date minority men culture point end marrying white chad,sexist,train
sexism2022_english-13982,oregon gov tell trump wont send troop border good go jail thats something federal govt dick around liberal jail sound good dog face fit rt url,not sexist,train
sexism2022_english-10429,ok let hope go home stress eats everything sight blow fake heart,sexist,train
sexism2022_english-2747,meet installed buderus boiler riello burner process installing radiant floor heat spendy 7 gal heating fuel,not sexist,train
sexism2022_english-6398,cool story lady,not sexist,train
sexism2022_english-1603,say waive pr entire debt cut loose longer u territory regulate immigration good u,not sexist,train
sexism2022_english-182,user unless annex cayman island conquer switzerland hillary need within spittin distance loot,not sexist,train
sexism2022_english-2463,look trp im sure content threesome havent fucked either maybe fuck girl actually desire instead trying force way girl isnt interested mate,not sexist,train
sexism2022_english-1709,rep sheila jackson lee frequently mo impotant whitey first class also pretty damn stupid,not sexist,test
sexism2022_english-6272,user think thats point user making sealed indictment let see also said suffered enough people swamp asshole want suffer,not sexist,train
sexism2022_english-206,huh maybe shes got someone else picture ex back life maybe revenge cheating bf changed mind maybe another dude beat punch,not sexist,test
sexism2022_english-2884,since saturday even islamic radical running amuck throughout uk fr germany world wide need take break laugh go boy girl,not sexist,test
sexism2022_english-7609,shouldve asked also woman hate taking picture people want photo one fair wanting picture asking man problem,not sexist,train
sexism2022_english-634,three group destroy trump presidency blow away url,not sexist,train
sexism2022_english-5825,davis lovic u army school crap burning police chief muzzie muzzie sharia law say muzzie kill infidel aint muzzie next question,not sexist,train
sexism2022_english-15370,oh yeah definitely observation woman dont tend stable individual,not sexist,train
sexism2022_english-11462,raping old white woman exclusively black thing ever hear white men raping black womenespecially old black woman url colin flaherty tell u black white violencesupport,not sexist,train
sexism2022_english-3488,fucking love user wish would come back apparently got tired jewhatingracisttroll idiot thanks asshole url,not sexist,train
sexism2022_english-16842,whole triracial im white cant racist vox meme cucky shabbos goy milo make shekel selling ok white shirt coopting 4chan,not sexist,train
sexism2022_english-4277,pay touch pasty leg whoopie,not sexist,train
sexism2022_english-14984,hey ya know movie franchise kickass welltheres new one coming costume white kid replaced black woman diversity,not sexist,train
sexism2022_english-5045,really like idea know lot people especially get complacent able talk girl casually shooting shit might something like really get,not sexist,train
sexism2022_english-7470,absolutely revolting pray got safe good lord,not sexist,train
sexism2022_english-5209,hasnt twatface twatted horror concertit probably putting vicks demoneyes showing sad,sexist,test
sexism2022_english-19550,dont need woman day use word manmen either shaming blaming complaining,sexist,train
sexism2022_english-2791,went school see ended stupid,not sexist,train
sexism2022_english-2520,mollie grounded patriarch molly tibbets equal right self defense sucked screw really glad dead dead woman killed immigrant better,sexist,train
sexism2022_english-18323,maybe could vary voice sometimes noble human trollish goblin voice always identical voice acting,not sexist,test
sexism2022_english-1108,ugly chick pussy pussy,sexist,train
sexism2022_english-6531,account sound like two woman thought ran every thing show one,not sexist,train
sexism2022_english-8162,dont go ask mother,not sexist,train
sexism2022_english-6360,left 14 word must secure existence virtue signaling future wife child,not sexist,train
sexism2022_english-10059,must require annual physicals include mental check something seriously wrong woman shes totally unhinged,sexist,train
sexism2022_english-6666,mind blown get asked im gay girl nearly weekly,not sexist,train
sexism2022_english-18156,sound like youre douche possible liar dont spend money woman get,not sexist,train
sexism2022_english-328,user make life supporter life living hell aww kidding well either way,sexist,test
sexism2022_english-6135,became friend woman would desire sxually celibate,not sexist,train
sexism2022_english-14266,give pointer girl start thing voice turn babyish squint eye,not sexist,train
sexism2022_english-11109,rbreeding people need get fucking life,not sexist,train
sexism2022_english-18862,oh great refused give web site however seems also making email list typicallolol,not sexist,test
sexism2022_english-9472,yeah thats false statement since beginning dumb person stated,not sexist,train
sexism2022_english-2058,hope doesnt pay rent neither minimum wage compete h1b slave work clock wage security american working free market restricted american worker pay rent,not sexist,train
sexism2022_english-8730,didnt legalize bestiality goat fucker,not sexist,train
sexism2022_english-2877,besides chad hit 4 chord woman think he virtuoso kek,not sexist,train
sexism2022_english-9291,vast majority disdainful individual happen woman,sexist,test
sexism2022_english-4943,shes real woman reckless,sexist,train
sexism2022_english-17942,kind guy thatll make series bad decision involving woman crime end jail keep virtue signaling hate guy hit woman hell made someone bitch weak little bitch,sexist,test
sexism2022_english-8396,poor fakenazi dont take order anyone definitely feel free sit strapon spin tear joy run pathetic face run along little man mommy lunch ready,not sexist,train
sexism2022_english-8199,fuck pirror fucking psychotic moron,not sexist,train
sexism2022_english-1762,url smart woman choose weak men,sexist,train
sexism2022_english-4068,fuck one multiple girl approach thats im understanding must great facebody,not sexist,test
sexism2022_english-9288,bro hit gym hit hard,not sexist,test
sexism2022_english-8243,meant general wouldnt surprised given little woman get,not sexist,train
sexism2022_english-11675,url crime wave germany crack start showing female narrative,sexist,train
sexism2022_english-7205,lmao tbh felt kinda sad part believed girl good girl discovered hoe like others,sexist,train
sexism2022_english-4638,course neonazis relationship doesnt make good people sure shit doesnt mean woman wont offput fact he nazi,not sexist,train
sexism2022_english-3420,senator schaefer murdered exposing child protective service front child trafficking watch speech pizzagate url,not sexist,train
sexism2022_english-11013,missed didnt die poison cup,not sexist,train
sexism2022_english-18197,female whole food cleaning lady came men bathroom using day ago first time experienced since usually knock first,not sexist,train
sexism2022_english-12292,rt roxanne1958 home life must horrible sound miserable url,not sexist,train
sexism2022_english-15596,call bluff girl like hit hate hit people deem creeper hate attractive cool guy flirt fucking worse,sexist,train
sexism2022_english-18541,feeling nothing feeling feeling hate,not sexist,train
sexism2022_english-12652,yes hate woman carry dog supermarket post pic low iq quote loyality dog better human seems many user thing,not sexist,test
sexism2022_english-466,islam always right disgusting creaturesplease mgtow friend islam key woman sharia immediately,sexist,train
sexism2022_english-7102,user full size podium would make seem smaller camera guess forgot happens camera,not sexist,train
sexism2022_english-19523,url something wrong nancy pelosi check eye fixed expressionit could beginning som kind dementiawhich sadwanted leave politics defeated powerless,not sexist,train
sexism2022_english-9859,nazi antiwhite hate slur antiwhite,not sexist,train
sexism2022_english-11859,cant wait clamydia deshaniqua twerk crew cut abdomen multicultural,not sexist,test
sexism2022_english-11681,spent tremendous amount time trolling shitposting gab seeing happening today feel time grew focus effective weapon triggering people want destroy,not sexist,train
sexism2022_english-1461,attack asshole moron pal butt fuck buddy go hashtag mom asshole poor little trump pussy faggot,sexist,train
sexism2022_english-12248,female potentially might daughter one day terrifies found circle jerk victimhood hate towards woman,not sexist,train
sexism2022_english-11643,however slight chance hispanic would rather watch fat men interview hot bikini girl jacuzzi,not sexist,train
sexism2022_english-4159,user let play song trigger feminist male female idea claim song rape idiot,sexist,train
sexism2022_english-4854,lose ton viable lead way youre man men expected lead go instead waiting take initiative girl never,sexist,train
sexism2022_english-14161,reason 5 theyre attention whore looking validation favor free stuff,sexist,train
sexism2022_english-16438,actually scream fire crowded theater however someone get hurt ensuing chaos liable causing injury one run get hurt simoly get called dumb as,not sexist,train
sexism2022_english-4050,always outercourse anal freak,not sexist,train
sexism2022_english-2318,mollie white trash white woman reject non white sexual advance racist therefore life forfeited,sexist,test
sexism2022_english-9307,orbiter dont call woman mommy say course ill drive chad house mlady,not sexist,train
sexism2022_english-17630,say url,not sexist,train
sexism2022_english-10970,sign womens toilet state allow people use toilet sex identify please dont rape young girl unless youre really black really muslim really desperate,sexist,train
sexism2022_english-13006,amen sister,not sexist,train
sexism2022_english-13102,yeah hang pas younger men dont manipulated spending money woman like using weakness trade dried learn code,sexist,train
sexism2022_english-11098,til revealing truth abhorrent nature woman complaining til warning men woman showing biggest liability success complaining til op idiot lazy troll,sexist,train
sexism2022_english-11548,shoe moving slighty left serious question usually little antifeminist taste,not sexist,train
sexism2022_english-18252,lauren southern billed 68k police security url weird article watch video stunt backfire one know point,not sexist,train
sexism2022_english-13469,mfw surrounded thots,sexist,test
sexism2022_english-9349,youll never ever rational discussion fds theyre basically hate sub teach woman use abuse men conscious sociopathy training,sexist,train
sexism2022_english-10794,bernie bitch got arrested leaking secret doc url,sexist,train
sexism2022_english-17689,president trump fat woman waking one day michelle obama able 8 year,not sexist,test
sexism2022_english-2439,men desperate female contact everyone strong incels pay escort least every couple month id go insane,not sexist,train
sexism2022_english-14254,helping someone doesnt anything romantic prospect wouldnt help old woman across road expect anything romantic return help people need help,not sexist,train
sexism2022_english-18915,famous british comedian said cant take sense humor u would turning grave today,not sexist,train
sexism2022_english-12312,taki played womens champ informal match even low ranked player beat good black btw crow lady go tv spew usual psycho babble inflames mass ass,sexist,train
sexism2022_english-981,think people rather act like cockroach steal work country make country great going stop corruptgeneseecom,not sexist,train
sexism2022_english-10974,exactly wife spent money shopping plus got credit card debt would nonissue least bit newsworthy giving charity somehow worse,not sexist,train
sexism2022_english-19987,omg think slay asian pussy already 5 asian girlfriend need 10 considered incel im going take whole continent,sexist,test
sexism2022_english-14582,user encountering gab sorry hear gab littered w antigay rant ignorant hate must end gab become useless posted earlier today g n according free speech useless litter,not sexist,train
sexism2022_english-17049,look angry woman womensmarch need march week fit anything stretchy pant trump maga url,sexist,train
sexism2022_english-19554,love woman ready call male find unattractive creepy older woman fucking case like rape young dude far frequent way around anyone creepy woman,sexist,test
sexism2022_english-12606,arnaud beltrame swapped female hostage kept phone police could hear going terror attack true hero url,not sexist,train
sexism2022_english-790,black dindu nuffins attack rape kill white woman child allowed publicly hanged front high school left 7 day,not sexist,train
sexism2022_english-6612,say glad ive married wonderful woman almost 17 year december false accusation std mind game unfaithful bitch ahem exwife etc,sexist,train
sexism2022_english-898,thats true ive hit multiple gay dude basically ignored female,not sexist,train
sexism2022_english-1273,day launch sequence vladimir yazdovsky took home play kid wanted something nice explained little time left live thisdayinhistory laika doomed spacedog russia url,not sexist,train
sexism2022_english-334,wife 3 kid incel,not sexist,train
sexism2022_english-8765,simple procedure snip snip burn burn done,not sexist,train
sexism2022_english-6773,deleted post delete post still get direct link show author deleted,not sexist,train
sexism2022_english-12866,father sucked jew dick mother orgy kazharian jew pop,sexist,train
sexism2022_english-2711,imagine messaging woman dumbass,not sexist,train
sexism2022_english-12222,wow speaking suicide prevention type confrence express kill men men majority suicideswtf,not sexist,test
sexism2022_english-5029,agenda item con policy meeting halifax made cringe watched michelle tip toe around trudeaus assault elder woman asking illegals cant vote con url,not sexist,train
sexism2022_english-2931,well toshie taxpayer pay housing heat utlitlites food clothing health care woman lied rape deserve punishment law moses prison,not sexist,train
sexism2022_english-18718,kid really asking bunch stranger internet fuck woman top stupid question week,not sexist,train
sexism2022_english-3276,went well said way get would leave guess went friend even went prettiest girl high school,not sexist,train
sexism2022_english-18266,illinois resident fleeing state ten thousand tax financial loss url aiding abetting corrupt system illinois,not sexist,train
sexism2022_english-6517,couldnt agree url,not sexist,test
sexism2022_english-922,london pub karaoke elephant castle 2017,not sexist,test
sexism2022_english-11329,good remark case looking provider guy badassgangstahobo vibe good looking shell hook even life hut,sexist,train
sexism2022_english-15195,shit wouldnt happen woman werent attracted aggressive dominant men woman stopped sexually selecting type man type violence would die generation,sexist,test
sexism2022_english-14398,forget people think men happy turned wild worldview anyone man woman upset getting sex without disturbing,not sexist,test
sexism2022_english-19040,nobody watch fucking retard rating drowning like sister,not sexist,train
sexism2022_english-13656,naked outdoors topic star fav url,not sexist,train
sexism2022_english-8111,like ex wife,not sexist,train
sexism2022_english-14572,ask girl number say boyfriend like reply youre boyfriend doesnt allow make new friend pretty good odds,not sexist,train
sexism2022_english-15816,get many follower like fucking sickos,not sexist,train
sexism2022_english-13213,bitch mother judge,sexist,train
sexism2022_english-6600,accurate shit test test general gauge youre alpha beta eye cant tell current gf,sexist,train
sexism2022_english-11104,actually thats point became pretty clear asshole guarantee woman aware open window ploy get blanket probably whole evening failed,not sexist,train
sexism2022_english-9180,masturbate loudly breathing mic banned repeatedly spam pleading sex threaten suicide say,sexist,train
sexism2022_english-13976,user hey sister waiting new vid url,not sexist,test
sexism2022_english-5938,dead,not sexist,train
sexism2022_english-9701,people retarded 16 yo girl cockready 30 yo cock respectable responsible prosecutor want marry 18 yo cock attached irresponsible guy may mechanic something one day url,sexist,train
sexism2022_english-17766,think might give go see worth anything one sexy mama hell try right expectation one gon na keep fun,not sexist,train
sexism2022_english-12951,chinese goose noisy general ive got white female talk lot especially compared gray toulouse female roman tuft gander pretty quiet,not sexist,train
sexism2022_english-15362,as,not sexist,train
sexism2022_english-12153,100 self harm cutting selfpurging food,not sexist,test
sexism2022_english-19097,let say yeah going change anything woman find man attractive circumstance every woman fall dude time season,not sexist,train
sexism2022_english-10162,aw sorry mommy hurt feeling know must devastated didnt get period got instead huge bummer,not sexist,train
sexism2022_english-3777,hahahahaha upset didnt aliceposting picture post shit jodie shitty arse dont know mean time,not sexist,train
sexism2022_english-1098,url see trudeaus trying pas law banning speech muslim hate crime get mosque shooting definitely think connected incanada canfam gabfam speakfreely,not sexist,train
sexism2022_english-1721,cucked whiteknight menginas ill point irony coming bunch crybaby claim going way yet spend time whining woman,not sexist,train
sexism2022_english-3863,aim ball lady,not sexist,train
sexism2022_english-408,well freddie mercury passed white mainly bcs nose jaw imagine fat curry nose long arab nose,not sexist,train
sexism2022_english-10167,nit common name head louse louse egg female louse lay 10 nit per day usually take 710 day hatch left untreated 30day lifespan louse lay 100 egg lifetime url,not sexist,train
sexism2022_english-15820,misleading titlethumbnail areit intriduced people started using sexy woman thumbnail view werent video,not sexist,train
sexism2022_english-7696,fucking cunt gall let name holy polluted venomous lip hope burn hell disgusting url,sexist,train
sexism2022_english-13564,woman ever pull knife argument pull bread mayo cheese instinct kick shell make sandwich,sexist,train
sexism2022_english-11571,maxine gutter trash trying pas informed citizen member congress decorm usually act like stepped hood,not sexist,train
sexism2022_english-17030,prostitute hire hitman kill new husband wanted inherit house saving url,not sexist,test
sexism2022_english-19013,yeah reiterate guy said let come even dont back 3 day wait go meet chick itll help mind dwell current girl,not sexist,train
sexism2022_english-6410,ive taken mean dont disqualify worrying whether approves flip interaction see shes someone find attractive qualify,not sexist,train
sexism2022_english-13117,user youre loser cant get hot american girlfriend want import cheap foreign hooker sum right,sexist,train
sexism2022_english-12833,lmfao wtf supposed mean crazy cunt something people mississippi lick bedpan take another narco stupid twat,sexist,train
sexism2022_english-10526,true enough youre outcome dependent youre going willing might necessary get girl also fuck loss going hurt yeah different worse thats,not sexist,train
sexism2022_english-13559,auction virginity 1 billion dollar see wealthy skank bite,sexist,train
sexism2022_english-14401,absolutely allow forgotten question get arrested uncomfortable truth come,not sexist,train
sexism2022_english-11308,people stop walking around acting like jew greatest thing since sliced bread cursed disagree jew leave jew one pierced,not sexist,train
sexism2022_english-18280,occasionally feminazi pretty really make great attempt looking like trained monkey round cock carousel hygiene start go doesnt last long,sexist,test
sexism2022_english-15647,kurd drug addict commie way wouldnt molest white girl,not sexist,train
sexism2022_english-4929,sorry expected spot traitor like good part whole thing,not sexist,train
sexism2022_english-17072,check thank,not sexist,train
sexism2022_english-7296,adorable size baby girl develop egg life inside ovary still womb baby still aborted size url maga,not sexist,train
sexism2022_english-7882,4500 yup aint twitter bitch go cry yo mama,sexist,train
sexism2022_english-2506,approached woman cowardly approach coward make better,sexist,train
sexism2022_english-7385,height 6 everything 6 figure 6 6 6 0 want everything woman cant happy,sexist,train
sexism2022_english-14127,woman,not sexist,train
sexism2022_english-5519,pc refer woman anymore anyone cervix shite url,not sexist,train
sexism2022_english-8127,conspiracy theory without fucking jew somehow masterminding everything,not sexist,train
sexism2022_english-1007,insist staying topic maybe stuck past way antiwoman left,not sexist,train
sexism2022_english-7410,douchebag peices shit deserve die,not sexist,train
sexism2022_english-19815,user guy right scream dad super abusive heard actually cut son hand poor kid mental trouble ever since ranging delusion granduer trying sleep sister,not sexist,train
sexism2022_english-2528,woman really receptive approached grocery store,not sexist,test
sexism2022_english-15497,could sell feminist smart rape whistle people throw money,sexist,train
sexism2022_english-19848,stop talking hit hot friend get jealous work favor friend might tell consider least youll option,not sexist,train
sexism2022_english-7695,nope virtue female responsibility,sexist,train
sexism2022_english-17125,relieved thats rape,not sexist,train
sexism2022_english-15210,personality total garbage,not sexist,train
sexism2022_english-13571,ask want hangout yep thats exactly want smash,not sexist,train
sexism2022_english-9240,shes one die get vasectomy idk seems dumb,not sexist,train
sexism2022_english-1676,nta free independent girl everyone make mistake age cant accept little mistake year ago he seriously pathetic brother,not sexist,train
sexism2022_english-15904,nothing wrote care think looking flower girl matter want keep looking vetting good men,not sexist,test
sexism2022_english-13098,u knew sheeit baltimore graduation ceremony middle school bc 70 black male drop rate much better chimp geneticsmatter,sexist,train
sexism2022_english-8977,millennial men may much sex see evedence woman slowing,sexist,train
sexism2022_english-16001,female bird exists mgtows reeeeeeeee,not sexist,train
sexism2022_english-8660,damn marriage even sucked back wonder tradcucks going say since think everything peachy back day sure female patriarchal control back still uber cunt deal,sexist,train
sexism2022_english-1013,find weaker female candidate promoted preference would resign immediately every male,sexist,train
sexism2022_english-5129,think love muslim still backwards mentality similar indian approach girl start throw stone try beat,not sexist,test
sexism2022_english-2067,piece authored intrepid ashley csanady lady tweeted 10yr old baron trump resting bitch face equating lunch refusal rape probably height intellectual prowess,sexist,train
sexism2022_english-6005,sound like drunk maybe something like would give best shot fun time bar last week friend gon na check weekend hit girl,not sexist,train
sexism2022_english-16768,short woman hand compliment woman taller however talk woman shorter see despise face,not sexist,train
sexism2022_english-5214,think issue shes bitching others make choice made earn less,sexist,test
sexism2022_english-7551,blowjob,not sexist,train
sexism2022_english-3235,rt user take bow maxine water rest clown url,not sexist,train
sexism2022_english-3645,cant believe husband forced arm men like,not sexist,train
sexism2022_english-2033,plenty men without child squarely responsible driving west dirt along woman make politics gender war,not sexist,test
sexism2022_english-13974,must put politics aside injects politics tweet glad bitch lost url,sexist,train
sexism2022_english-18679,arent supposed hit woman matter dosays dumbass simp wish officer could beat club,sexist,train
sexism2022_english-17676,bet as fbi looking crap almost every picture year book bottle hand aint coke url,not sexist,train
sexism2022_english-9295,serious omg worst white peopleor might even white oh loooove convient dated black woman fuck board,not sexist,train
sexism2022_english-12270,consider ashkenazics white certainly lot fucked people though lot,not sexist,train
sexism2022_english-17226,dragon lady fucking heart,not sexist,test
sexism2022_english-9868,cant argue much easier pick ugly girl look hot,not sexist,train
sexism2022_english-12004,1 pic text roseanne son literally thought valerie jarrett white 2 pic tweet major pharma company make ambien piling roseanne 3 drudge slam 4 thomaswictor thread url,not sexist,train
sexism2022_english-19055,user friend trying get web site gab handle user help thank,not sexist,test
sexism2022_english-4179,dont care shes lying bitch want make sex illegal screw er,sexist,train
sexism2022_english-2023,dumb something maximum amount wife one man 4 rare see guy 4 wife personally dont even know guy 3 4 wife wealthy guy afford 4 wife,not sexist,test
sexism2022_english-11357,deport sorry as back islamic paradise,not sexist,train
sexism2022_english-14914,well going wrong way ill tell also fuck havent banned yet grapeban back sr,not sexist,test
sexism2022_english-8086,involved haiti name back laura sislby gave child clinton congressional elite rape abuse kill,not sexist,train
sexism2022_english-16701,sex zone guy boyfriend cuck zone,not sexist,train
sexism2022_english-9468,black mother 5 time likely abortion white mother black tool someone doesnt want lot around starting sanger robber baron wonder anyones done math many would alive,not sexist,train
sexism2022_english-13747,imagine fan batchelorette packaged story million buy zero thought sluttiness happening behind camera,sexist,train
sexism2022_english-10967,yes talk especially isnt anything much else sometimes make start talking nonattractive girl might friend time may start get emotional connection,not sexist,train
sexism2022_english-10617,woman would kill treated like men idea coddled good society prop much imagine pussy coasting life,sexist,train
sexism2022_english-19951,couldnt care less female cheerleader nude im done nfl period,not sexist,train
sexism2022_english-12683,meetupcom ill give shot ill back home simply hope popular country yeah feel could somewhat interesting man woman bad rarely find woman nice conversation,sexist,train
sexism2022_english-19784,get girlfriend leave u alone,not sexist,train
sexism2022_english-5081,even care hilarys reading material kind man,not sexist,train
sexism2022_english-11629,liz thesepeoplersick twitter yes oprah going jail high make sad bc truly loved oprah foolishly believed good person qanon url,not sexist,train
sexism2022_english-9619,1 said im favor slavery muahahaha 2 yes kraut good job support political class would rather import bindis work instead educating american,not sexist,train
sexism2022_english-19650,retarded normie,not sexist,train
sexism2022_english-12537,half woman fallback partner standby always fancied case current relationship turn sour url there biological basis behind lot thing incels talk,sexist,train
sexism2022_english-879,cant believe shit national television,not sexist,train
sexism2022_english-5945,user tell trolling trolling good troll time hate woman youll never know,sexist,test
sexism2022_english-13808,jesus look could kill could kill child stare good thing shes female otherwise shed treated like adult criminal justice system,sexist,test
sexism2022_english-1628,thankfully didnt pay following back car didnt even try take tip understood,not sexist,test
sexism2022_english-7460,chad lite purely mental volcel old may still growing,not sexist,train
sexism2022_english-2093,incel murdered incels celebrating death,not sexist,train
sexism2022_english-5848,isnt female,not sexist,test
sexism2022_english-6972,lmaouser contest kafir female pig,not sexist,train
sexism2022_english-4701,thank source get sit disbelief woman could say,not sexist,train
sexism2022_english-264,fuck black mexi woman wear leisure,sexist,train
sexism2022_english-11908,motto pen test till megahertz,not sexist,test
sexism2022_english-16641,mom kind prude would surprised delighted hear slutty phase history,sexist,train
sexism2022_english-16477,kerpal going fuck lol short dick style,not sexist,train
sexism2022_english-8839,last jedi actually explains leia wasnt sad han dying kept going like nothing afterwards lesbian girlfriend han left got quickly,not sexist,train
sexism2022_english-14066,keep droning boy 4sd4sd4sd4sd,not sexist,test
sexism2022_english-8851,way around white trash ho,sexist,train
sexism2022_english-5099,mother real man would jump opportunity pay mistake,not sexist,train
sexism2022_english-15590,suicide fuel know id cum soon touch dick wouldnt even begin,not sexist,test
sexism2022_english-4443,woohoo finally offended raghead islamofacist terrorist aka twitter enough go twitter jail suck koran think im going give phone number restore account twittersucks twitternazis,not sexist,test
sexism2022_english-7715,im published mathematician im unmarried spinster audacity hold hand wait fuck multiple men oh also wear makeup shit,not sexist,train
sexism2022_english-2756,overall woman spend make guess who footing difference,sexist,train
sexism2022_english-1503,spend minute mgtow youll see 90 complaint woman idk youre talking,not sexist,train
sexism2022_english-12558,live nova woman idea good regard male dating pool yet still bitch complain men see,sexist,train
sexism2022_english-857,ugh huge debate idiot friend mine,not sexist,train
sexism2022_english-16203,seemed pratt far religious wife celebrity youre evenly yoked huge problem,not sexist,train
sexism2022_english-8957,hey christian existence making moossies mad stop evil vile subhuman,sexist,train
sexism2022_english-2806,demonstrably past due date,not sexist,test
sexism2022_english-18988,black man believe speak u say leave u nigga,not sexist,test
sexism2022_english-10703,dont know let tell experience hit 40 started getting much unsolicited attention woman would say hello first id regularly get enthusiastic hello back many woman,not sexist,train
sexism2022_english-13882,could always tell comic involving woman he cuck,not sexist,train
sexism2022_english-7934,youre 63 chad 2 dick find another chad maybe incel fuck sympathize,sexist,test
sexism2022_english-6235,youre accused youre guilty woman victim say youre innocent must delusional matt boermeester usc kicker removed despite girlfriend denial abuse url,sexist,train
sexism2022_english-18804,low sex drive point practically asexual fucking blessingwomen literally effect control anything,not sexist,test
sexism2022_english-15635,awesome guy study origin aryan,not sexist,train
sexism2022_english-14848,nothing virgin people virgin people arent hateful piece shit would make fun homeless woman like,not sexist,train
sexism2022_english-13852,virtual currency either gateway monthly patreon paycheck medium interview even job there reason try youre amoral asshole,not sexist,train
sexism2022_english-14916,translation sexually assaultingharassing woman almost good better consensual sex,sexist,train
sexism2022_english-9397,used think look didnt matter keep game tight want slap,not sexist,train
sexism2022_english-7506,jew target white girl young age u nigger doesnt get feminist take white father wake whitegenocide,not sexist,train
sexism2022_english-3797,aye set red pill pharmacy affordable price may shekel url,not sexist,test
sexism2022_english-15026,got kicked school id watch daughter class give gymnastics display without thinking instinct force habit took grabbed hold sexiest one tucked 20 note top leotard,sexist,train
sexism2022_english-13130,yeah online isnt working dont like louder social place youll need get hobby sister started playing coed sport meeting people way,not sexist,test
sexism2022_english-19522,tonite one night fagsonawire production present gay weebs dozzy geeky bitch tit,sexist,train
sexism2022_english-12190,disgusting past usefulness point,sexist,train
sexism2022_english-11449,even said allegedly blessing total fucking lie shes trying make sound like ok,not sexist,test
sexism2022_english-7165,sweden migrant rape cancersurviving mother child sleeping room url,not sexist,test
sexism2022_english-9610,feminist building sharia flawed family notice muslim left large mics arent fighting freedom muslim woman around world theyre celebratingpushing continued slavery,not sexist,train
sexism2022_english-75,alleppo shmelleppo medium report shipload garbage misinform gullible mass lady video know score whitegenocide draintheswamp speakfreely maga gabfam altright gabvets trump news fakenews url,not sexist,train
sexism2022_english-11382,homosexual controlling woman,not sexist,train
sexism2022_english-18026,aww look fatty used force unfollow im little pussy button fucking weakwilled little bitch fattphreys dumb think selfcensorship selfcontrol lol fat know selfcontrol user,sexist,test
sexism2022_english-7164,would say hey something funny responds ask shes free suck texting want get know,not sexist,test
sexism2022_english-17661,see chicken tendies go attack mode wat,not sexist,train
sexism2022_english-5702,say showed middle finger thats passive way describe flipping someone,not sexist,train
sexism2022_english-18571,sean davis fusion gps glenn simpson conceal congress last august retained service russianspeaking wife top doj official asked directly denied,not sexist,train
sexism2022_english-7757,hate,not sexist,test
sexism2022_english-2797,lmao im woman replacing god future female,not sexist,test
sexism2022_english-18810,salute mother fucker salute,not sexist,train
sexism2022_english-19704,ti season parody saw daddy kissing santa claus deck hall part molly single girl single girl going way oh fun ride end shopping day hay,not sexist,train
sexism2022_english-7853,kind moron comment youre responding upvoted precisely andrew anglins stated position propaganda hell wrong,not sexist,test
sexism2022_english-7379,machine gun turret rude wife rudest person know,not sexist,train
sexism2022_english-19909,may stblackopscel make ball float across ocean girl,not sexist,train
sexism2022_english-14722,serial liar attacking people left calling left url,not sexist,train
sexism2022_english-13069,way piss away woman vote democrat url,not sexist,train
sexism2022_english-15452,find highly unlikely man would want sex ugly beta male,not sexist,train
sexism2022_english-13379,banal task average female simp complains,sexist,train
sexism2022_english-11461,user nation israel precarious state survive long ok though jew always find new home like gypsy way,not sexist,train
sexism2022_english-15254,user god telling time teacher mom coming close kid first teacher never go away matter hard may try justify,not sexist,train
sexism2022_english-7852,unhygenic shit fucking bitch cheating man cz every bitch got one wont tell worst thing mastrubate sleep best world,sexist,train
sexism2022_english-3121,nutty old woman scoff asking thing sat proceeded dig elbow side shamed real quick,not sexist,test
sexism2022_english-10078,gon na place bet religion peace said may god bless brother sister line fire,not sexist,train
sexism2022_english-6799,dont feel beat retard death retarded someone loses consciousness trauma significant chance death beating white knight good expelled shamed father censured,not sexist,train
sexism2022_english-421,user insane fantasy sex hungry man rape need abortion like post way woman look pretty good birth control fantasy,sexist,train
sexism2022_english-12464,yep mattress girl kamala youngest shes dangerous shell around long time shit state,not sexist,test
sexism2022_english-1484,honestly dont care shes lying fuck douchebag,sexist,train
sexism2022_english-13038,wonder 30yo woman,not sexist,test
sexism2022_english-16764,ok old dont even post picture write profile exploit flaw woman find worse chad find interesting thats form kryptonite,sexist,train
sexism2022_english-7642,think pay pay whatever shes minimally entitled legally kick as curb,sexist,test
sexism2022_english-11495,good point hear video courtroom appearance bottom article youll see woman convincing judge allow keep dog service dog judge agreed,not sexist,test
sexism2022_english-12570,shooter brain tumor foreign muslim tie mad hell lost,not sexist,train
sexism2022_english-9736,technically woman also cat food,sexist,train
sexism2022_english-6898,germany afghan teen refugee raped murdered german girl actually 33yearsold url,not sexist,test
sexism2022_english-12067,210 wallet made woman breast wow thats overthetop propaganda lol kind sick pervert even think story like,not sexist,train
sexism2022_english-2372,fake picked look younger single would ask url,not sexist,train
sexism2022_english-16615,raping wife daughter front,not sexist,train
sexism2022_english-16566,lol reason u dumbass muslim horny cuz woman look like dumptrucks without burka need marry 50 time,sexist,train
sexism2022_english-6738,remind girl actually want guy stop fantasy girl im disrupting day im giving opportunity experience fantasy reality,sexist,train
sexism2022_english-13981,feinstein croak old hag,sexist,train
sexism2022_english-16734,man guy always got ta go straight nude normie meme danker one always know meme audience cc user,not sexist,test
sexism2022_english-5994,sick pay gap bullshit hire gap woman job kiss chance goodbye get hired 90 time,sexist,test
sexism2022_english-1051,forgot rewarding explore sexuality new boyfriend dick empowering say im creepy,not sexist,train
sexism2022_english-17397,woman good evaluating man capability many single mom true woman terrible chosing partner know guy physically attractive,sexist,train
sexism2022_english-6603,according styxhexenhammer666 omarosa trump make leftist give money double win,not sexist,train
sexism2022_english-1570,may think step sister different odds isnt consider advice may skewing perception outcome shes still bitch susceptible bitch fallacy,sexist,train
sexism2022_english-16837,please dont kid u fall love incel kid please,not sexist,train
sexism2022_english-14537,biggest lover story time islam 52 year stinky old man fell love 6 year old baby girl,not sexist,test
sexism2022_english-1126,would said girl want get fucked something already cunt true got ta remember sound familiar read like bill burr accent,sexist,train
sexism2022_english-16217,yup 51 population woman allowed hate 49 men somehow defined majority,sexist,test
sexism2022_english-14249,woman problem bigger problem general blue pill simps soy boy tradcons,not sexist,test
sexism2022_english-1091,true many ingroup haze woman haze differently psychological warfare goofing,sexist,train
sexism2022_english-1084,cope woman known insta rejected,not sexist,train
sexism2022_english-13777,7 lower include 10 scale girl thats 7 slightly attractive yeah im leaning towards 7 average guy seems right,not sexist,train
sexism2022_english-8976,meant fuckingfatass hyphenated name heh,not sexist,train
sexism2022_english-16073,put plane fly shit hole push job done,sexist,test
sexism2022_english-15060,people still stupid try appease violent savage bastard even though want kill cant dance cant run country anything without fucking url,not sexist,train
sexism2022_english-2660,seems almost rapey today world haha,not sexist,train
sexism2022_english-10168,ugly many woman dont call back must serial rapist,sexist,train
sexism2022_english-3452,x200b succes 30 21 looking similarily good even among 20yo girl whats difference,not sexist,train
sexism2022_english-2211,surprising idiot siding leftist terrorist,not sexist,train
sexism2022_english-8389,true got rock shia lebouf lifestyle,not sexist,train
sexism2022_english-214,wonder cucks sending unattractive woman donation,not sexist,train
sexism2022_english-1265,youre fired boss daughter need job replacement,not sexist,train
sexism2022_english-11510,girl dont go tinder meet monogamous guy want date,sexist,train
sexism2022_english-3382,user sending last intel report back saud,not sexist,train
sexism2022_english-18539,alright get coddle woman end give birth child yada yada dont shame fuck woman reproduce reproduce horrible men damage child raise badly single motherhood,sexist,train
sexism2022_english-17303,tell better come back butt virginity youre taking pussy virginity,sexist,train
sexism2022_english-6335,yes exactly like said incompatible never question blowing powder keg 321bang,not sexist,train
sexism2022_english-10722,pretty sure stumbled porn young traumatized keep repeating trauma common sexually abused woman get shit like bdsm give sense control trauma,sexist,train
sexism2022_english-11948,qanon ladydragon live new q user url url q qalert qarmy 1a 2a nra breaking news trump patriot woman canada quebec montreal parrot bird animal mb cia fbi disclosure ufo nature dlive wwg1wga,not sexist,train
sexism2022_english-10541,absolutely fucking love going girl taller bayareaseddit guy seen probably 50 time,not sexist,test
sexism2022_english-19323,take 13 canadian judge moslem order impose sort insane sharia ruling judeochristian canadian order destroy proud progressive nation,not sexist,test
sexism2022_english-1771,oh questioning root cause rather mosleeem mosleeem let post toy story meme fucking idiot proof self confession url,not sexist,train
sexism2022_english-7965,ketchup bed boyfriend decided get shit straight bring u tendies,not sexist,test
sexism2022_english-14105,ok dont approach go approach girl,not sexist,train
sexism2022_english-1865,someone saying dress modestly saying dont rape rapist dont care,not sexist,train
sexism2022_english-1728,look like ate every goddamned philly cheesesteak could find philly greedy hoe,sexist,test
sexism2022_english-17000,philippian 210 name jesus every knee bow thing heaven thing earth thing earth url thing earth demon giant nephilim coming resusitating terrifying,not sexist,train
sexism2022_english-2687,simple stupid nazi created world war everyone killed much lead paint eat child,not sexist,train
sexism2022_english-19349,confirm woman keep child sized dildo bedside table,sexist,train
sexism2022_english-12743,fucking presumptuous men attack right shes one asshole leading charge fucking insane,not sexist,train
sexism2022_english-8431,acknowledge good thing done woman done zero good thing woman less happy men less happy child less alive aborted,sexist,train
sexism2022_english-9257,ah whatever every woman going lose guy rest case,not sexist,test
sexism2022_english-2804,guy lost job remote town wife sick lift brother dont tear,not sexist,train
sexism2022_english-18553,like riot consistent face splash art character face really told halfionian would believe,not sexist,test
sexism2022_english-19219,woman earlier decade taught proper consent url problem woman want hookup culture seek alpha bu want puriticanal prudery otherwise,sexist,train
sexism2022_english-13775,wish could copy photo,not sexist,train
sexism2022_english-18466,oldest daughter started kindergarten today somehow saying various social network isnt helping cope thought id least make attempt,not sexist,train
sexism2022_english-4620,think trying get bottom hypocrisy question rather right attack violent behaviour shes nasty bitch knew play carefully,sexist,train
sexism2022_english-17274,black hamilton star drunkrape white woman namecheck vpelect united state onesided insulting harangue itd wise delete tweet suggest rape drunk white girl boycotthamilton url,not sexist,train
sexism2022_english-17446,complaining guy cant stop riding dick lady excuse dont work way guy treating like shit shit men dont thing without reason otherwise would girl,sexist,train
sexism2022_english-5168,url sweden try cement need 4 consent hoping legislation see sexual assault case prosecuted woman claim lie former boyfriend jail insane pathetic law,sexist,train
sexism2022_english-19380,im talking girl op im talking girl knew retard,not sexist,train
sexism2022_english-3875,sister work like 70 hr week party travel state every weekend shell make time youre important im actually like gum shoe,not sexist,train
sexism2022_english-14543,plan elaborate ask next class go date take gut interested showing gut make attractive,not sexist,test
sexism2022_english-18204,woman sexually abused dont want attractive,not sexist,train
sexism2022_english-4806,wow could many hapa guy gay even one ever girlfriend never realized many gay hapas,not sexist,train
sexism2022_english-5181,wannabe actually neverwas actually user goat fcker think intelligent steve,not sexist,train
sexism2022_english-19326,bad really isnt one u,not sexist,train
sexism2022_english-17926,take imo regret fact regret nothing closed mouth dont get fed boy nut flirt dont expect shit cant pussy shes tryna put move meaning aware bro mean take note,sexist,test
sexism2022_english-10057,really retarded tell hand touching keep humping argument im sure there another moron who right ya,not sexist,train
sexism2022_english-7646,lady street whore sheet isnt thing,sexist,train
sexism2022_english-13924,charming youre charming bet youre beating lady stick pig,not sexist,train
sexism2022_english-1383,dad cough blood mom cancer sister gave clap half boston million muslim trying kill go walmart without fear getting shot blown censored lied people problem,not sexist,test
sexism2022_english-5091,good looking tall would love woman apps sex every day,not sexist,train
sexism2022_english-13463,lady gentleman present messy kitchen,not sexist,train
sexism2022_english-6111,classic url,not sexist,train
sexism2022_english-652,mean manosphere movement still male subjugation woman complete abject failure woman fault man youre bitch way,sexist,train
sexism2022_english-10318,even s height requirement 57 s lenient height dating preference woman jfl,sexist,train
sexism2022_english-18760,western official cooperating satanist bring muslim pervert shore rape woman child real enemy italy muslim migrant try molest three boy aged 6 7 13 beach url,not sexist,test
sexism2022_english-2588,protein intake going play much bigger role many calorie eat long getting gram protein per pound bodyweight put lot muscle 1000 calorie diet,not sexist,train
sexism2022_english-6337,name dumb fuck,not sexist,train
sexism2022_english-2846,raped 100 men 16yo entire muslim community raping girl url,not sexist,test
sexism2022_english-9869,god meant woman strong independent hed given upper body strength muscleboosting testosterone instead assigned tit,sexist,train
sexism2022_english-12163,get packing miserable freezedried old kike cunt,sexist,test
sexism2022_english-9391,greece african moslem first stop uk,not sexist,train
sexism2022_english-17371,class woman string bullshit setbullshitbs bullshit b donothing complainaboutit systemoutmouthbullshit,sexist,train
sexism2022_english-7129,interested fertile dont want kid fertility actually turn hot barren woman would better never trust thatnor trust god wont pull shit open womb like bible,sexist,train
sexism2022_english-6936,moslem terrorist country truth cant stand,not sexist,test
sexism2022_english-12087,seriously woman think status sex crotch spawn shit first one,sexist,train
sexism2022_english-1479,inspiration brother follow facebook trial tribulation go even wife health issue show strength,not sexist,test
sexism2022_english-16089,perfect husband presumably cheated also dont understand men need variety long go one vagina p besides hello url,sexist,train
sexism2022_english-5660,religious girl slut bad,sexist,train
sexism2022_english-13700,already match girl cant get write back may write leave read,not sexist,test
sexism2022_english-6374,right lol want mommy fuck,not sexist,train
sexism2022_english-10763,honestly yes numales ruined care woman need take,sexist,train
sexism2022_english-11525,100 liberal agenda designed turn u slave say go jail worse,not sexist,train
sexism2022_english-7844,continues sending money home extended family poor american cant afford cover expense,not sexist,train
sexism2022_english-12159,didnt imply everyone man doesnt identify feminist belief thing woman implied thats right people arent feminist worldview one oppression wanting keep woman,not sexist,test
sexism2022_english-11568,ghost as,not sexist,test
sexism2022_english-3297,ebay buy movie called inside job sony fillms tell whole story iceland bank heist whistle blower end shock took womenfucking bad jew eh,not sexist,train
sexism2022_english-10085,knew coming bullshit wasnt worth though sorry hong sister,not sexist,train
sexism2022_english-16989,reap sow,not sexist,train
sexism2022_english-1300,get consent writing maybe raped,sexist,train
sexism2022_english-17075,1 basically look like shit without makeup 2 karma bitch bigger bitch cardi,sexist,test
sexism2022_english-12037,telling woman careful considered victim blaming tell woman get blackout drunk college party ton stranger tolerant tell woman travel group keep nafri men arm length,not sexist,train
sexism2022_english-15196,explosion state welfare go hand hand womens suffrage,sexist,train
sexism2022_english-18495,incredibly depressing episode men dont red pill men woman red pill men,sexist,train
sexism2022_english-1277,mosr powerful man world secretly cheat young cucked feminist chad,not sexist,train
sexism2022_english-2983,need bitch slapped real woman,sexist,train
sexism2022_english-3799,minority female rant called crude name characterization move eye beautiful spend zero time worrying racist bigot,not sexist,train
sexism2022_english-11342,wtf semi virgin,not sexist,train
sexism2022_english-4595,ghost ur chad profile tell u meet someone secretly video watch normies get triggered,sexist,train
sexism2022_english-3342,high iq got called female gtav character,not sexist,train
sexism2022_english-17849,canadian know iqra khalid sits mp mississauga creator m103 slowly force shariah law upon canadaher father also shadythats say,not sexist,train
sexism2022_english-14434,obvious satire nobody stupid,not sexist,test
sexism2022_english-14822,single mom slut theyve sex men shame men sleep,not sexist,train
sexism2022_english-17307,finally progressive theory men woman guy boob ci equal proven true lol,sexist,train
sexism2022_english-944,notice bigger rapist shes willing waiting,sexist,train
sexism2022_english-8022,work woman give raise ill give raise,sexist,train
sexism2022_english-15572,always add little meatball keep shlomos shekel clutchers,not sexist,train
sexism2022_english-11852,would think sound retarded,not sexist,train
sexism2022_english-3037,play victim damn chad wont take open leg whenever want start speaking ex boyfriend huge redflag,sexist,train
sexism2022_english-17740,woman keep tell fix thing show sympathy fix vast vast majority pay half wow right actually youre one pay tax one else,not sexist,test
sexism2022_english-4954,3 date rule common thing girl sex maybe kiss,not sexist,test
sexism2022_english-3182,fuck back braincels cunt,sexist,train
sexism2022_english-12491,dude prostitute fuck date,sexist,train
sexism2022_english-11080,revelation u cardinal sex abuse force pope hand pedophile rapist hangmhigh url,not sexist,train
sexism2022_english-16141,woman degrade man could,sexist,train
sexism2022_english-16340,well penis wear skinny jean beta vagina dont wash week bow act tough sure scream hit girl youre punched oh see car coming move way,sexist,test
sexism2022_english-7037,shit u right,not sexist,test
sexism2022_english-3695,lucifer female,sexist,train
sexism2022_english-6054,user oh could lead rape sister hugging,not sexist,train
sexism2022_english-19589,unfuckable woman hate life,sexist,train
sexism2022_english-8895,call ugly woman attacking goodlooking white woman envy bagging chad,sexist,train
sexism2022_english-15191,soif high school sweetheart married several year later divorce raped proper mgtow ok lifestyle boy man regardless experience missing point whole thing,not sexist,train
sexism2022_english-13542,life prison consider second realize mean life overtheclothing touching boob absolutely insane,not sexist,train
sexism2022_english-9644,three dreamer arrested gang raping handicapped woman nj raping american wouldnt url nodaca buildthewall deportthemall,not sexist,train
sexism2022_english-11260,like raw truth bitch let make profitable lml,sexist,train
sexism2022_english-12112,sound like hate freedom typical cry oven dodger,not sexist,test
sexism2022_english-13438,naughty gift url,not sexist,test
sexism2022_english-1106,personality come look 810 time girl,not sexist,train
sexism2022_english-776,sure almost look like russian little nothing even collusion part democrat including obama hillary mention po mccain,not sexist,test
sexism2022_english-14234,dont get due age life experience hot young pussy chase way around wake barrage text message dont send money access fun flip script,sexist,train
sexism2022_english-9886,aryan race share aryan blood,not sexist,train
sexism2022_english-9184,accept smart one western society cohort lose smart one never progress true story bro,not sexist,train
sexism2022_english-10810,athena woman christianity deprived worship female divinity learn greek religion six goddess one suit,not sexist,train
sexism2022_english-19509,thanks yeah already deny woman actually could attracted woman there extra stupid,not sexist,train
sexism2022_english-11203,know mate keep telling keep busy girl get caught feeling one fucked,not sexist,train
sexism2022_english-3680,thought woman could fuck chad want,not sexist,train
sexism2022_english-11426,dude ugly fuck fwhr abysmal eyebrow actually terrible 410,not sexist,test
sexism2022_english-1692,hell traitor po appointed squatter force u intel commit treason must bunch damn coward intel,not sexist,train
sexism2022_english-12959,men work preserving financial position woman look decreasing make feel better show,sexist,train
sexism2022_english-1644,yummy need bit grooming,not sexist,train
sexism2022_english-19025,must segment woman unhappy body decide shit post like think reasonable explanation harsh say daresay true,sexist,train
sexism2022_english-18914,new world order lady men give zero fuck think yelling people going result kind courteous woman cant handle equality claim want bad,sexist,train
sexism2022_english-7413,woman arent renown originality general feminism female nagging mind game political bauble,sexist,train
sexism2022_english-14623,mail order bride,not sexist,train
sexism2022_english-13404,tell got hacked cousin typing youre trolling got ball blue ball,not sexist,train
sexism2022_english-1605,met future girlfriend using test good stuff,not sexist,train
sexism2022_english-11049,excellent phraseologythe child leased local masonic home getting tired tucking bronco lay yard turd,not sexist,train
sexism2022_english-10887,maybe ivanka drive golf ball heel user course would probably prefer perforate green,not sexist,test
sexism2022_english-15311,want kid one guy could marry debt quit work already,not sexist,train
sexism2022_english-13701,summer hot woman wear fewer clothes summer make woman whore,sexist,train
sexism2022_english-16363,cherish dad man let know youre bullshit,not sexist,test
sexism2022_english-1746,well fuck literally got case onenitis youre becoming depressed girl us got ta cut,not sexist,train
sexism2022_english-7543,let anal thats keep seriously think marry got easy,sexist,train
sexism2022_english-4856,girl detectable hymen cant tell wasnt born one normal small dont tear normal circumstance,not sexist,train
sexism2022_english-3436,oh shit clearly know big 5 trait deflect use magic rp word,not sexist,train
sexism2022_english-9714,play game youre nu male im female love game always sound like anita sarkeesian,not sexist,train
sexism2022_english-9210,breeding machine thought kid work rest play eh africa muslim sicken,sexist,train
sexism2022_english-10089,wow killed daughter birthday thats fucked,not sexist,train
sexism2022_english-19119,mom still alive 106 creepy hell,not sexist,train
sexism2022_english-1281,let show big black cock make explode shieeeet fool real black person,not sexist,test
sexism2022_english-8739,kill woman get away scofffree sanctuary city treat u like firstclass citizen need special protection big bad evil cheeto hitler drumpfffff,sexist,test
sexism2022_english-6559,people especially woman dont choose motherfucking thing wear shit cause dont want get raped 87 year old uncle thrown building,not sexist,train
sexism2022_english-10267,could say raped everybody would believe,sexist,train
sexism2022_english-2828,actually breaking fight listen one girl say,not sexist,train
sexism2022_english-4552,joke 100 time better apt said id laughed joke one made reaaaal crap,not sexist,test
sexism2022_english-5359,bitch get get sue punishment dont even mentioned,sexist,train
sexism2022_english-1303,ultimately dont fuck crazy bitch youll fine sub sometimes act like woman evil plot subjugate men fear sex,sexist,train
sexism2022_english-9139,thanks reason asked talked friend girl never give physical contact guy like dont like cuz dont wan na give wrong sign etc,not sexist,train
sexism2022_english-6206,say put room naked 20 beloved refugee let see much respect,sexist,train
sexism2022_english-6877,look like totally new account showed username uwhiteflillies seems like female lurker,not sexist,test
sexism2022_english-8554,new woman world record sheep sheering 452 sheep 9 hour,not sexist,train
sexism2022_english-2499,islam satanic,not sexist,train
sexism2022_english-14951,fuck civil right follow secular law accept freedom speech including blasphemy embrace freedom religion including apostacy,not sexist,train
sexism2022_english-15221,pic boyfriend gtfo dont believe anything come female mouth regard relationship sex life daily reminder woman literally called like sean fucking opry average looking,sexist,test
sexism2022_english-8150,osaka youth beat old age 20 v 37 serena likely doping arm bigger men time hang racket serena stop bitch,sexist,test
sexism2022_english-8335,matt damon career might metoo since helped enable kike harvey weinsteins abuse woman must erased movie url,not sexist,train
sexism2022_english-1961,right normie sight url standard using facebookesque site winwin right,not sexist,train
sexism2022_english-19478,get oneitis 1 cutting contact 2 self improving 3 getting higher quality woman,not sexist,train
sexism2022_english-1653,think came defending west distinction wont made enemy wont ever play rule woman equally vile absorb indoctrination great fervor ideology dangerous,sexist,train
sexism2022_english-9849,younger attractive dated violent criminal enjoyed thats discus decent guy negative goal sex woman find attractive,sexist,train
sexism2022_english-8935,white woman absolutely beautiful worldwithout question,not sexist,train
sexism2022_english-12672,think called bad bitch something may wrong,not sexist,train
sexism2022_english-5866,gon na go inside mom,not sexist,train
sexism2022_english-9970,let look wisdom fucking solomon man robs bank hate wife want escape judge worried mental health sentence house arrest wife life insurance involved,not sexist,train
sexism2022_english-4056,would loved loved run hit face yelling maga hat punch nazi,sexist,train
sexism2022_english-1822,take back public hanging would help im shittyso might makin sense,not sexist,train
sexism2022_english-9125,honestly think could get ugly andor 40 one tomorrow desperate like especially drunk slut easy thats cheating must attractive well make count,sexist,train
sexism2022_english-14594,2 month hanging cant tell shes interested done anything make seem like friend kissed sex,not sexist,train
sexism2022_english-8321,ill check f hopefully translates female thx,not sexist,train
sexism2022_english-16219,dont pay attention woman say,sexist,test
sexism2022_english-5795,woman trying make live life accordance agenda fuck life,sexist,train
sexism2022_english-16657,shame could poor blind due guided beach cute sister also happens niece cousin stepmother,not sexist,test
sexism2022_english-16233,text one saying im x time join,not sexist,train
sexism2022_english-4238,schrdingers sexual assault girl get approached behind club,sexist,train
sexism2022_english-146,hug could turn false sexual assault rape conviction roadthis damn good advice mennever touch girl womanlet wither vine lack attention,sexist,test
sexism2022_english-11909,hazbin hotel unpc filled crude humor seems like natural thing get triggered look like bunch vivziepop precancelled well specious shit refused apologize,not sexist,train
sexism2022_english-8732,yep starting get little antsy soon new hunting buddy almost 11mo opening day get broke ready duck,not sexist,train
sexism2022_english-16287,replace old maam still cock carousel hit wall started frantic search simp support keep ignoring going way,not sexist,test
sexism2022_english-4833,fight next walk away spin plate investing much time energy worth isnt easy,not sexist,test
sexism2022_english-18526,watched demuros gv80 video looked like good cope mobile,not sexist,train
sexism2022_english-14726,end beaten senseless cop reeees raaape,sexist,train
sexism2022_english-3814,know right maybe like strength long as nail hurting finger,not sexist,train
sexism2022_english-5802,physically maybe wont loved person theyll nothing sex object woman view u little utility get want callously discard,sexist,train
sexism2022_english-2628,rt user single piece plastic enough kill turtle user url,not sexist,test
sexism2022_english-18958,lower standard sweaty stop fat shaming cant lift 220lb girlfriend youre lacking,not sexist,train
sexism2022_english-3724,want jewish according nt one jew believe jesus,not sexist,train
sexism2022_english-6334,kick as daughter,not sexist,train
sexism2022_english-8867,luther ate shit really serious note corbyn thought working russian cold war,not sexist,train
sexism2022_english-12961,foam brick throw tv local female sport reporter make want jam knitting needle ear brick got real workout election,not sexist,train
sexism2022_english-3955,note overtheshoulder come hither profile pic well dont dare objectify sexual object pig,not sexist,train
sexism2022_english-8382,he57 pathetic cuck spend money dror paleys,not sexist,train
sexism2022_english-4400,u play leading role fulfillment israel strategic regional objective everything jerusalem declaration israeli expansionism regime change syria iran washington completely subservient israel,not sexist,train
sexism2022_english-14743,oh girl curl hair behind hair fine 3rd sexual offence doublestandards,sexist,train
sexism2022_english-18449,obviously passed fuck age,sexist,train
sexism2022_english-834,would sponsor shit obese person intending run marathon charity heshe finish though lot people sponsoring someone condition finish would crazy pressure amirite,not sexist,train
sexism2022_english-8322,diversity name demockracy make insanity give hierarchy based ability sham time,not sexist,train
sexism2022_english-3746,tell 1vs1 mw2 rust see who cute quickscope bitch hell,sexist,train
sexism2022_english-18238,man wouldnt dare complain woman receiving preferential treatment regardless circumstance hello ever visited,not sexist,train
sexism2022_english-6883,schoolgirl 15 jaw broken three place vicious brawl spilled onto road saw student assault parent url ausfam auspol ausfam auspol ausfam auspol australia,not sexist,test
sexism2022_english-8673,wouldnt give bpd label honestly show fuck girl maybe shes crazy maybe wanted keep trying could keep turning game dont humor regardless,not sexist,train
sexism2022_english-7610,actual proof dude isnt lying stalking,not sexist,test
sexism2022_english-7199,woman use truth currency meaning given advantage woman,sexist,train
sexism2022_english-19239,start looking another job yesterday pal cancer tumor going leave wide trail pun intended wake long manager keep bending backwards,sexist,test
sexism2022_english-19822,missed one 5 horny good enough know guy fuck almost anything easy theyre horny plenty woman way,not sexist,train
sexism2022_english-3522,judge jeanine time shut lock 28209 view,not sexist,train
sexism2022_english-8985,u could kill urself n woudnt even kno care ur life meaningless n empty prolly u attack unknown girl computer like pervy pedo,not sexist,test
sexism2022_english-18994,stupid question manwould humiliate disgusting display dollarswe arent woman,sexist,train
sexism2022_english-4851,step sister shes turbo slut basic stacy get yes piss get along fine life god mode compared mine,sexist,train
sexism2022_english-9132,female make living selling soiled panty,sexist,train
sexism2022_english-144,1 vibrancy point equal 10 iq point disabled black tranny 82iq 30 vibrancy point 112 final score cishet white female without aid 100iq 10 10 10 90 final score,sexist,train
sexism2022_english-7947,like show penis within 5 minute meeting stay im good go,sexist,train
sexism2022_english-2045,commercialism punish vice poor virtue poor gk chesterton url,not sexist,train
sexism2022_english-12573,want make men understand way men care woman relationship woman men better relationship keep interest anything else,sexist,train
sexism2022_english-12868,hate dadand,not sexist,train
sexism2022_english-18888,people stupid answered question,not sexist,train
sexism2022_english-8438,burkina faso djibo gendarmerie severely damaged overnight attack url,not sexist,train
sexism2022_english-1892,yes true wheres fun want bash former tranny first lady michael priority,sexist,train
sexism2022_english-1997,brush time contact unless said something incredibly ludicrous fault head getting hung cause damage statement,not sexist,train
sexism2022_english-9533,shit wrong many waysyoung woman train work ass get screwed fag want womenand whats worse school system allows b,sexist,train
sexism2022_english-9768,girl pretty fucking smart money lot thing subscribed channel,not sexist,train
sexism2022_english-12905,talking woman pic lol,not sexist,train
sexism2022_english-18713,difficultly deciding trainwreck woman woman say,sexist,train
sexism2022_english-4511,white blackcels hate black female something,not sexist,train
sexism2022_english-1450,give pas youre one repeatedly fucking,not sexist,train
sexism2022_english-1166,sure girl marry settle guy nice illustrates problem,sexist,train
sexism2022_english-9173,get 11 day 2 good behavior,not sexist,train
sexism2022_english-14532,see shit test able make comic yet still married woman he cuck,not sexist,train
sexism2022_english-16735,biggest whore creepy porn lawyer least knew,sexist,test
sexism2022_english-13162,lot text say ugly stop ugly awesome instead bunch survivor bias b average man get surrounded woman interact hot woman,not sexist,train
sexism2022_english-8858,gutierrez sits brings 16 woman accused pres sexual misconduct say putin helped pres trump win presidency yes agree waste oxygen,not sexist,train
sexism2022_english-13662,user girlsofgab best nsfw stuff need map girl see who within driving distance holy hell,not sexist,train
sexism2022_english-6021,posted mgtow shouldnt riding motorcycle something theyve decided woman arent worth time effort better thing yet spend time posting forum woman cant explain,not sexist,train
sexism2022_english-11101,first instinct would make fun knowing,not sexist,test
sexism2022_english-10942,fuck rice sux need fire tillerson bush fucking mole drain swamp,not sexist,train
sexism2022_english-18880,bless heart us word like retarded encounter mean ole white man,not sexist,test
sexism2022_english-6311,jew never asian fetish right,not sexist,test
sexism2022_english-19927,whenever ethnic talk white woman seem think look like 1010 movie actress even though ton average fuck getting obese year smv inflated due medium men feeding theirnego,sexist,train
sexism2022_english-4128,cant tell comment young man video young lady,not sexist,train
sexism2022_english-2505,im disputing especially shit africa fucked im trying explain kid average joe white man keeping black,not sexist,train
sexism2022_english-18297,person work even shes shy itd natural thing since thats know shes shy like ever want talk shy texting would good choice,not sexist,train
sexism2022_english-9073,bastard leave empty milk carton fridge wths,not sexist,train
sexism2022_english-4688,ya garbage pedo apologist fuck prophet,not sexist,train
sexism2022_english-7158,url whore chart crazy need either overdose stop taking whatever shes colbert liberal enabler would gladly watch implode front rating,sexist,train
sexism2022_english-7898,user anyone fence religion sharia law say rape victim killed woman testimony court worth half man,not sexist,test
sexism2022_english-18727,give bad reputation disagree explain reason disagreement extensively shoot back youre spineless piece shit im sure great personality,not sexist,train
sexism2022_english-801,better chop boob grow dick,not sexist,train
sexism2022_english-4817,word shes insecure looking validation unlike incels admit theyre subhumans,not sexist,train
sexism2022_english-5529,pornstar effect whether liar,not sexist,train
sexism2022_english-14930,know look picture woman wearing pussy hat sure sullen pissed world look herany wonder man want hera tgenger peep well cant way boy err evers,sexist,train
sexism2022_english-4020,seriously u sweet angelic gabcommune girl lol,not sexist,train
sexism2022_english-719,well sequelspinoff rather reboot canon foul opinion maybe legitimate story based reason female team reserving judgment,not sexist,test
sexism2022_english-11552,posting sexy selfies viable strategy lowincome young woman woman flaunt theyve got victim patriarchy instead exploiting pot capital youth bestows url,sexist,train
sexism2022_english-4646,fucking hilarious roll imagine fat lazy cant walk autothotsroll xd,sexist,train
sexism2022_english-83,white van man joke serial killer looking dude pedo shes kidding,not sexist,train
sexism2022_english-5120,left claim america racist bigoted care much immigrant want victimized oppressed,not sexist,test
sexism2022_english-16145,url real monkey bit little girl,not sexist,train
sexism2022_english-5676,accept girl since lose virginity whenever want maybe try join sub like rforeveralonewomen,sexist,test
sexism2022_english-16114,response video saw today user youre following already please url,not sexist,train
sexism2022_english-15514,many people would let melania blow candle would blow dont like,not sexist,train
sexism2022_english-9549,im confused shes prettiest girl ive gone date year im looking forward potential fwb huh friend benefit shes pretty make girlfriend,not sexist,train
sexism2022_english-4796,man accused trying drown wife 2 kid bathtub daily mail online url,not sexist,train
sexism2022_english-14877,looool dad cuck btw fuck mom dude shes whore mom id legit bitch slap thankfully muslim endocrination oppression mom see extremely taboo,sexist,train
sexism2022_english-1902,bad mouth black beauty maxine know owned owes bud guy ownly owner many trojan horse many ride,not sexist,test
sexism2022_english-9710,oh hell even wouldnt poor jihadis ship supermax,not sexist,train
sexism2022_english-9343,ill fuck sister rocketman user,not sexist,test
sexism2022_english-7643,like redhead mom grandma sister,not sexist,train
sexism2022_english-1625,men woman share common language reproductive agenda principle social organization neuroanatomy closest ever get ball deep,sexist,train
sexism2022_english-16536,agree point arguably male hard wired breed club attractive female head drag cave mate whether wish civilisation evolved modified male behaviour,sexist,train
sexism2022_english-12730,user oh stupid 19 year old son liberal think bruce jenner woman,sexist,train
sexism2022_english-8735,got equal right left,sexist,train
sexism2022_english-5154,easier femoids chad one count,sexist,train
sexism2022_english-15070,term asshole always seems indicate treat girl badly femoids want asshole treat everyone else badly except feel like special princess even worse really,sexist,train
sexism2022_english-19316,youre bastard lol side note think photoshopped leg way thin support isnt even struggling walk,not sexist,test
sexism2022_english-5600,truthfull piece pier morgan url markel disgusting fake vain wannabe gobalist left father rot united nation whore,sexist,train
sexism2022_english-15553,talk woman like please,not sexist,train
sexism2022_english-862,proven method unconventional date like laser tag awesome tried met mother episode probably fun ive ever date,not sexist,test
sexism2022_english-8055,know shes telling truth doesnt want lose fling im end one dude got werent dating thats weak,not sexist,train
sexism2022_english-1500,updated op prefer younger girl turning 21 1 month 4 month respectively 20 found quality talent already married locked permanently time 27,sexist,train
sexism2022_english-8798,uhmmm im grandmother called gigi nice try homosexual tendency,not sexist,train
sexism2022_english-14271,left asking alex jones grab men butt studiobecause think get supporter believe alex grab men butt withdraw support infowars globalists leftist,not sexist,train
sexism2022_english-14566,yeah get fucking skankiest one find pay get crack smoke together youre incel fuck party,sexist,train
sexism2022_english-1690,identifies disabled man,not sexist,train
sexism2022_english-2869,people keep mentioning pair bonding doesnt exist exist woman wouldnt hoe hypergamy game,sexist,train
sexism2022_english-18895,dilusional jewish gene carry turret syndrome fat hairy woman eeehh much,not sexist,train
sexism2022_english-4180,he attracting lot female attention want get around he work grab girl going towards,not sexist,train
sexism2022_english-10170,user feel free look around site youre welcome shoot email contact page well im platform,not sexist,train
sexism2022_english-19390,thanks brocel must return study,not sexist,train
sexism2022_english-10458,yeah good reply shes basically 26 year old attractive girl spends way much time phone instagramming life nexted probably isnt used someone giving fuck go indifference,not sexist,train
sexism2022_english-13504,paid actor,not sexist,train
sexism2022_english-506,become less shy tslk whatever want touch,not sexist,train
sexism2022_english-5957,3000 swede implanted tiny microchip beneath skin replace credit card information identification key train ticket among everyday item url,not sexist,train
sexism2022_english-15420,shes flirting thats know unless shes stripper waitress bartender looking good tip woman going flirt someone dont like,not sexist,train
sexism2022_english-18866,bad behind closed door hollywood simps jump ship,not sexist,train
sexism2022_english-14825,projecting disgust onto promise yes everyone physically unattractive multiple woman,not sexist,train
sexism2022_english-12017,dont think feminism blame think advantageous biologically sister demand lot men theyre involved,not sexist,train
sexism2022_english-13742,way report shit make sick even think poor girl goddamn,not sexist,train
sexism2022_english-12285,personally painful fam lost 11 member mostly woman baby holocaust dresden still mourning mention publicly told deserved die hitler,not sexist,train
sexism2022_english-9186,feel sorry melania watch commie kid dancing aroundi give credit though look engaged hell even knew clap hahaha would like wtf going,not sexist,train
sexism2022_english-4450,less competition gay trannies low smv male already undesirable female jfl look trannies reddit tell theyre ugly shit,sexist,train
sexism2022_english-16861,see rule say talk religion sub nope cant anything mgtow remember busy body woman,not sexist,train
sexism2022_english-16871,always woman young one bigoted adherent party swallowers slogan amateur spy nosersout unorthodoxy,sexist,train
sexism2022_english-2497,thanks im interested sex dont want relationship want know gauge page,not sexist,train
sexism2022_english-8165,idsay two interesting big talent,not sexist,test
sexism2022_english-8355,want trophy girl nah bitch want woman actually shaped like woman twisted shapeless blob came existence industrialised food manufacturer convenience technology,sexist,train
sexism2022_english-5336,tropic thunder reference havent seen rdj play extreme method actor play black guy op saying rdj play sam jackson playing nick fury joke explained thus ruined,not sexist,train
sexism2022_english-7544,user worry teddi put decent amount post w gifs andof article next 3 day well get user 400 wed night,not sexist,test
sexism2022_english-7473,stop press someone feefees hurt,not sexist,train
sexism2022_english-12033,asshole liberal even know gab work mute,not sexist,train
sexism2022_english-3831,well said point keen shoot pussy white kike melanin army even get standard selfdefense emasculated christian male sickens need fight soon,sexist,train
sexism2022_english-18301,waiting many year senseless muslim terrorist violence time kill every fucking one,not sexist,test
sexism2022_english-3056,veil face,not sexist,train
sexism2022_english-11620,user lmfao heyyyy woman,not sexist,train
sexism2022_english-1006,presidentialdebates hrc losing shit,not sexist,train
sexism2022_english-17631,thats parked crookedly socialist femme fatals suv woman roar like roar droning twat,sexist,train
sexism2022_english-11093,call fat land whale race traitor,not sexist,train
sexism2022_english-12317,party boy girl prefer,sexist,train
sexism2022_english-5095,even assuming get raped first thing first denounce thing get help benefit others around,not sexist,train
sexism2022_english-4065,feminist trying hard annihilate male sex ooohhh male whatever take protect classic example female accepting responsibility url,sexist,train
sexism2022_english-14741,thought look dc chocolate city gifelte fish center yummy,not sexist,train
sexism2022_english-15424,could pus rub clit,sexist,train
sexism2022_english-5471,wow im jealous mess rest woman,not sexist,train
sexism2022_english-12473,wrong woman wanting play sport,not sexist,train
sexism2022_english-16893,exwife worst housekeeper ever apart divorce kept fucking house,not sexist,train
sexism2022_english-12262,making sure girl get youre jerking porn sex say thing seem right nice twist become ugly dark,not sexist,train
sexism2022_english-12721,take mailer promising drop mailbox way home,not sexist,train
sexism2022_english-16279,yeah let lot seminary moron,not sexist,test
sexism2022_english-5767,romance novel written exclusively woman guy usually alpha teen romance like twilight beta type behavior teen girl arent ready bodiceripper novel,sexist,train
sexism2022_english-18544,yikes let unpack grew hood getting raised single mom doesnt mean youre entitled living wage mcdonalds sweaty mabe need work attitude,not sexist,train
sexism2022_english-1156,eexcellent analysis blonde,not sexist,test
sexism2022_english-6518,find g spot get multiple time finger first primed get penetration wont matter much goodbad dick game,sexist,train
sexism2022_english-14649,got ta say shes got ball 90 antifa shes face uncovered like everyone keep saying white supremacist doesnt matter whether like message say word,not sexist,train
sexism2022_english-17249,woman make good friend impossible woman want use men men want fuck woman,sexist,train
sexism2022_english-18067,come rey shit future female,not sexist,train
sexism2022_english-15426,maybe polizei investigate merkle traitor find sold country,not sexist,train
sexism2022_english-3115,told kept last relationship secret almost 7 month social condition also setting frame wanted like show strong interest way,not sexist,train
sexism2022_english-19493,pop aint going 2 wear wester latex hijab 4 muslim woman woman love circumcision,sexist,train
sexism2022_english-16176,never presume jew respect sovereignty white country everyone nation state joke globalism jew world order,not sexist,train
sexism2022_english-17609,cuz reason hate youd need reason logic understand seem answer dont tell u,not sexist,train
sexism2022_english-15303,candaceowens sjw created doxxing website called socialautopsycom ruin people life realized easy get follower money fame attention simply say im maga trump republican black woman,not sexist,train
sexism2022_english-13683,resign like idea hanging doorknob much better,sexist,train
sexism2022_english-19122,pimp domestic abuser force woman child dog woman free largest group volunteering animal shelter rescuing animal need,not sexist,test
sexism2022_english-9629,every woman right heard,not sexist,train
sexism2022_english-19747,trump defense senator warren didnt pas dna test barely got 00009,not sexist,train
sexism2022_english-6677,think shy unconfident woman sexy building making feel good sexy within massive turn mebeing part someone journey self discovery amazing,not sexist,train
sexism2022_english-15057,nothing wrong model look least similar target audience put vaseline face fucking hair even possible fashion show look good,not sexist,train
sexism2022_english-18755,engineering chick sluttiest stem chick muchthey also believe woman engineer empowerment diversity bullshit use excuse slut,sexist,train
sexism2022_english-14293,literally 5 second conversation follow starbucks fuck there really nothing wrong,sexist,train
sexism2022_english-19966,part gynocentric society effort abolish standard woman,sexist,test
sexism2022_english-5535,dont mudshark nigger killed white track athlete utah spurned finding lied jail isnt worth death nigger cock,not sexist,train
sexism2022_english-2999,fuck fake friend,not sexist,train
sexism2022_english-18594,user must go directly google url opgoogle stop crime humanity user,not sexist,train
sexism2022_english-15804,swedish woman need protect fro reugee muslim rape,not sexist,train
sexism2022_english-19011,fucking wait order law fall woman get beat shit immediately meant use violence threat keep men woman check,sexist,train
sexism2022_english-11346,smile face say yup act like total bitch still thing,sexist,test
sexism2022_english-15802,welllock oakland mayor libby schaff said willing jailed defending sanctuary city policy url,not sexist,train
sexism2022_english-1960,husband set girlfriend shoot weekend,not sexist,test
sexism2022_english-5443,rt user high school teacher 29 sevenmonth sexual relationship one student 16 url,not sexist,train
sexism2022_english-4857,alpha among alpha chad chad lite wet fear upon presencejust like woman,sexist,train
sexism2022_english-12648,like simps giving woman anything respect,not sexist,train
sexism2022_english-1950,right ungrateful bitch girl something like trying nice would happy disgusted,sexist,train
sexism2022_english-4893,trump berlin attack islamic terrorist continuously slaughter christiansas part url,not sexist,train
sexism2022_english-907,fired anyone right would fired asap im sick double standard,not sexist,train
sexism2022_english-11289,ok tay white ok narccistic vain shallow untalented,not sexist,train
sexism2022_english-15629,go go way thnx bye,not sexist,train
sexism2022_english-13744,time see shes interested hookup,not sexist,test
sexism2022_english-5875,tranny teaching user user user user user,sexist,train
sexism2022_english-19917,nah mensa full elitist mental masturbator baller way keep plowing model find one degree,not sexist,train
sexism2022_english-7700,beyond help scumbag,not sexist,train
sexism2022_english-7657,youll likely servicing mostly call girl wut,not sexist,train
sexism2022_english-277,also missed point paid top money spent trip hotel food,not sexist,train
sexism2022_english-9393,ive always believed woman run show yet feminist believe oppressed lmao,sexist,train
sexism2022_english-8537,first gf lost intrest way attentive texting time etc thought good boyfriend didnt understand wrong basicly everything thank god happend 17,not sexist,train
sexism2022_english-4077,mommy forgot teach stick stone may break bone word never hurt url,not sexist,train
sexism2022_english-19497,im pretty certain waiting right time nail obama rico indictment introduce treason argument treason,not sexist,train
sexism2022_english-2345,touch elite drunk drink baby blood cheer hubby john podesta rape kid tunnel bar pizzagate,not sexist,train
sexism2022_english-3853,hate limoleftist cunt crossdressing jew,sexist,test
sexism2022_english-11827,user hey happen ur white skin hurt u sun u rea ur rape god fucked 12 year old girl shame book u read force nation read,not sexist,train
sexism2022_english-4999,shit test coming guy could amog attempt agree amplify let bask glory oh awkward didnt know already married bold plant forceful kiss girl lip,not sexist,test
sexism2022_english-1632,haha men prior marriage harder pair bond thats thats science,sexist,train
sexism2022_english-7964,mississippi state senator hit dc woman protester serious burn,not sexist,train
sexism2022_english-7051,came across posted one dont see vid youtube must somewhere else need watch video,not sexist,test
sexism2022_english-2398,ok indict drunken old hag bring justice,sexist,train
sexism2022_english-8088,wont tell chief run shit like fucking mafia play big pimp force girl haze day day,not sexist,test
sexism2022_english-5253,nave sensitive accepting loving woman reason white western civilization fucking doomed extinction oh fucking moronic soyboy husband boyfriend brother father url,sexist,train
sexism2022_english-456,voted one fuck blm pussy,sexist,train
sexism2022_english-18631,bad actually want help people goddamn stubborn,not sexist,train
sexism2022_english-1315,youre one reddit cry girl chose another guy lol,not sexist,train
sexism2022_english-7272,yeah im sure shes great shag thats,sexist,train
sexism2022_english-2436,yeah 99 usually get told woman arent get hit wan na participate class learn something etc unless guy chad chadlite go window,sexist,train
sexism2022_english-4105,nothing funny hurting people men woman alike one deserves life ruined,not sexist,train
sexism2022_english-4678,say trump wrong border policyand muslim country want chop head fucking planet url,not sexist,train
sexism2022_english-16937,child rapist promoted seems like one belief anything wrong reason woman get away crime like way men treat woman,sexist,train
sexism2022_english-3133,naughty twitter refugee happy found way u seat look around ask question well help follow youd like toob naughty got banned twitter face hehe url,not sexist,train
sexism2022_english-1338,url desantis hit ocasiocortez dont care shes eskimo,not sexist,train
sexism2022_english-10939,new lawyer calif professor say client belief kavanaugh action attempted rape shes willing testify publicly kavanaugh denounced allegation url url,not sexist,train
sexism2022_english-7717,every girl game site like twitch youtube following ton thirsty dude female,sexist,train
sexism2022_english-19664,woe say evil good good evil woe u lie u daughter devil,not sexist,test
sexism2022_english-19896,shed probably secretly tell friend ugly much hate wish never kid,not sexist,train
sexism2022_english-17038,mother job,not sexist,train
sexism2022_english-10692,sooner later going recipient diversity love hope karma bitch,sexist,train
sexism2022_english-9133,well look kinda cute seem happy tho,not sexist,train
sexism2022_english-7989,actually guy meet parent love guy fing side hate distract parent good grace,not sexist,train
sexism2022_english-11528,original post someone said sent uncensored version bitch getting divorce 100 losing kid,sexist,train
sexism2022_english-16809,bitch hate british wont leave comfortable life style britain carnt stick,sexist,train
sexism2022_english-12947,ashkenazi jaw line infuriates want plant baseball bat badly shouldnt talk like lady needed ventilate,not sexist,test
sexism2022_english-17168,nothing trigger hearing thats case prove practicing preach burning face dumb cunt anybody spout shit need forcibly put position u,sexist,test
sexism2022_english-15403,havent actually seen anyone say someone holy shit theyre retarded probably like two people dont want moral panic,not sexist,train
sexism2022_english-6003,ethnic interest huh im pro white silly as dont help u dumb fuck,not sexist,train
sexism2022_english-4133,british tabloid trump dare sit churchill chair insulting country embarrassing queen url url,not sexist,train
sexism2022_english-12161,teresa may longshanks take pedophile loving censorship shove as get past sadick kahn head saying course,not sexist,train
sexism2022_english-6938,mika brzezinski giulianis insult expose misogyny woman face every day hotpagenewscomr227999,not sexist,train
sexism2022_english-15262,ok see people complaining woman viewed sex object people complaining evil male fantasy sexy woman depicted big action movie see im saying thats feminism,not sexist,train
sexism2022_english-9428,told feminist one class would support feminism fucking never feminism get behind tying womens right vote draft got super triggered started yelling hilarious,sexist,train
sexism2022_english-6065,consequence woman service focus social justice rather seamanship military stuff url,not sexist,train
sexism2022_english-15985,must nofap dude neighbor mom hotter jfl,not sexist,test
sexism2022_english-16754,yes alot simp even doesnt woman fo anyway,not sexist,train
sexism2022_english-11285,feminist get grip woman period live end world cant cope dont expect workplace care people take slack fair female dealt,sexist,train
sexism2022_english-16467,seen female train japan happens enter one warning lower volume watching iturl,not sexist,train
sexism2022_english-11007,fucking perfect,not sexist,test
sexism2022_english-14013,germany afd politician twitter account censored new german hate speech law tweet slamming cologne police sending new year tweet arabic url,not sexist,train
sexism2022_english-15822,prefer muscular 62 cristiano ronaldo,not sexist,train
sexism2022_english-16716,ive told next hollyweird sex scandal murr impractical joker made woman kiss fish,not sexist,test
sexism2022_english-5398,feel like male libido greatest motivator life thats men succesful woman pretty much field healthy sexual drive natural obsess sex virgin male,sexist,train
sexism2022_english-11977,okay identify black woman,not sexist,train
sexism2022_english-1152,wow man sex woman like literally ancestor ever like people planet im sure anything pleased get real,not sexist,test
sexism2022_english-16854,mention slightly promiscuous woman actually raped may harder time believed woman decides make easy target publicize like shes something good woman disgusting,not sexist,train
sexism2022_english-393,pretty clear score 1 engage name calling mute clear man created equal male female gen127 woman created companion man rejected animal gen21824,not sexist,train
sexism2022_english-16129,bad girl strategy create attraction fantastic advice applied men buy today url,sexist,test
sexism2022_english-84,huffpost getting unfriendly link cooky fuck eu,not sexist,train
sexism2022_english-1574,hiding served lawsuit ah see youre cowardly rodent,not sexist,train
sexism2022_english-6418,fuckin cunt vote woman poc woman poc fuck whore kateharding,sexist,test
sexism2022_english-8788,user put permit,not sexist,train
sexism2022_english-9247,would anyone daughter dating man whose got hit together going want talk sob thats bout,not sexist,train
sexism2022_english-10176,ever met female 37 year old virgin normal looking welladjusted human 37 year old female virgin either disabled physically mentally look like ogre completely nut,sexist,test
sexism2022_english-2139,well dunno user video version posted there flash sweet sweet muzzie flesh beneath burqa one point boyoh still hot bothered lem tell,not sexist,train
sexism2022_english-10355,never want see woman ever hate heart screw hell reason got matched ukraine cause girl aid,sexist,train
sexism2022_english-12787,lol 59 200 lb woman pretty damn big put perspective serena williams 59 weighs 159 lb muscle day youre woman 59 200 lb pretty much guarantee extremely fat,sexist,train
sexism2022_english-10021,1 acting like complete douchebag,not sexist,train
sexism2022_english-1767,damn brutal james stone cold killer,not sexist,test
sexism2022_english-6550,know two woman one case became clear later kid doesnt first fuckboys name also gene guy believe mgtow way,not sexist,train
sexism2022_english-849,url navy mom surprise daughter 7month deployment,not sexist,train
sexism2022_english-19344,25 min fame didnt pan way envisioned crawled back hole guess nasty woman,not sexist,train
sexism2022_english-15684,freedom yep every year pay tax bunch third world scum steal money rape woman thank vet giving freedom,not sexist,test
sexism2022_english-5199,acid squirt bottle easily attainable used use filthy tactic safe lady find distress vow intervene best ability,not sexist,train
sexism2022_english-4793,sorta odd given fact another trans char game group best friend kinda odddd issue,not sexist,train
sexism2022_english-18247,there way bitch coordinated enough pull,sexist,test
sexism2022_english-926,men dumb long enslaved even though better without woman even fhe best case scenario still chase relentlessly make men suffer womens hand,sexist,train
sexism2022_english-11519,least mother still spine rare,sexist,train
sexism2022_english-2525,almost woman homobisexual,sexist,train
sexism2022_english-16590,damn look female reationalization like running theme fds mod post sub always engaging bad faith argument hoping one look argument logic,sexist,train
sexism2022_english-4516,yo wassup heard youse woman dont even listen man bae trippin gf,not sexist,test
sexism2022_english-10420,well least one sheriff come sens piece crap sheriff scott israel broward county liberal first as second moron third never recommend url,not sexist,train
sexism2022_english-11968,user exchange programme next week muslim girl wear mini skirt low top drink beer eat bacon get know joy freedom normal like kafir,sexist,train
sexism2022_english-7005,chromosome xx youre 100 female,sexist,test
sexism2022_english-5418,omg assume gender dat female tell long ovipositer sticking butt us pierce plant stem inject egg,not sexist,train
sexism2022_english-10515,considering questionable conduct human right commissioner lot people ashamed shes australian url ausfam auspol ausfam auspol ausfam auspol australia,not sexist,train
sexism2022_english-10231,girl give shit test scare shit,sexist,test
sexism2022_english-10343,look like exwives convention way lobby demand fed double alimony settlement,sexist,train
sexism2022_english-2700,went slapped another asian guy lem guess wouldnt slap white bet actually married white guy,not sexist,train
sexism2022_english-12548,really say kavanaugh elected take didnt even try study justice nominated elected chosen potus people moronic selfish islamic imbecile,not sexist,train
sexism2022_english-1259,yea nut prob nervous know buddy sentence make sence,not sexist,train
sexism2022_english-266,woman trying happypositive look yall throwin straight vile hate jesus guy chill fuck,not sexist,train
sexism2022_english-5283,havent heard commenting woman appearance always misogyny,sexist,train
sexism2022_english-12252,yeah well wouldnt done anything op anywaysanyways yes op calling girl work well especially like said got nothing lose bold approaching nothing lose,not sexist,train
sexism2022_english-6372,lol snippy go girl,not sexist,test
sexism2022_english-6202,ugh white wife suck theyve turned nigger,not sexist,train
sexism2022_english-12259,would love suck tit,not sexist,test
sexism2022_english-2555,u getting high classed paid tuition privilege right id imagine he paying get education sleep around action consequence need start becoming self reliant,not sexist,train
sexism2022_english-9366,god point oil painting queen swear,not sexist,test
sexism2022_english-13304,cobra tate millionaire kick boxing world championship multiple time mentioned getting flaked ig skank he millionaire downgrade booty call talk ltr marriage troll pull girl newly 18,sexist,train
sexism2022_english-11617,exactlyi stick without trying assholebut castrating please woman either,not sexist,train
sexism2022_english-5909,nah sure sold u chinese,not sexist,test
sexism2022_english-19432,tldr incel mad think favorite driver wife pretty enough,not sexist,train
sexism2022_english-13809,never said supported anything categorically fuck deal one ill deal shia arent invading west fucking goat woman thousand like sunni,not sexist,train
sexism2022_english-2218,picky sign standard user intelligent woman url,not sexist,train
sexism2022_english-18585,mika brzezinski msnbcs morning joe disgusting fascist opposite everything believe said would still bang hell gabfam gab url,sexist,train
sexism2022_english-18705,trump communist twat support jew,sexist,test
sexism2022_english-6994,sigh mangina pretending mgtow used picture woman like domina profile picture yt,sexist,train
sexism2022_english-11386,reward every temple mount rioter 4500 shekel month every mourabitoun murabitat received monthly salary 4500 shekel harassing jewish visitor temple mount url,not sexist,train
sexism2022_english-14549,rachel maddow cecile richards show last night lesbian murderer meet tv show good come nothing,not sexist,train
sexism2022_english-1969,7 minute mark trump clearly signaling doesnt show monday fuck game go ahead vote url,not sexist,train
sexism2022_english-3982,many pig lock thing wassickening url,not sexist,train
sexism2022_english-15461,well need explain law perpetuates oppressive culture woman face india creates better system woman,not sexist,train
sexism2022_english-1528,yes need wont shy away form power like spunk,not sexist,test
sexism2022_english-166,blah blah blah medium fawned old dryed hag cant even stand without falling chance trump win dont buy beto b url,sexist,train
sexism2022_english-7031,nah people attracted type super model looking chad stacies boring artificial looking feature synonymous corporate commodification used sell everything,not sexist,train
sexism2022_english-18800,big tit foists stemstress u phresh job shes nothing sheswindler url,sexist,train
sexism2022_english-3845,saw whole thing bf cry cheated,not sexist,train
sexism2022_english-12903,jew havent stopped taking white wife kid excuse like asshole,not sexist,train
sexism2022_english-19531,ouch one position never put cucked sometimes wife want kill ill never give reason want remove johnson,not sexist,train
sexism2022_english-19164,true ugliness shine,not sexist,train
sexism2022_english-3002,hahaha didnt feel awkward time perhaps alcohol sex morning cried thats began feel awkward,not sexist,train
sexism2022_english-7096,well feminist also dont like woman consider prettier there,sexist,test
sexism2022_english-19388,justin trudea warming cuckstool woman offer god emperor trump proper deference,not sexist,train
sexism2022_english-11598,youre hooking mother respect wouldnt touch family member personally im,not sexist,train
sexism2022_english-18954,artistic community want painting taken destroyed white woman dared paint dead black boy casket url,not sexist,train
sexism2022_english-8031,hell didnt dope hope fire really say lot think,not sexist,train
sexism2022_english-17102,fuck shit go fisting,not sexist,train
sexism2022_english-19692,hundred dead baby girl found pakistan rubbish dump url,not sexist,train
sexism2022_english-18116,wonder muslim men go around raping woman europe thirsty fuck,not sexist,train
sexism2022_english-8991,35 one aging harpie bellow like putting gypsy curse like guy movie thinner,not sexist,train
sexism2022_english-5574,gut still got girl whats stupid myth keep hearing,not sexist,train
sexism2022_english-2434,ashley type bitch get house robbed held gunpoint still want fire life,sexist,train
sexism2022_english-5441,shes toying bud probably showing friend funny dont get butthurt leave dont continue conversation hit gym,not sexist,train
sexism2022_english-16986,true older woman neglecting fact relationship possible someone younger,not sexist,train
sexism2022_english-17586,arguing thing pointing said reply,not sexist,train
sexism2022_english-2298,yeah stormy daniel virgin met donald give ne fucking break,not sexist,train
sexism2022_english-5964,well plastic surgery sure waste money shave head shell still look like daddy,not sexist,train
sexism2022_english-1525,lefty dad offer daughter 100 knock maga hat guy who sitting minding business leftistskeeping classy url,not sexist,train
sexism2022_english-9850,lol woman want 8 theyll settle 5 thats want,sexist,test
sexism2022_english-9511,finally thing hoe good,sexist,test
sexism2022_english-11249,president trump allowed rosenstein step dick another one biting dust,not sexist,train
sexism2022_english-339,dont understand white woman hate white woman much support poc like say shit like hate hate color nothing,sexist,train
sexism2022_english-1247,whod guessed hideous landmanatee would sensitive appearance,not sexist,train
sexism2022_english-8305,questioned street bobby hijabi,not sexist,train
sexism2022_english-6881,dudley walden dad dont send daughter college especially left wing institution less 4 year antifa xxx actress,sexist,train
sexism2022_english-3504,victim angry hiv positive rapist transitioned woman jail allowed assume new identity url,not sexist,test
sexism2022_english-8914,maybeshehitsher highest rate physical abuse occur lesbian couple sorry ruin feminist fake fantasy fact really cared reducing female victim violence perhaps theyd address,sexist,test
sexism2022_english-5710,know least 4 woman near murderer called abortion,sexist,train
sexism2022_english-13112,hurt dog must destroyed,not sexist,train
sexism2022_english-8890,deviant west hollywood decided porn star saluted special day disgusting people disgusting city honoring disgusting woman,sexist,train
sexism2022_english-11004,wife kill husband complained burned dinner url,not sexist,train
sexism2022_english-2342,yeah im better looking cantwell could seduce female magistrate ill magistrate magistrate,not sexist,train
sexism2022_english-282,believe intention yes,not sexist,test
sexism2022_english-19102,tip want get married anyway woman,not sexist,train
sexism2022_english-9394,im probably close twice lily allen age ive never assaulted male hmmm behaviorial change may order mean url fakenews,sexist,train
sexism2022_english-9787,right probably thinking fool liking like dont let go thinking ask dont mention thing let awkward situation die,not sexist,train
sexism2022_english-3309,people stand feminism right woman prompt strict punishment sexual abuser,not sexist,train
sexism2022_english-19944,lot plain mathematical like belief 20 attractive men sex almost woman point yet look virginity rate,sexist,train
sexism2022_english-1492,instead ignoring mentallyill person take seriously burn witch url,not sexist,train
sexism2022_english-4353,migrant sweden need sex education still havent clue rape respect child woman user goat url,not sexist,test
sexism2022_english-18824,pc always always stand personal computer 2 gender,not sexist,train
sexism2022_english-14753,associate people powder face like fking ghost woman,sexist,train
sexism2022_english-4850,user mayor nyc idiot voted worse citizen get deserve leadership get voted,not sexist,test
sexism2022_english-2880,resign get kicked choice cut business half thought could get away,not sexist,train
sexism2022_english-16668,redhead feminist cunt picture old spinster got gaming,sexist,test
sexism2022_english-2816,yo really gon na take month vacation russia fuck russian woman atleast isnt going thailand guess,not sexist,train
sexism2022_english-6597,meet 9 10 girl youre mostly cold approaching,not sexist,test
sexism2022_english-18078,motherinlaw god rest soul said getting old faint heart right,not sexist,train
sexism2022_english-14354,average female body day heavily overweight way shit going thin 5 become 9 virtue overweight next year,sexist,train
sexism2022_english-17296,he nigger,not sexist,train
sexism2022_english-13009,list hapas asian mom dont look asian listing nfl nba player,not sexist,train
sexism2022_english-2776,never seem get tranny porn feed exclusively use app website maybe thats,sexist,train
sexism2022_english-5409,refuse let good everything earned absolute dictator absolutist,not sexist,train
sexism2022_english-6732,way andrew run place distress much dont pull little girl panty go home whiner,sexist,train
sexism2022_english-12768,thats woman thats man baby,sexist,test
sexism2022_english-17086,im angry ive internalized truth stephan traditionalist bit cuck lovely wife divorce take child wont cry tried warn,not sexist,train
sexism2022_english-6839,im actually shocked receptive every one thread shes getting real truth bomb thread,not sexist,train
sexism2022_english-6842,dont like continuous bashing woman also believe true free speech often ugly without free speech democracy,not sexist,train
sexism2022_english-3427,experience isnt case hubris bullying rewarded without sort karmic justice even pedophile rapist much better dating arena,not sexist,train
sexism2022_english-6189,turn user making fun dead fat commie slut internet equivalent assassination franz ferdinand 1914,sexist,train
sexism2022_english-16769,smart person predict future dumbass see short term benefit metoo feminism black life matter nazi socialism marxist etc fall category leftist bullshit,sexist,test
sexism2022_english-1575,maxine might keep big mouth shut,not sexist,train
sexism2022_english-619,manmade climate change may real negataive effect pale comparison 3rd world population growth population kill world sooner,not sexist,train
sexism2022_english-4168,legally itd wrong kill one poor girl morally believe deserve death,not sexist,train
sexism2022_english-5900,good look asian woman much traditional conservative stereotype,sexist,train
sexism2022_english-8665,looked saw bitch harf fox medium must one get much air rime bitch belong cnn fox shut tv,sexist,train
sexism2022_english-18437,almost never see mediterranean white woman fooling around nigger go unfortunately slavic woman,sexist,train
sexism2022_english-18261,feminist sjw isnt entirely bad looking make perfectly fuckable woman go nut,sexist,train
sexism2022_english-10108,accidently know doesnt realize camera almost inside pussy,sexist,train
sexism2022_english-12083,ngl youre obsessed guy big dick average woman considered bdd part,sexist,train
sexism2022_english-18214,killed joan river cant coincidence two week outing dy obongodeathlist,not sexist,train
sexism2022_english-8275,must held accountable go wrong jungle,not sexist,train
sexism2022_english-5511,scum bag like couldnt even speak woman like id crush heel idiot fag,not sexist,train
sexism2022_english-8696,truce consequence muslim men like killing muslim men keep overpopulation get woman harem,not sexist,test
sexism2022_english-15711,user ill buy one way ticket somalia biafra 3rd world utopian shithole choice promise board,not sexist,train
sexism2022_english-15338,yes moral law unchanging sexual immorality death worthy sin however jesus clear without sin enforce death penalty,not sexist,test
sexism2022_english-17835,girl cootie,sexist,train
sexism2022_english-8062,joy bayhardon talked old whitemen last night forgot olddouche bag white wome like frankenstein bayhardon like,not sexist,train
sexism2022_english-763,user exactly forget irish hurleys wooden stick remove fag flouncy dress find nearest tall building asap,not sexist,train
sexism2022_english-16212,50 tip wow man even called weirdo getting much free money u tipping culture really fucking retarded idea still exists 2018,not sexist,test
sexism2022_english-7237,portly portland god place dumpster fire thought la sf worst,not sexist,train
sexism2022_english-8265,meteor hit pluto woman affected,not sexist,train
sexism2022_english-10235,mr hitler sweet wish would born germany president know everything great kill lot white american christian soldier becuz scheming jew tricked,not sexist,train
sexism2022_english-17737,user 1h jihadi parent kiss daughter bye b4 girl launch bomb attack great parenting url,not sexist,train
sexism2022_english-6397,biggest cherry picking bullshit seen,not sexist,test
sexism2022_english-14721,obediently shut fuck walk away swallow beautiful word everytime get gaslighted brutally cant honestly say want shit,not sexist,train
sexism2022_english-11671,politics huma abedin sent classified unencrypted email thru yahoo account ended hubby weiners lap top,not sexist,train
sexism2022_english-10026,insulting expressing love friend unlike woman fake even friendship towards female love friend hate,sexist,test
sexism2022_english-13799,unbelievable university washington prof put probation mentioning christian faith front muslim student url,not sexist,train
sexism2022_english-5552,might suddenly become visible shes knocked chad tyrone need betabux thats possibility 6710 normies,sexist,train
sexism2022_english-5747,agree clear sign immaturity woman still speak way late 20 spoiled longer last,sexist,test
sexism2022_english-3356,ok youre going fine work nerve approach bit girl going go gaga blast,not sexist,train
sexism2022_english-5914,also man making joke rape unfanny real rape woman commited agains man joke 22vagina,sexist,train
sexism2022_english-17666,somebody gab asking people make bullshit story victim felony arent held accountable one look like time sentencing delayed woman made story sex assault cop url,not sexist,train
sexism2022_english-14570,reminder hillary said would like emulate angela merkel elected clinton presidency american muslim population would exceed germany 2024 save usa vote trump maga draintheswamp,not sexist,train
sexism2022_english-6399,ever become legal shoot someone theyre stealing car url 2a 2ndamendment ccw armeddefense selfdefense,not sexist,test
sexism2022_english-3320,lol imagine would simps like doesnt deserve ugly guy jfl,not sexist,train
sexism2022_english-3493,much hate jewish,not sexist,train
sexism2022_english-16414,female sex relationship social anxiety,sexist,test
sexism2022_english-14283,meh sound dangerously like dont look concrete advice fuck yes nice rethoric dont let say make give girl early,not sexist,train
sexism2022_english-10754,end day sound like really bad anxiety try meditating talk people could try memorize saying play game dont get pissed mess,not sexist,test
sexism2022_english-2147,germany afd woman march munich christian germany url via user,not sexist,train
sexism2022_english-382,one group would rather frat house personally choose classical alt right give nauseating feeling take internet irl,not sexist,test
sexism2022_english-163,thousand schoolgirl gangraped voter work tragic see innocent child caged like animal corbyn slam trump immigration policy url,not sexist,train
sexism2022_english-19918,officially polyamory committed romantic relationship multiple partner basically official codification modern woman dual mating strategy alpha fuck beta buck there nothing new sun,sexist,train
sexism2022_english-9310,call fascist still support trump despite betrayal servitued unto israel fed win current system election insurrection coup work,not sexist,train
sexism2022_english-9523,isnt even top 5 dumbest thing shes ever said,not sexist,train
sexism2022_english-17031,blared horn started screaming back herlets go bessie move along,sexist,train
sexism2022_english-1192,christine ford live fear need leave country leave planet useful idiot bitch ftfy,sexist,train
sexism2022_english-16696,god shes joke,not sexist,test
sexism2022_english-3346,nsfw nsfw white blonde boob tit sexy,not sexist,train
sexism2022_english-19729,woman demand treated like woman tell need get knee treat like man stereotype cut way woman expects traditional gender norm well better live end bargain,sexist,train
sexism2022_english-5047,mate flightless bird shit coming fuckin bledisloe cup well might win game,not sexist,train
sexism2022_english-1639,movement real problem woman user hate goodlooking woman 2nd law action,not sexist,train
sexism2022_english-18430,winnie pooh get honies,not sexist,train
sexism2022_english-16110,definitely think hard obtain agree saying although judge coke without ever trying rejected time last week think bruise ego little bit,not sexist,train
sexism2022_english-11844,always wanted see one could run pull cock fuck face,sexist,test
sexism2022_english-7011,sociopath killing spree almost invariably target female almost diagnostic per se,not sexist,train
sexism2022_english-12978,look fake biden hand shadowed woman hand,not sexist,test
sexism2022_english-19735,girl hug continuing gossip guy hug one em going downlol,sexist,test
sexism2022_english-17796,run back daddy whenever need help thought men sooo bad lol like said end need help men cant shit dad must major cuck raise stupid daughter went wrong,sexist,test
sexism2022_english-18283,even wanted ask one,not sexist,test
sexism2022_english-4017,womens vagina scrotum um sure,not sexist,train
sexism2022_english-2639,sometimes getting girl easy unless fuck,not sexist,train
sexism2022_english-9075,love life want men xd,not sexist,test
sexism2022_english-13111,jenner think hillary clinton url,not sexist,train
sexism2022_english-511,biggest load crap ever heardwhere come shit,not sexist,train
sexism2022_english-17482,ur mom said raped bitch,sexist,train
sexism2022_english-682,cope woman hardwired ignore genetic trash subhumansthey real nazi send genetic trash straight extinction,sexist,train
sexism2022_english-1502,cant see way without ugly doubt womens suffrage disastrous democracy failed experiment anyway,sexist,train
sexism2022_english-499,remember people hated penny said didnt speak woman alone,not sexist,train
sexism2022_english-14427,kill perps period cleansed country woman need buggy tricked mad max style allow safely navigate postapocalyptic hellscape modern western europe,not sexist,train
sexism2022_english-14490,dude single motherhood good child would want father yes youre delusional,not sexist,train
sexism2022_english-18044,look undercover sex signal leil lowndes female sexologist,not sexist,train
sexism2022_english-5947,user like message turn cheek something like call cuck fu moslem rape daughter kill friend dont forgive deport,not sexist,train
sexism2022_english-2513,theyre sodomite andor go hell,not sexist,train
sexism2022_english-17966,he tall surely wouldnt cheat 511 jeremy meeks,not sexist,test
sexism2022_english-19678,dont forget slept withand probably still see whoever gave hershe stole oversized hoodie,not sexist,train
sexism2022_english-12722,thats fucking terrible croatia,not sexist,train
sexism2022_english-12107,as spectacular say get another opportunity consider blessed pussy god likely scenario door closed accept fucked better next time,sexist,test
sexism2022_english-11707,anyone thought ford credible compelling need thier goddam head examined,not sexist,train
sexism2022_english-3587,absolutely rinos stab u back tossing vote democrat never forget hardcore smear campaign w hillary clinton lawyer behind evil bitch,sexist,test
sexism2022_english-15503,chad uncle retarded fyck neets ugliest son father financially help succesful love retarded btw,not sexist,train
sexism2022_english-12748,fuck,not sexist,train
sexism2022_english-478,user aww shuck maam,not sexist,train
sexism2022_english-15970,female id invite try p,not sexist,train
sexism2022_english-16730,damn youre ruthless,not sexist,train
sexism2022_english-14603,nope syill samr behavipur im looking badically said girl hot enough guy cheat spot vice versa,not sexist,train
sexism2022_english-4877,wouldnt go doctor afraid bill afterwards would rather suffer nonlife threatening pain indentured servant fucked system,not sexist,train
sexism2022_english-19814,wymyns drive truck,not sexist,test
sexism2022_english-7114,young turk push man kill gabfam news speakfreely youngturks url,not sexist,test
sexism2022_english-778,ok need buy tractor get woman time changed,sexist,train
sexism2022_english-12481,could find 400lb man dick would impressed would everyone else involved,not sexist,train
sexism2022_english-15267,unless actually happens see 1 physically attractive want spend money shell enough attraction hookup fuck let winendine importantlybe seen matt,not sexist,train
sexism2022_english-18733,mind game play woman involved one arent worth effort imo simplify motherfucker,sexist,train
sexism2022_english-8465,childless career woman regardless married hell think life going,sexist,train
sexism2022_english-9779,maga trump hillary draintheswamp filthy bitch molyneux url,sexist,train
sexism2022_english-19543,im starting realize delusional sub girl least average,sexist,train
sexism2022_english-2170,youd think bitch 5 pound nose would happy thought chosen hated hamas,sexist,train
sexism2022_english-546,bad faith 2018 time woman get away bad behaviour playing innocent getting white knight defend manipulative way,sexist,train
sexism2022_english-14221,youre right incels little offer term look woman want besides wealth,sexist,train
sexism2022_english-18387,female imam,not sexist,train
sexism2022_english-6258,riff raff damn story make mad want beat crap stupid selfish woman like im docile blood boil keep awake day kidding url maga ignorance pray,sexist,train
sexism2022_english-18855,anywhere near overthey getting skank comfortable later bet tomorrow kick new hole as,sexist,train
sexism2022_english-4956,read science transgenderism youre nothing spewing creationistlevel bullshit dumbass opinion doesnt trump reality,not sexist,train
sexism2022_english-18550,evil woman,not sexist,train
sexism2022_english-1748,id like tongue as right lol,not sexist,train
sexism2022_english-14034,white woman tell heap big lie speak fork ed tongue,sexist,train
sexism2022_english-6874,west treat woman like small child hate beta male much low iq herd female,sexist,test
sexism2022_english-14235,privilege theyd get captive wife cook food laundry raise kid etc really hate woman theyre loathe part privilege,not sexist,train
sexism2022_english-3568,news flash woman like tall guy dont,not sexist,train
sexism2022_english-18186,life way better without woman way better,not sexist,train
sexism2022_english-2848,fucking bitch ceiling dont hold u doesnt sound like fucking black female gender,sexist,train
sexism2022_english-4813,shouldve went mike tyson,sexist,test
sexism2022_english-1564,thats rare shit right boy go cherish,not sexist,train
sexism2022_english-4449,im 65 gigachad im tell guy easy think yesterday almost got stacylite personality mogged 52 bald indian janitor hang bros,not sexist,train
sexism2022_english-19418,biggest downfall men value appearance dont literally never boyfriend cared appearance like course want hot gfwife guy option want look,not sexist,train
sexism2022_english-13253,also think tooked granted first ask several year ago crush long time improved little give chance booom,not sexist,train
sexism2022_english-18245,respect gargled last deposit dna seeped lip,sexist,train
sexism2022_english-15730,like university u right mean live rape culture north america according feminazis islam peaceful everybody sure rape woman child cant judgefuckislamuser,sexist,test
sexism2022_english-2245,dumbing youth happened japan japan longer 2nd world power even behind korea stricter education much hate wikipedia making reference good betsy devos commoncore dumb youth url,not sexist,train
sexism2022_english-13599,want every woman tearing pant october cute one try pumpkin spice penis deodorant youre welcome men,sexist,test
sexism2022_english-15350,ok really meretricious cheating ct right checking thought id check first,sexist,train
sexism2022_english-7833,2016 saw revolution forgotten american men woman go work every day pay bill time obey rule law live life respect fellow citizen property url,not sexist,test
sexism2022_english-15738,lived next lady would literally blow voice yelling kid,not sexist,train
sexism2022_english-18324,know shes keeper url,not sexist,test
sexism2022_english-8176,amarosa managault newman warned lawyer use name would impossible limelight whore slanderer truly hope pay massively url,sexist,train
sexism2022_english-3539,stupid bitch cant prove one paramour gave hiv,sexist,train
sexism2022_english-16034,user totally agree normal guy talk every man time life said similar thing woman normal big deal yes woman say thing trump always vote support maga,sexist,train
sexism2022_english-1127,tell synagog satan jew,not sexist,train
sexism2022_english-1753,wow wife get mad clogging toilet ill show,not sexist,train
sexism2022_english-475,live 5th avenue aka loaded shit sure,not sexist,train
sexism2022_english-9828,kaepernick brainwashed islamist palestinian linda sarsour racially confused like obama reject white mother prefers african father,not sexist,train
sexism2022_english-16522,youd surprised girl alpha especially taking virginity could lying anyone could lying time,sexist,train
sexism2022_english-18927,tbh lot insta thots already 95 plastic,sexist,train
sexism2022_english-16197,frankenstein said 5 min leave asked leave information 45 page report implicated fraud know deep shit thats looked nervous stressed,not sexist,train
sexism2022_english-4075,im 56 latino 5 dick would able get lowend 1310 white woman u careermaxx also easier latino integrate accpeted white local race like black asian,sexist,train
sexism2022_english-17216,think hate woman,not sexist,train
sexism2022_english-18650,anyone elses responsibility unwed mother reasoning doesnt make sense woman get pregnant much birth control woman 100 control pregnancy,not sexist,train
sexism2022_english-7046,advanced version let take break ploy keep beta hook m hamster try lock better prospect,sexist,test
sexism2022_english-17285,pit truly dumb cant stand,not sexist,train
sexism2022_english-18137,lie satan father lie liar everywhere cardinal belief men woman made offspring satan believe see everyone including child evil,not sexist,train
sexism2022_english-12528,irony one romantic blue pill movie instead perfect example hypergamy cuckoldry female privilege etc,sexist,train
sexism2022_english-8120,20 girl sex insecure body count would suggest break,not sexist,train
sexism2022_english-1972,well im hothead wife attesti burn cold,not sexist,train
sexism2022_english-6504,responsible want fuck criminal history go ahead live like bum,not sexist,train
sexism2022_english-10150,hey 97rock cant wait break nigger joke muslim barb kike zinger await iconoclastic edginess repetitive rotation faggot elton john tune born wild url,not sexist,train
sexism2022_english-9212,sarah condorfisher toxic masculinity pathological destructive way looking world fostered woman damaged relationship wmen men dont know r r trying shirk responsibility profpeterson url,not sexist,train
sexism2022_english-16232,seenonvoat america first gay female native american police chief hired first somali immigrant copwho shot white woman,not sexist,train
sexism2022_english-17539,harvey weinstein rape accuser rose mcgowan say hollywood operates like cult appears hay festival url,not sexist,train
sexism2022_english-16162,true many today woman bad nurture today think hypergamous nature always controlled better past,sexist,train
sexism2022_english-8530,except rp say okay men go woman well let male see truth male situation society let decided ie say bluepill,not sexist,test
sexism2022_english-19885,talking woman change law say men delete look mia khalifa,sexist,train
sexism2022_english-2046,yep like tried trump election remember lady alleged got touchy feely plane believe,not sexist,train
sexism2022_english-11676,told new girlfriend 10 15 million dollar bank account actually true balance 37,not sexist,train
sexism2022_english-1833,victorian would make dude heart attack,not sexist,test
sexism2022_english-16035,im still sure understand lust woman ogle dolphin like body taking shower understand watching woman taking shower maybe look utter revulsion face turned weird way,not sexist,test
sexism2022_english-6349,case missed earlier today fun fapping tonight got fap fuel created truly main art gallery there lady like overwatchs mei mr game watch earthchan url,not sexist,train
sexism2022_english-1712,feel embarrassed woman today crazy witch hunt,not sexist,test
sexism2022_english-9029,gabfam purplerevolution full swing ciacoup would someone please tell decietfulhrc shes done,not sexist,train
sexism2022_english-9119,bad thing girl said anything like ended fucking,not sexist,test
sexism2022_english-6220,leftist cuck sound like jewish one,not sexist,train
sexism2022_english-964,fantasise chad,not sexist,test
sexism2022_english-8027,think he entitled body yikerinos,not sexist,test
sexism2022_english-10070,id grab pull as house literally beat shit,sexist,train
sexism2022_english-1107,wont mind lose sleep one islamic brother sister kill american dont think wont send intel muslim invader fucking retard duty wedge islam need sowe ideology,not sexist,train
sexism2022_english-10879,news cycle crazy yesterday playmate said slept trump friend watched isnt even mentioned today porn star slept president plus shit going syria something,not sexist,train
sexism2022_english-453,male dog female dog,not sexist,train
sexism2022_english-19879,mom,not sexist,test
sexism2022_english-3344,user ive tried twice wont let even though fault conservative female stuck liberal la la land someone save im new politics im convinced picked right side im stuck commiefornia,not sexist,train
sexism2022_english-1554,perfect boyfriend must 6 virgin must sex 50 girl must make 1000000 per year must 25 35,not sexist,train
sexism2022_english-16231,u old fucker shoot wetback cunt thousand mercy family,sexist,train
sexism2022_english-16417,dont think would able swing 50 cal well glock sw,not sexist,train
sexism2022_english-9648,like say battle equality even though allfemale coalition,sexist,test
sexism2022_english-15381,girl still prefer masculine look gay femboy type,not sexist,train
sexism2022_english-7177,hld thats super amusing since crossover kingdom death anita ever saw would go apoplectic,not sexist,train
sexism2022_english-11224,woman want men make money article sure blow woman want love horseshit water,sexist,train
sexism2022_english-4983,ive seen virtue signaling white girl cover ear pain someone said nigger fascinating behavior really,not sexist,test
sexism2022_english-2517,use woman like kleenex blow throw,sexist,train
sexism2022_english-14228,life thailand want better life fucktard,sexist,train
sexism2022_english-199,good people start realize theyre together proving hitler right guess despite harshest consequence fucking deserve rude awakening,not sexist,train
sexism2022_english-14178,make think feminism really abstraction wealthy spoiled woman get work feminism literally started bougie white woman victorian era piss husband,sexist,train
sexism2022_english-10905,thats calif people dumb gun hell voted water pelosic frenkenstien,not sexist,train
sexism2022_english-4022,fuck wife,not sexist,test
sexism2022_english-2694,dont see anthropologist disagree either way difference euopeans exist,not sexist,train
sexism2022_english-4785,hate men woman,not sexist,test
sexism2022_english-13815,incel uprising coming boyos tired treated like subhumans 75 u,not sexist,train
sexism2022_english-13423,whatever moose knuckle isnt accident,not sexist,train
sexism2022_english-10640,woman lay like sack shit anyway one crazy bed usually wife material whore actually crazy,sexist,train
sexism2022_english-6440,apparently im stupid fucking retard think fact somehow biased,not sexist,test
sexism2022_english-6823,dont know story affecting rest getting maybe daughter maybe scumbag look animal eye jigaboo hanging highest tree url,not sexist,train
sexism2022_english-1472,seriously adorable thank sending picture,not sexist,train
sexism2022_english-10131,depends area live guess sister gay leftleaning liberal shes definitely like public persona lgbt,not sexist,train
sexism2022_english-16365,wife doesnt bother care thought shed get riding coat tail,not sexist,train
sexism2022_english-25,believe deserve punished reprehensible black white racism prevalent atrociousyet equal sentence speakfreely maga gabfam url,not sexist,train
sexism2022_english-1248,nbc bitch fake news give 200 million buzzfeed,sexist,train
sexism2022_english-9599,time ago talking girl went well talking hoe phase instantly ghosted fuck,sexist,test
sexism2022_english-299,user cant believe coming female yea thats believable dont understand even fat cop mean seriously roling donut going catch,not sexist,train
sexism2022_english-2407,andrew pretty cool dont think ever cuck free speech long dont post anything illegal bants welcome,not sexist,train
sexism2022_english-16944,canned netflix nothing kike propaganda,not sexist,train
sexism2022_english-15710,today started 31 day masculinity committed go 31 day matter focus frame refuse frame,not sexist,train
sexism2022_english-11776,truth abstract said said lead nowhere video bg raping killing child would trick q potus,not sexist,train
sexism2022_english-7928,hopefully future didnt nuke woman completelly useless sexbots waifus everything better disgusting roastie good morning hate woman,sexist,train
sexism2022_english-3397,fucked go fuck woman stop exclusive stop agreeing exclusive woman ltr actually believe shit spewing,not sexist,train
sexism2022_english-16125,woman refused sex husband let happened,not sexist,train
sexism2022_english-5525,hahahahaha got lee give break 6 year old niece could meme better,not sexist,test
sexism2022_english-646,youre finger banging girl public got butthurt idea buying fucking drink god damn weirdo,not sexist,train
sexism2022_english-13366,signaling keep fucking female fanbase,not sexist,train
sexism2022_english-13277,mother used smash autism medicine lucky charm strapping special helmet sending school,not sexist,train
sexism2022_english-8174,maine house democrat vote allow female genital mutilation url,not sexist,test
sexism2022_english-5145,id shocked ever worked usually thots getting stretched side leafyishere content nuke tier 3 sub lost boyfriend etched collective memory,sexist,test
sexism2022_english-19762,bitch child need constant praise matter retarded never compliment woman theyll probably think rape selfesteem way high anyway,sexist,train
sexism2022_english-8685,awesome response sexual baiting maybe ill begin telling girl im virgin mockinnocent look,not sexist,train
sexism2022_english-10037,man found sex dead woman street near church url,not sexist,train
sexism2022_english-16174,reason feminism defeat socalled toxic masculinity pussy crave much since woman run feel real never,sexist,test
sexism2022_english-18712,thing british evil murderer child abductor born island st kitts fry baby fry url,not sexist,train
sexism2022_english-11763,realize today university 80 woman fat sjwsfeminists way 34 20 maybe 30 decent looking fuckable woman wont scream rape alpha widow,sexist,test
sexism2022_english-6248,silly ignorant history url truetothe original scripture jew planet example allow chicken cream sauce chicken dont suckle could never mother milk,not sexist,train
sexism2022_english-1669,talk girl isnt potential mate take grand pedestal youve invented talk girl like would mate girl feel power youve given,sexist,train
sexism2022_english-14517,dis grate win 4 civul rite,not sexist,train
sexism2022_english-6103,think better word identify piece shit,not sexist,train
sexism2022_english-9205,refuted weak argument fact madam one easily image marine mammal ancestor walked dry land million year ago bird feathered reptile,not sexist,train
sexism2022_english-4148,youre playing little baby game triggering people look passive aggressive snark smiley face youre worthless piece coward shit loser go watch nigger fuck wife leave human alone,not sexist,train
sexism2022_english-10708,u ask wifey play good girl,sexist,train
sexism2022_english-1685,well thats live scarcity cant conversation girl fun youre probably coming desperate overaggressive girl shut,not sexist,train
sexism2022_english-9208,wrong sloppy second practice girl shes clearly deranged care,not sexist,train
sexism2022_english-15657,ok make standthey still hate americaaamericaand hate,not sexist,test
sexism2022_english-16934,til 2002 seoul restaurant barred u diner two american soldier killed two schoolgirl acquitted u military court url url,not sexist,train
sexism2022_english-19029,lol story another culture 2000 year eve destroy eden 4000 year epic gilgamesh woman belittle men,sexist,test
sexism2022_english-7786,drunk hanging lamp post notice hooker walking call cheap whore slug sock full quarter,sexist,train
sexism2022_english-17190,anyone voted hc brain dead go prison mass murder charity fraud treason head explode,not sexist,test
sexism2022_english-7038,fake attack,not sexist,train
sexism2022_english-4348,vast majority woman cheat military boyfriend husband yet guy still signing serve thats pathetic piece shit defends society depraved gynocentric system rule,sexist,train
sexism2022_english-14678,islam religion cult devoted spreading swordit iswas used justification horrible crime woman child approves slavery murder anyone believing pedophile god,not sexist,train
sexism2022_english-8448,didnt play guy wife whist dude smashing instead guy watchedwhat beta cuck,not sexist,test
sexism2022_english-13204,ask next week roll around still say cant doesnt set alternative time eg doesnt give day shes free move,not sexist,train
sexism2022_english-15129,user thats funniest shit ive ever read totally fucking true,not sexist,train
sexism2022_english-19438,much learn young padawan female deception know bound,sexist,train
sexism2022_english-7393,would woman hate men prostitution legal,not sexist,train
sexism2022_english-14829,gon na get worsewhiteguys cant resist asian chinese blk female theyre spreading precious white spermicide wrong melanincarrying female,sexist,train
sexism2022_english-9581,clean herheh,not sexist,test
sexism2022_english-12014,legitimately one wildest one nighters ive know public sex legal vondelpark dark god love vacation hookup,not sexist,train
sexism2022_english-15378,idiot hillary never go 2 president behind last time heard elected official going high matter former first lady stupid,not sexist,train
sexism2022_english-5020,people dont care science medium pushed girl hard ni shit,not sexist,train
sexism2022_english-8814,need get great lawyer sue fucking shit,not sexist,train
sexism2022_english-1626,reminded mass called crazy tin foil hat nut job haha who dumb ass u url,not sexist,train
sexism2022_english-11892,yep pic model like girl gun calendar sold usa real idf uniform full unit branch insignia posted pic never,not sexist,train
sexism2022_english-2586,way around poc incels like say ioc say theyre huge disadvantage race go far say cant incel youre white white incels obviously disagree,not sexist,train
sexism2022_english-2761,fake news medium whore politicized sensationalized tragedy instrumentalized grieving victim prop rating perhaps 401k also sinking sinking failing lying networkshe despicable deranged po,sexist,test
sexism2022_english-17553,21k red pilled woman fuck,not sexist,train
sexism2022_english-2695,maybe shes allergic adrenochrome,not sexist,test
sexism2022_english-9877,lol nice buy man pint woman xi whatever didnt intend misspronoun lol,not sexist,train
sexism2022_english-17712,zoom face see first hide freckle nice tit,sexist,train
sexism2022_english-13750,yeah talent running clinton foundation fraudulent charity violated tax law mommy daddy belong jail jackass,not sexist,test
sexism2022_english-2912,yes im asking cut fapping entirely porn,not sexist,train
sexism2022_english-12696,nah nephilim dunno heard enoch year ago there story cut satan sex eve translation controversy old testment delete part though,not sexist,train
sexism2022_english-7703,reminds blooper pedo many female resident user kept defending said thing like iirc op among lol,not sexist,train
sexism2022_english-14958,imagine kneeling woman humbling say imagine kneel accepting notion marriage faggot,not sexist,test
sexism2022_english-11331,lol im point woman strike conversation flirt im retarded capatilize,not sexist,train
sexism2022_english-7106,thing strong independent woman need dominant man feeling shell chasing eject,sexist,train
sexism2022_english-7663,ignorant piece schiff day come anyone follows mystery talk schiff thats look like asshole act like dumb bitch saying,sexist,train
sexism2022_english-16529,thought leading started kissing touching everywhere including pussy kissing inner thigh thanks constructive criticism,not sexist,test
sexism2022_english-17868,40 year fat mom welfare reparation lazy low iq bitch,sexist,train
sexism2022_english-9908,fuck let didnt want start shitstorm parent,not sexist,train
sexism2022_english-10522,know someone want talk talk find telepathy youre saying either read mind b dont approach typical female attitude matter honest,sexist,train
sexism2022_english-14491,lady walking ahead sped began running ran screamed screamed well never even saw running,not sexist,test
sexism2022_english-10033,cucks lazy selfish take care wife societal breakdown begin sorry fella need kindly gently lovingly show u bos url,not sexist,train
sexism2022_english-15877,user nutritionist hate vegan well thats 1 way ticket heaven love,not sexist,train
sexism2022_english-6254,unfortunately hot hell shes like 30 though seems grown beak nose,not sexist,train
sexism2022_english-8047,weeze know handle uppity white woman dont uppity white woman louisianan url,not sexist,test
sexism2022_english-18122,im first ever girlfriend incels get girlfriend ever,not sexist,test
sexism2022_english-15469,ermaguerd nation allowed openly accepted hijrah woman raped people live fear chaos prevails im speechlesswell really url,not sexist,train
sexism2022_english-8609,think would want anywhere near woman think nothing murdering baby think would slept much pissed,not sexist,train
sexism2022_english-2787,dog pill girl seems also pretty normal,not sexist,train
sexism2022_english-9531,thats girl thats brain dead pawn,not sexist,train
sexism2022_english-11490,dont use anymore girl want text,not sexist,train
sexism2022_english-12786,interesting woman would associate dog obedience first thing associate dog loyal companion guess woman expect obedience men expect loyal companion,sexist,train
sexism2022_english-4163,loved sang coming america upon apollo creed entrance rocky 4,not sexist,train
sexism2022_english-11038,fast chief time woman spout nonsense statistic like rest assured including 85 done wrong 15 made nameless faceless woman woman ever met,sexist,test
sexism2022_english-10648,ee4m downvote,not sexist,test
sexism2022_english-18404,nah murderous bitch gon na bring democratic party severe case as pain keep talking sea hag,sexist,train
sexism2022_english-11502,morning user sexy good job posting picture sexy girl gun,sexist,train
sexism2022_english-11313,new trump attack stormy daniel calling horseface tweet celebrating judge dismissal defamation lawsuit url,not sexist,train
sexism2022_english-8115,never ltr club girl fucking stupid dont even care bullshit story,not sexist,test
sexism2022_english-6979,url commie closet muslim stooge clooney speaks muslim lie propaganda thru wife muslim vagina spews sharia hell woman hollywood love muslim hell hate america make free rich,sexist,train
sexism2022_english-11417,yep theyre toxic merely thinking trap corrodes soul yet hormone compel female eve curse unable look away adam,sexist,train
sexism2022_english-5540,little sister basically ruined life family early age im trying best get house pronto,not sexist,test
sexism2022_english-6607,due time least appearance egg used without taint telegony previously lain beast field would used cuck long ago show shes got least shred decency,sexist,train
sexism2022_english-9361,top model suddenly dy shortly mother dy bowel cancer battle report url,not sexist,train
sexism2022_english-9831,get wet bookmovie blackpillscience sub study mentioned feminist fetish rate average woman come stuff,not sexist,train
sexism2022_english-19530,white purple weed lady drinking dancing woman hanging friend crushing pussy destroying stock market sideways day told hour post coitus organ finally settled back normal position,sexist,train
sexism2022_english-13066,god dumb bitch,sexist,train
sexism2022_english-12657,wish girlfriend named alexa force stuff,sexist,train
sexism2022_english-918,called ex cunt ive never seen anyone get upset word cunt made u miss entire hockey game couldnt get as ready 6 hour beforehand,sexist,train
sexism2022_english-7752,men quickly adapt creativity external circumstance,not sexist,train
sexism2022_english-10013,girl weird secretly take picture kind weird thing girl know usually,sexist,train
sexism2022_english-8284,every gvt employee know believe college education got pas gvt job somehow rate hold private sector personal contempt like caste india manor born simply cant afford,not sexist,test
sexism2022_english-8076,could potentially tried flaked first time one wayyyy long gone ghost move know worth value time,not sexist,train
sexism2022_english-11292,hadnt deleted text girl good way keep thinking forward would gladly,not sexist,test
sexism2022_english-3935,even like shes using something,not sexist,train
sexism2022_english-4924,wanting partner share sexual history value amount hatred woman would saying woman seeking virgin groom,not sexist,train
sexism2022_english-16705,well put want good quality asshole leave bad one behind,not sexist,train
sexism2022_english-205,boob butt stem move,not sexist,train
sexism2022_english-19894,somehow even though incel poster never dated woman nevertheless authority female psychology even telepaths read womens mind apparently,not sexist,train
sexism2022_english-6229,doesnt want go jail lying,not sexist,train
sexism2022_english-8318,extremely sensitive ex boyfriend made go hell say every woman ever need either hard next step dread game hurry,sexist,test
sexism2022_english-18511,one comment particular went along line five year old could fucking shit lady five year old isnt seventy fucking five dont see bernie sander lifting box supply texas,not sexist,train
sexism2022_english-17258,eye eye mouth triangle imagining kissing,not sexist,train
sexism2022_english-19416,user hillaryhatesamericans call u deplorable please hillary disgusting hag,sexist,train
sexism2022_english-18491,happy new year gabbers especially veteran brother sister veteran,not sexist,train
sexism2022_english-9630,user im fine havent slept mother yet,not sexist,test
sexism2022_english-16030,here wolfie befre got yonigga sunlamp url,not sexist,train
sexism2022_english-8229,dont forget banging brother afterwards,not sexist,train
sexism2022_english-960,dear young white girl femininity traditionalism beautiful family life fulfill,sexist,train
sexism2022_english-16659,ever heard term poaching fucker trying poach gab account shitty site,not sexist,train
sexism2022_english-12272,holocaust lie,not sexist,train
sexism2022_english-9292,solo fails gone dont care many dick suck money talk rest walk,not sexist,train
sexism2022_english-11162,society gynocentric could described bizarre matriarchy wherein largely male leader sacrifice less powerful men gain political favor woman love ill use conversation feminist,sexist,train
sexism2022_english-5950,accept nature one try fuck destroy selfworth way accept male nature one attack destroy,not sexist,train
sexism2022_english-14956,girl number 27 becomes girlfriend work,not sexist,train
sexism2022_english-6348,need app store fuck left bull loving jew slave cucks soon theyre going tell racist let gang thug rape wife daughter shutitdown,not sexist,train
sexism2022_english-14661,sometimes ppl turned religion institute shoot messenger dont even know taught many like,not sexist,train
sexism2022_english-5685,wouldnt touch whore skin like appreciate afar watch sip coffee talk funny gook language one came near irl id napalm url,sexist,train
sexism2022_english-423,report sleepy jeff session refused lock crooked hillary clinton possessed power along question watch url,not sexist,train
sexism2022_english-13546,mental health hospital prison force drug therapist psychiatrist stupid foids cucks giving bluepilled advice show emotion mental hospital put isolation,sexist,train
sexism2022_english-3601,circle word queer feminine female homosexual connect line send back school tomorrow guarantee awesome,not sexist,train
sexism2022_english-10295,uhm yes definitely tell female conversation,not sexist,train
sexism2022_english-13686,dad teach girl whore keep pole,sexist,train
sexism2022_english-7053,asking start convo cause moved chad lol def live different world man even seek advise initiate jfl,not sexist,train
sexism2022_english-9653,see first reaction try hurt gon na tell gf dump possible chance reflect action see piece shit nope gon na make pay,not sexist,test
sexism2022_english-3577,shell saying delusional crap behind bar think really nut,not sexist,train
sexism2022_english-4781,answer question dont hate woman tumblr feminist one,sexist,test
sexism2022_english-19387,wormwood used digestion stomach ailment also anticancer property paired iron kill breast cancer cell url newstarget artemesinin breastcancer iron wormwood naturalnews,not sexist,train
sexism2022_english-12549,nah man go back playing xbox masturbating girl im sex,not sexist,train
sexism2022_english-18728,still standing around non existent cock hand saying thats right kill mother fucker back feckless pussy,sexist,train
sexism2022_english-9148,like beautiful bell ridiculous stupid hyperbole ott incel,not sexist,train
sexism2022_english-372,hey shithead already follows hasnt shitcanned old compadres follow mind business,not sexist,train
sexism2022_english-3650,yeah jeremy meeks look ugly fuck many woman know wouldnt touch barge pole look like trouble,not sexist,train
sexism2022_english-15261,need one big womenofgab photo thread lady post hot photo freedomfriday gab introduce url,not sexist,train
sexism2022_english-969,like attempting argue female specie part 3,sexist,train
sexism2022_english-8734,oh never seen ever oh know compare muslim ask muhammad pedophile fucking 9 year old wife,not sexist,train
sexism2022_english-10787,poor dude hasnt realized dont share emotion woman sadistic little bitch throw face everytime make feel like shit share emotion men trust,sexist,train
sexism2022_english-1687,he got backwards need strong men good woman,sexist,train
sexism2022_english-19528,drown pig blood,sexist,test
sexism2022_english-11911,mentality making exscuses reject see everyday problem man grab ball,not sexist,test
sexism2022_english-557,feminazis white woman hating wishing destroy white culture completely self destructive real head scratcher matriarchy thousand league different kind gentle loving word never ever come feminist mouth,sexist,train
sexism2022_english-13636,hildegarde von bingenthe woman composer ever considered truly great amazing sacred music german benedictine nun thing lived almost 90 year 12 th century url,not sexist,test
sexism2022_english-4347,death beaten regular unless request pc end minimum pedophilia outside actual rape isnt considered violent,not sexist,train
sexism2022_english-771,user thought damned close couple day ago female,not sexist,train
sexism2022_english-1965,user bring sister,not sexist,train
sexism2022_english-9364,here whats alpha fuck want want keep want delete,not sexist,train
sexism2022_english-18147,somehow feel convinced user crush user,not sexist,train
sexism2022_english-14933,well he pimp guess lady know make,sexist,train
sexism2022_english-11704,likely caused rape first place must stone death problem solved,sexist,train
sexism2022_english-17295,go lawyer office im sure late every appointment also bought lunch time hoe dont stop hoeing,sexist,train
sexism2022_english-9670,toxic masculinity hate speech sexist think feeings unprotected neglected unloved addressed men give damn,sexist,train
sexism2022_english-19641,probably downvoted looking noodlewhore male looking particular race whoa racist female looking particular race fault best p3rsonality always attached nordic aryan teehee inkwell,sexist,train
sexism2022_english-10524,literally every experience every girl life,not sexist,train
sexism2022_english-18519,muslim call white girl slag hit shouldve ripped ball,not sexist,train
sexism2022_english-8073,yup enjoy socialist admitting socialist keep good work dont forget bow flag former soviet union keep mommy basement,not sexist,train
sexism2022_english-2597,sound like jerk he basically saying guy lack social fluency cant realistically attain forget girl dont want,not sexist,train
sexism2022_english-9160,part psyop cia ran 1998 using mexican paid woman baby u,not sexist,train
sexism2022_english-19354,theyre futile attempt like girl,not sexist,train
sexism2022_english-18118,dont forget bring ladder case shes upstairs,not sexist,test
sexism2022_english-13460,female pilot sit cuntpit,sexist,test
sexism2022_english-5467,incels would love committed woman fucking lol using argument men dont want commit top20 men dont want commit want use cheap cum dumpster,sexist,train
sexism2022_english-1992,got ta look size realize arent many men interested raping number 1 hideous number 2 probably arent strong enough,sexist,train
sexism2022_english-7078,think rape men motherhood woman woman innate desire motherhood men well,sexist,train
sexism2022_english-15512,eat someone 30 minute get wet saliva alone sex technique problem,not sexist,test
sexism2022_english-12939,gf make better mansplain true nature bc shes clearly behaving accordingly,sexist,train
sexism2022_english-11266,world run woman make hell seem like vacation spot,sexist,train
sexism2022_english-4853,also female mensa member ok im curious think argued otherwise still neither group likely successful based men also higher iq variation among ditto,sexist,train
sexism2022_english-14705,know wonder asian female u fair test sometimes got ta let shit fall people rise occasion,not sexist,train
sexism2022_english-12404,black version stacy,not sexist,train
sexism2022_english-3886,fucking disgusting see kid trying hold single motherhood plague avoid shit cost,sexist,train
sexism2022_english-15548,mentioning next time meet thanks twitter one always find something good bad situation eh,not sexist,train
sexism2022_english-8570,love former first lady brilliant person woman beautiful ghetto bitch learn difference fact like like bo beautiful family though aspect,sexist,train
sexism2022_english-13133,maybe right near lived,not sexist,train
sexism2022_english-2010,woman man say subvert subverted subversive subversion sickness ruin ruination ruinednation ruinednations caitlyn jazz chelsea experiment chimera delusion illusion deception dishonest,not sexist,train
sexism2022_english-10260,obama didnt get played iran want iran stronger america weaker gave keep mullah power,not sexist,train
sexism2022_english-10937,yeah boy show gold digger see,not sexist,train
sexism2022_english-18130,obviously dating apps arent ugly people unable hold random stupid conversation robot stranger cant hold conversation stranger thats problem womens problem,not sexist,test
sexism2022_english-7633,see shit like top wonder im even subbed,not sexist,test
sexism2022_english-3434,wow drumpf insulted wife mulatto son need congress act,not sexist,train
sexism2022_english-16552,good job shaming op wanting fuck patient please u favor dont answer question selfrighteous tone youre helping youre adding conversation,not sexist,train
sexism2022_english-15709,shit nancy forgot botox injected going beach,not sexist,train
sexism2022_english-15182,hahahaha brought 2 whole curried goat 20 jerk chicken lasted half hour 10 min sucking corbyns shriveled member,not sexist,train
sexism2022_english-2997,haha took advice morning different girl though came throughsmilies included cheer,not sexist,train
sexism2022_english-6269,clinton protg lot people die distrist url,not sexist,train
sexism2022_english-2429,nogales grijalva always voted mexican democrat stupid dont realize dems communistyi never voted woman gabby mercer ran twice republican,not sexist,train
sexism2022_english-6971,locklibbyup sadly sociopathic progressive ideologue doesnt grasp error placing interest american constituent subordinate noncitizen might see badge honor,not sexist,train
sexism2022_english-18448,certain muppet female pig suspected repeatedly sexually abusing frog coworker decade one say word bastard metoo,not sexist,train
sexism2022_english-5173,man love take anything anyone except female angel god wait till shit hit fan talk analyze happened hopefully wont make mistake,not sexist,train
sexism2022_english-7875,omg bro fucking died lmfaoooooo,not sexist,train
sexism2022_english-10981,democrat party stand american people color poor girl murdered ms13 thursdaythoughts,not sexist,train
sexism2022_english-1115,nah mate girl doesnt touch money thats mine,not sexist,train
sexism2022_english-8219,carousel set come complete generous assortment thots cucks,sexist,train
sexism2022_english-12592,yeah ill echo drsleeper woman typically gracious hurt x200b x200b,sexist,train
sexism2022_english-2488,backpedal want know md filing formal complaint ama place hack employed b downright passed etalicensing board getting letter,not sexist,train
sexism2022_english-1939,miserable couldnt leave 2 year aka treated like little whore loved dumped another bitch,sexist,train
sexism2022_english-16068,matter get number fact one might argue better didnt know seeing gym get number next time time hurry,not sexist,train
sexism2022_english-9450,trump support pedophile jew german woman child hitler deported settled hollywoodca created film porn industry usa used destroy america within url,not sexist,train
sexism2022_english-16227,youve ever wondered itd like married find woman doesnt want sex buy house,sexist,train
sexism2022_english-17930,never would heard soros plot cared put stupid puzzle together,not sexist,train
sexism2022_english-10816,sure didnt mean joke clearly hijab really modest wearing daisy duke halter top,not sexist,train
sexism2022_english-15313,trannie acceptance bruised remember target boycott started last april protransgender policy shared bathroom dressing room quietly continued far stock fallen 30 cost investor 15b gabfam speakfreely,not sexist,train
sexism2022_english-14818,im taking online class dropping society sorry mom dad worth anymore im rotting flesh,not sexist,train
sexism2022_english-17,first mom became whore dad left huge bitch oh god wont love,sexist,test
sexism2022_english-13848,url dont tell contributing global warming breathing might crack,not sexist,test
sexism2022_english-6895,waiting number close though,not sexist,test
sexism2022_english-6321,nah thats rapesexual molestationgross quote said thats cool promise wasnt woman,not sexist,train
sexism2022_english-11957,sex escortsex girl,sexist,train
sexism2022_english-3766,need game chick work even arent fucking whatever reason girl really disliked,not sexist,test
sexism2022_english-15108,doubt female pedophile rarely recognized hell woman sleep young boy practically even crime get slap wrist everyone say nice,sexist,test
sexism2022_english-1154,leftist movie sensation sundance film fest graphic rape 11yo girl 40yo see multiple scene take place series week attempt penetrate keep stretching open slowly url,not sexist,train
sexism2022_english-14796,convicted muslim gang rape 14yearold girl canada url,not sexist,test
sexism2022_english-18783,look dead who holding url,not sexist,train
sexism2022_english-8238,first pic homeowner 78 arrested armed burglar stabbed death house raid url europe arent allowed defend armed intruder,not sexist,train
sexism2022_english-12154,yeah criminally fake news pressed criminal investigation woman tweeted need final solution islam problem,not sexist,test
sexism2022_english-16127,enjoy future dhimmitude lady time harem,not sexist,train
sexism2022_english-16881,def hit wall hard never found attractive begin think good year left beeing 23,sexist,test
sexism2022_english-4651,arent fooling luck woman wouldnt resent others much bet havent even sex year,not sexist,train
sexism2022_english-12932,raised grandmother spoiling entire life im kinda ok ish poor ish,not sexist,train
sexism2022_english-4823,leftist medium smear machine losing influence every day liberal must terrified,not sexist,train
sexism2022_english-15712,talking phone irritating dont want girl calling either go way,not sexist,test
sexism2022_english-17807,man start digging possible dirt fem sooner better fuckup work possible criminal action misdemeanor might come handy get angry unavailability decides metoo,sexist,train
sexism2022_english-12115,absolute cuck move tell fuck,not sexist,test
sexism2022_english-2541,sarsour islamic general use taqiyya spot jailed call jihad,not sexist,train
sexism2022_english-16599,okay dinner woman wife url,not sexist,train
sexism2022_english-7100,guess witch cant find white men sleep mudsharking kardashians,sexist,train
sexism2022_english-17972,sufficiently demented imagination invent appropriate punishment angela merkel know place hell hope hurt,not sexist,train
sexism2022_english-19343,way shes feminist shes repairing vehicle isnt fat fuck call bullshit,sexist,test
sexism2022_english-6496,chick dig scar maybe cool one cheek,sexist,train
sexism2022_english-1188,north korea month away ability hit u nuclear weapon u envoy url,not sexist,train
sexism2022_english-14740,read last paragraph idiot smart cant remember wrote ive point far right racist last 2 week youre late sorry,not sexist,train
sexism2022_english-16520,yes indeed little girl grandma great baked macaroni recipe,not sexist,test
sexism2022_english-2399,black one would give shit,not sexist,train
sexism2022_english-10813,female want may saythink want guy pay bill fuck someone exciting would exact opposite person,sexist,train
sexism2022_english-7098,madcow strip tease ya would caused turn show,not sexist,train
sexism2022_english-7998,case didnt get last message messaging fb destroy chance might ive done plenty ruined every single opportunity creepy also show dont many option,not sexist,train
sexism2022_english-19441,several potential presidential candidate right hard time finding even one left first female president indeed republican,not sexist,train
sexism2022_english-7208,men woman trash need virus wipe human life earth,not sexist,train
sexism2022_english-4488,didnt big dick energy needed,not sexist,train
sexism2022_english-3012,bake really good pie complain broken nail reason missed field goal,not sexist,test
sexism2022_english-17530,progressive liescrazed mass murdering lunatic try shift tactic conservative,not sexist,test
sexism2022_english-11056,whoopi blinded ideaolgy feed hatred conservative especially non black conservative,not sexist,test
sexism2022_english-6162,pic hanged woman user user user,not sexist,test
sexism2022_english-9043,sottnet call killary reason user,not sexist,train
sexism2022_english-13037,mcconnell swamp money go straight fellow globalist martha mcsally former arizona state senator dr kelli ward making second run u senate seat url kelliwardforsenate draintheswamp,not sexist,train
sexism2022_english-10352,look stupid foot stagger around trying figure gravity sexist wont pussy pas baaahahaha,sexist,train
sexism2022_english-9919,despise woman wrote article bashing ivanka trump please read send message via twitter telling hate url amanda carpenter url,not sexist,train
sexism2022_english-8196,hell life starter wife lmao,not sexist,test
sexism2022_english-11053,john kerry belongs jail hasnt arrested hasnt anything done hillary laundering 84 million campaign,not sexist,train
sexism2022_english-369,best way woman work way corporate ladder sue bos harassment,sexist,train
sexism2022_english-10254,right sarah jeong white major league baseball pitcher shed already sensitivity training minor league,not sexist,train
sexism2022_english-12988,need know men woman handle space travel cant colonize planet men plus space travel would get mighty boring without cuties nice hair,sexist,train
sexism2022_english-10439,sad true,not sexist,test
sexism2022_english-9734,epic burn,not sexist,test
sexism2022_english-13883,sound like betamale cuck mangina soy boy cant get laid woman,not sexist,test
sexism2022_english-9871,limit child gender,not sexist,test
sexism2022_english-13201,tune evening 7pm cst8pm est yuge treat team rising star conservative medium guy gal need support get trump message url,not sexist,train
sexism2022_english-2498,government dont give shit wonder would happen laughing girl picture paki cock shoved arse itd different story drain swamp execute complicit,not sexist,test
sexism2022_english-18056,whorewhorewhore many woman walk around like even fucking teenager walk around like lol cucked father,sexist,test
sexism2022_english-11950,child wonder thus care nothing child people germany immigration invasion every single time exception defy anyone disprove,not sexist,train
sexism2022_english-13910,mate good advice older woman asks would go someone age slyly reply something along line well wouldnt like find,not sexist,train
sexism2022_english-18086,since know iq nothing genetics thank rational skeptic based kraut redpilling mean white woman making nonwhite kid perfectly fine long based western civilization saved,not sexist,train
sexism2022_english-18706,go watch favorite streamer avoid browsing easily go without even noticing thots,sexist,train
sexism2022_english-13068,philllipines malaysia indonesia dont use induscript relevant sea give shit,not sexist,train
sexism2022_english-18485,he sikh say traditionally guarded india border pakistan fought muslim invasion theyre none fond islam either sikh girl among girl trafficked raped uk grooming gang,not sexist,train
sexism2022_english-436,took make sink said thing made sad told done thing didnt,not sexist,test
sexism2022_english-13427,meanwhile cop nothing muslim imam calling gay killed complex double standard come muslim url,not sexist,train
sexism2022_english-1729,unreasonable swede url,not sexist,train
sexism2022_english-13375,brown area hospital sisterinlaw gave birth staff use light cell phone gave birth,not sexist,train
sexism2022_english-5761,shebby dasserman wultz,not sexist,train
sexism2022_english-3591,refuse play woman emotion unfortunately thats game work want win got ta learn play,not sexist,train
sexism2022_english-11649,woman ugly avoid woman addicted social medium wont labeled creep dont harass etc,not sexist,train
sexism2022_english-11567,tony jk idiot regarding islam would call satanic cult give luxury calling religion,not sexist,train
sexism2022_english-18607,plenty straight girl well gay men fuck trans dude bipan people trans one isnt really voluntary secondly isnt feature stop people wanting fuck,not sexist,train
sexism2022_english-6089,exodus 2218 thou shalt suffer witch live pretty much moral obligation,not sexist,train
sexism2022_english-6186,lol isnt lady shit test alot common one,sexist,train
sexism2022_english-1348,really meed six month start relationship damn,not sexist,train
sexism2022_english-5545,let make female cast star war movie directed paul feig starring cast 2016 blockbuster hit ghostbusters ghostbusters space like laser stronk whamen stuff,sexist,train
sexism2022_english-9014,remember gulag elizabeta larisa two woman dissident patch torn boot dry clothing rag next day slavery gulag rape camp magadan url,not sexist,train
sexism2022_english-9316,ebay 100 ultra pro life magazine size storage bag bcw board combo lot 2995 url,not sexist,train
sexism2022_english-5750,independent woman woman still want man money without give anything return,sexist,train
sexism2022_english-8298,exactly disgust animal must suffer order improve quality life female anything femaloids suffer greater good men animal female lesser,sexist,train
sexism2022_english-15640,thing like make woman hate men,not sexist,train
sexism2022_english-366,way bigot act christ hope didntdont procreate youre fit society parent psychotic woman article edit rasist bigot,not sexist,train
sexism2022_english-5686,user atmosphere turn blowtorch faster go let see fast go,not sexist,test
sexism2022_english-15332,suppose egalitarian would better label want woman men equal dont consider better happen female,not sexist,train
sexism2022_english-2696,monstersthere people color photo kid white mother hate black men bigot bet else would white man white men racist,not sexist,test
sexism2022_english-6608,referring bitch kind go interpretation,not sexist,train
sexism2022_english-309,follow string attached mouth hand foot thats want pedo legal pizzagate key,not sexist,test
sexism2022_english-15151,id child write letter christian nonmuslims burned cage sold active slave market woman gangraped daily educate instructor crystal clear fashion wonderful sharia law woman,not sexist,train
sexism2022_english-16354,im glad service long realise youre lost without woman least capacity,not sexist,train
sexism2022_english-3337,there porn literally geared towards woman plot two people making love,not sexist,train
sexism2022_english-6944,given nature ww2 associated draft dodging part white girl game spit face anyone isnt white woman,not sexist,test
sexism2022_english-11209,url obviously written incel,not sexist,test
sexism2022_english-12682,post simprateme get 810,not sexist,test
sexism2022_english-12778,he touch feminine side,not sexist,train
sexism2022_english-16099,girlfriend dress like slut 2 go still market bro try hit time withdraw show affection,sexist,test
sexism2022_english-2438,feeling never gotten close naked woman,not sexist,train
sexism2022_english-3295,dont know would use group people murder others cant get laid symbol order,not sexist,train
sexism2022_english-4394,used call marriage back woman knew lock man prospect help build dont suffer thing,not sexist,train
sexism2022_english-18533,radical would rather vote demoncrat woman,not sexist,train
sexism2022_english-14437,probably run credit check prospective mating partner ensure obligates one money,not sexist,train
sexism2022_english-18330,paying pussy men get free idiotic trickinaintfornoman,sexist,train
sexism2022_english-1427,america never hillary shes lying corrupt bitch entire life,sexist,train
sexism2022_english-6658,tellme3rdwin,not sexist,train
sexism2022_english-392,got first twelve hour twitter block apparently woman call cunt arent allowed respond calling fucktard knew,not sexist,train
sexism2022_english-14042,differentiate islam man islam woman woman brainwashed brutalized stoned mutilated raped fault dont know survived maga tba,not sexist,train
sexism2022_english-4927,disavowed disavowed 2005 disavowed therefore never happened hillary used hate gay doesnt see work two respectable people change mind,not sexist,train
sexism2022_english-15331,always find statistic comforting woman want men working woman dont want work woman wonder,sexist,train
sexism2022_english-17852,dont like constitution find country like go immediately dont need want clintonriots libtards url,not sexist,train
sexism2022_english-18893,describes conservative yet spends time fucking around college athlete conservative sure doesnt mean used,not sexist,train
sexism2022_english-17870,course real rape committed woman url,not sexist,train
sexism2022_english-19643,user hope losing rest follower worthless ingrate bad doxxer harassing torbas mother,not sexist,test
sexism2022_english-8020,one going give sympathy internet let hold back let girl didnt like deformed face think shallow would normal face,not sexist,train
sexism2022_english-8437,start continue line tomorrow good url,not sexist,test
sexism2022_english-6080,cringing little turd man guess anyone want assassinate send female strike doubt yell bodyguard dont shoot shes woman,not sexist,train
sexism2022_english-16164,considered rude ask someone much make fact highly successful engineer never went additional date woman asked much money making many option including option say,not sexist,train
sexism2022_english-11695,dude stop playing pussy game im getting post jealousy guy distaste woman pick instead kill social medium cause social anxiety,sexist,train
sexism2022_english-1757,yes making poor lady go hungry bajillionth day perfectly sane response someone accepting invitation prom,not sexist,train
sexism2022_english-3987,jts girl fault didnt get pretzel fault impatient fucktard,not sexist,train
sexism2022_english-10304,people problem female lead got problem shoving bullshit pcsjw throat disney already ruined star war marvel next list,sexist,test
sexism2022_english-1170,bet wont wear shirt,not sexist,train
sexism2022_english-18263,1 jewish 2 clearly excellent example retard 3 still justified earlier point talk shit,not sexist,train
sexism2022_english-9007,jesus man fucking pathetic imagine vag,not sexist,train
sexism2022_english-17121,fewer men engaging casual sex also fewer woman source stated yes know im bringing point factor drastically changed men engagement never said bad thing,not sexist,train
sexism2022_english-3573,remembers well fact cuntishness formative experience shaped continue shape dealing woman rest life fortunate learned lesson early age,sexist,train
sexism2022_english-17398,bad society pick tab turn sour slut walk single mother come mind,sexist,train
sexism2022_english-8399,criminal taken police via taser due officer white criminal brown skinned race card put forward investigation implemented complete bullshit bristol,not sexist,train
sexism2022_english-18841,er beat lot child,not sexist,train
sexism2022_english-19210,oh bloody summer okay take small gift hope like,not sexist,test
sexism2022_english-10039,user fire visit secret service find loyalty lie,not sexist,train
sexism2022_english-1442,user even question take back narrative dont let take away right opinion freedom speech mother fucker,not sexist,test
sexism2022_english-8834,jew york dc hit cat 5 url,not sexist,train
sexism2022_english-7602,nice dude fucking nice,not sexist,train
sexism2022_english-11556,p use word african another safe word instead sudanese black fucker aussie would like put,not sexist,train
sexism2022_english-10395,didnt kill slapped like capitalize avoids make look like killed jealousy whore busted reputation damaged took low road,sexist,train
sexism2022_english-11272,nigga going kill rape ypur wife nigger happen get along nigga,not sexist,train
sexism2022_english-7389,hot wish would gone back bj rather go wash makeup sleep another room,sexist,train
sexism2022_english-6552,um improvedo often fucking classic man wouldnt bring sex talk keep subtle keep hanging say x tell need,not sexist,train
sexism2022_english-10172,relationship ex lot like forest gumps jenny whore retarded,sexist,train
sexism2022_english-4994,sheep goat available slake muslim lust,not sexist,train
sexism2022_english-2035,young single mother never married christian value chat say sex til marriage virgin dead quiet,not sexist,train
sexism2022_english-13632,woman roe vrs wade would affect die anyway fucking baby killer,sexist,train
sexism2022_english-10130,woman blackpill young adult men want sex accept also woman really high sex drive,sexist,train
sexism2022_english-2540,keep practicing get good become famous whore,sexist,train
sexism2022_english-4540,fucked aint underage kid send spank vid girl get popped cop force evidence,not sexist,train
sexism2022_english-14041,kabballa vitim expose jewish sect ritual devil ritual practice mind oprah also devil worshiper sold soul fame rich url,not sexist,train
sexism2022_english-13372,true romance powerful weapon gay lobby stream url,not sexist,train
sexism2022_english-15256,another kdrama hard watch man pathetic cocky piece shit stupid idiot woman good smart right really want another yong pal,not sexist,test
sexism2022_english-14194,google bing eat box dick deny traffic service take aggressive measure silencing opposition url seems everything need speakfreely,not sexist,train
sexism2022_english-18566,soi guess men wear condom pretty easy step avoid hassle,not sexist,train
sexism2022_english-16901,shouldnt woman unable loyal,not sexist,train
sexism2022_english-9905,game pussy addict slave man doesnt learn please others thats game behave certain way like,sexist,train
sexism2022_english-6610,jetzt auch deutschland another fella kill another old woman arrest way url,not sexist,train
sexism2022_english-13760,thats really good say hasnt seen face 10 year,not sexist,train
sexism2022_english-10986,fuck every single form oppression attack freedom six foot deep fight regain freedom lost,not sexist,train
sexism2022_english-5815,im serious isnt joke mgtow feminist puas blackpillers etc promote sex doll either want let go woman cant get woman joke,not sexist,train
sexism2022_english-936,luffman also allegedly left voicemail threatening hack piece official daughter using hashtag obamaforlife,not sexist,train
sexism2022_english-17984,dating site good two thing looking woman youre good enough looking woman dont want guess one gon na hit,not sexist,test
sexism2022_english-14001,qualified talent sucking million dollar year salary clinton foundation others word like folk steal needy,not sexist,test
sexism2022_english-15966,guess youre right man ill best live normal sex life doubt something many woman would dig anyway,not sexist,train
sexism2022_english-12488,negro mama refuse admit negro chillin savage url,not sexist,train
sexism2022_english-11198,one cucks wrote article attacking mgtow weak loser couldnt get girl literally bald fat four eyed freak ive never taken opinion piece tradcons puas cucks seriously,not sexist,test
sexism2022_english-2489,hope shes gab,not sexist,train
sexism2022_english-8790,ask,not sexist,test
sexism2022_english-8054,asked sanduja email calling black person ape ngger calling woman cunt bitch misgendering someone purposely online gab community guideline answered,not sexist,train
sexism2022_english-2068,hell got half america side missile sent hope hit target get hell come home,not sexist,train
sexism2022_english-4909,cept train fuck puppy choke collar woman perpetually act consequence men need go mgtow fuck,sexist,train
sexism2022_english-13769,news jewish autonomy oblast russia goodmost unaware existence 2nd largest jew besides israel persecuted 2 country goy jewish,not sexist,train
sexism2022_english-1244,really hope female bos one day would hilarious,not sexist,train
sexism2022_english-4557,overunder female body buried steve shives mom property 250 ill take,not sexist,train
sexism2022_english-5406,think even point guy keeping figure hasnt fucked alimony andor child support could probably still bag young chick might still attractive woman age,not sexist,train
sexism2022_english-14878,sarsour kill white people enslave female rape little white girl kill democrat awesome new darling,not sexist,train
sexism2022_english-10364,social circle overlap gave good dick shell find fb insta snapchat hot relax wait also go bang woman,not sexist,train
sexism2022_english-15734,brace 3 somalian citizen convicted raping 13 yr old swedish girl attack vagina tore started bleeding yet raped got 8 month youth care even prison,not sexist,test
sexism2022_english-8371,people hillary clinton camp outsmart u hoping well defend trump recording wikileaks dump massively damning attack corrupt thats take anyway,not sexist,train
sexism2022_english-4087,name l8ke even legal,not sexist,test
sexism2022_english-5547,dammit hate linking twatter heard share url shes fridge,not sexist,train
sexism2022_english-17022,sadly woman find turn even ask,not sexist,test
sexism2022_english-17932,seems like awfully expensive way get prime gold digger,not sexist,train
sexism2022_english-18851,none one put number kept linking report prof woman get raped men nice try avoiding answering,not sexist,test
sexism2022_english-15639,number really close throw black rape really exception rule white men rape adult woman child rape rarely ever reported,not sexist,train
sexism2022_english-16556,discrimination,not sexist,train
sexism2022_english-16894,whole point sub fuck woman,not sexist,train
sexism2022_english-18230,dont know think girl smart day know guy dont many option girl,sexist,test
sexism2022_english-7314,abdolutely sinema doesnt even know like dick vagina cant make decision stupid cunt,sexist,test
sexism2022_english-4466,speaking man female age 30 always repulsed,sexist,train
sexism2022_english-19943,orlando shooter wife charged aiding isi url,not sexist,train
sexism2022_english-2404,men never woman well good would like physically inferior deal shitload emotion go period,sexist,train
sexism2022_english-19288,hitlery evilest woman planet period,not sexist,test
sexism2022_english-5174,guy end first serious relationship there innocence relationship part female shes calloused jaded sexual history would absolutely humiliating exposed,sexist,train
sexism2022_english-7295,send dick pic shes clearly waiting see good,not sexist,train
sexism2022_english-1905,thats literally face used make trying bust started talking nasty shit,not sexist,test
sexism2022_english-17431,true need fit get also get pretty slightly chubby woman im ok dont know,sexist,train
sexism2022_english-10769,bet doughnut say james okeefe raped,sexist,train
sexism2022_english-12887,minnesota fifth district voter elect state representative islamist ilhan omar succeed islamist keith ellison congress rep omar appears married brother 2009 dishonest purpose,not sexist,train
sexism2022_english-8507,founder started lgbt movement wore womens clothes j edgar hooverhimself,not sexist,train
sexism2022_english-1725,yes put maureen place,not sexist,test
sexism2022_english-5572,worried able fire two female staff replace one man ands he getting 5x amount work done already even brand new fuck ever employ woman never,sexist,train
sexism2022_english-16483,yes maam find old rusty piece flea market bring back precious piece around pre 1870 cant cook without family heirloom good seasoning need strip lot love pan,not sexist,train
sexism2022_english-8204,yeah thats feel confused kind rselfawarewolves kind post like great want positive kid still say foid blackpill nonsense,not sexist,train
sexism2022_english-716,likely wanted something bitch wrt fridge response apple string cheese completely legit hand,sexist,train
sexism2022_english-12194,palestinian marketing term whole arab world constantly trying destroy israel dont look like bad guy israel also palestinian arent people,not sexist,train
sexism2022_english-2860,reason eligible endured abuse hand husband,not sexist,train
sexism2022_english-1069,hoochie mama,sexist,test
sexism2022_english-9265,good pretty white first lady instead former ghettoass sheboon looked ape human user user user user user user user user user user user user user user user,sexist,train
sexism2022_english-12608,nice find thats epitome female condition toxic masculiniyy respec wahmen fuck dude covered tat beat,sexist,train
sexism2022_english-10294,grew tradcon family older sister wanted something servant men sympathize thats im male feminist suck dick dont like cuck,not sexist,train
sexism2022_english-1489,take look tab blog top left explains name blog fred,not sexist,train
sexism2022_english-17660,stupid fkn juden think ppl need permission gun remove criminal parasite among,not sexist,train
sexism2022_english-9649,user maybe would hypocritical husband like expect contributed std problem little miss slut person deserve respect always thought respect earned,sexist,train
sexism2022_english-1160,would hold back sec tease like maybe ignore laugh little bit doesnt expect make kind move,not sexist,train
sexism2022_english-13014,poor bastard really scrapping barrel fall,not sexist,test
sexism2022_english-10844,17yo perceived u 1819 senior girl dating college boy ok senior girl dating post college working man creepy man whore girl,sexist,train
sexism2022_english-18782,poppy deserve acid attack,sexist,train
sexism2022_english-17897,give decade shell new hit married lady atmosphere video gothic,not sexist,test
sexism2022_english-3073,fuck woman still mp,not sexist,train
sexism2022_english-3561,antichrist rising yes believe antichrist pope merger islam cathoilcism christmas europe coined term chrislam pope francis world government must rule u good url,not sexist,test
sexism2022_english-5824,burn along christ killer refuse repent,not sexist,train
sexism2022_english-8075,average man essentially always invisible car watch arent man,not sexist,train
sexism2022_english-7316,fox run story debbie wassermanschultz losing cooky fbi director comey pic trumpheres best quote dnc chair,not sexist,train
sexism2022_english-11775,wife treated way woman op response would last ditch effort id fully prepared leave as heart beat,not sexist,test
sexism2022_english-6084,see girl think pretty go ahead tell want get laid beacsause dont want get laid friend,not sexist,train
sexism2022_english-7533,freakin citadel accepted muslim woman want force let wear hijab url magabanislam,not sexist,test
sexism2022_english-5617,ugly men dont treat woman badly youre wrong,not sexist,train
sexism2022_english-3175,even ammunition many story video see racist migrant attack woman europe men nothing watch migrant knew men would defend woman wouldnt attack much,not sexist,train
sexism2022_english-17808,shoulda kicked ball either one guy dress dont know,not sexist,train
sexism2022_english-4127,humanity best work art study female nude thats badthing newpuritans march url,not sexist,train
sexism2022_english-5271,end dude clearly compatible thinkworry much fact gave expectation based ex weird know shes hot many great men faced dilemma worth,not sexist,train
sexism2022_english-9716,rainy day rescue rising floodwaters trapped one bride husband wedding party friend new jersey officer bogota police department able assist first rough patch url,not sexist,train
sexism2022_english-16570,yep used quotation lie short sighted part either one ground removal think either carry heavy burden nazi belief bullshit,not sexist,train
sexism2022_english-11273,buddy helped girl getting beat boyfriend dealt w came full swinging calling piece shit,not sexist,test
sexism2022_english-15534,5 colored woman breaking golf course rule pennsylvania owner course call cop irish roman catholic politician upset course owner calling cop roman catholic politician,not sexist,train
sexism2022_english-4623,guess normalizing bizzare thing,not sexist,train
sexism2022_english-6810,quiet doesnt bomb vagina bomb vagina okay im going play game knew breathing thru skin thing vagina bomb thing definitely play series,not sexist,train
sexism2022_english-12210,could normies cope knowing chad could literally fuck girl time want without effort must great mental gymnastics,sexist,train
sexism2022_english-14925,user dr fucksticks twttr avatar large contain multitude written faggotpoet waltwhitman fyi plus he quite comedian really transport competent patient facilitate arrest,not sexist,train
sexism2022_english-17373,strung mean,sexist,train
sexism2022_english-15746,would get ivory tower go barrio ghetto would see black hispanic hate murder gang initiation,not sexist,train
sexism2022_english-10055,let fk brain everynight genuine,not sexist,train
sexism2022_english-3786,want unload chick kid,sexist,train
sexism2022_english-14325,guy mobbed hope drop charge obviously reason cuffed cause young girl great though girl wind shitty little swing thenboom,sexist,train
sexism2022_english-6740,think friend user user user would like pic sexy idf soldier user user user make list jew plan kill sexy sexy woman train day kick stupid guy ass,not sexist,train
sexism2022_english-10374,true specie hyena female rule clan male bottom,not sexist,train
sexism2022_english-7790,woman keep baby pay neither there nothing unequal dont like woman choice final stop impregnating people dont want kid yawn,not sexist,train
sexism2022_english-12238,yeah drop bomb save dipshit punk as go hide mammy pussy sissy,sexist,train
sexism2022_english-19769,supreme court justice ginsburg favor decriminalizing pedophilia child sex trafficking look like sick liberal idea already implemented url,not sexist,test
sexism2022_english-7122,ethnic russian general found west urals along transsiberian railroad,not sexist,train
sexism2022_english-6488,see post made supporting gun control died little inside,not sexist,train
sexism2022_english-11106,fuck charity woman much taxpayer money already charity woman id pay someone established charity offered punish woman crime get away judicial system due rpussypass,sexist,train
sexism2022_english-19507,gee rand sort pale comparison leftist shooting another leftist bushwhacking mowed lawn believe wife thebluecoup real murderous vile scum qanon q url,not sexist,train
sexism2022_english-3936,possibly toxic masculinity one worst possible jargon phrase easiest misunderstand layman doesnt mean come across suck penis,not sexist,train
sexism2022_english-9063,user ayyyy whats good girl thanks follow p,not sexist,train
sexism2022_english-14394,feel brotha im really trying improve overall get girl life im currently college working towards getting career part pretty frustrating single woman lol,not sexist,train
sexism2022_english-268,damn youre still upset clearly doesnt love like said personality meme help cope continue believe need cope,not sexist,test
sexism2022_english-18774,ask show make apparent woman tinder like sex,not sexist,test
sexism2022_english-8877,divorce take brand new vw aparently empty room ridiculous standard procedure,not sexist,train
sexism2022_english-14158,typical tin hat cunt gon na tell fuck mother next 11 toed inbred fucking hillbilly,sexist,train
sexism2022_english-8769,woman personally left moved onto someone else,not sexist,train
sexism2022_english-303,fuck kathy griffen oh waitshed like plus heck could get url,not sexist,train
sexism2022_english-10564,yeah gymcels fuck ugly fat woman dont get shit lol,not sexist,train
sexism2022_english-11092,sister cry screaming fgm survivor fighting end practice left unable child url,not sexist,train
sexism2022_english-19135,mra would work fine doesnt say anything womens right egalitarian,not sexist,train
sexism2022_english-7900,pretty sure woman would perfectly happy mgtow idiot actually started ignoring woman,not sexist,train
sexism2022_english-16453,good ol rotary phone day 80 version cam girl,not sexist,train
sexism2022_english-10982,lol thinking men get turned confident stacys men say hate self centered narcissistic bitch yet always dating look everything,sexist,train
sexism2022_english-3411,maybe shes puppet robot hillaryshealth,not sexist,train
sexism2022_english-11926,never heard sound like another cookie cutter liberal idiot,not sexist,test
sexism2022_english-10494,thank sharing got ta love lady black woman texas,not sexist,train
sexism2022_english-7453,dr lorich found 11yearold daughter bathroom floor tony upper east side apartment knife chest around 1pm monday url,not sexist,train
sexism2022_english-19674,need say prayer laura loomer people shes going dont take kindly sin aired public,not sexist,train
sexism2022_english-5427,said act like whore also url woman many casual sexual encounter relationship person regarded willing anything get particular thing,sexist,train
sexism2022_english-15542,rachael stating slut shamed isnt admitting shes slut despite best effort couldnt find photo anywheredamn,sexist,train
sexism2022_english-12607,woman porn nothing actual woman lookswise personalitywise actionwise woman porn men make porn tell thats woman porn even woman men sick fantasy incarnated,not sexist,train
sexism2022_english-5094,win like shes hanging giant red flag face matter thanks making obvious avoid start,not sexist,train
sexism2022_english-5597,thank comment yeah except men instead woman seems logical real know brain complete arsehole,not sexist,train
sexism2022_english-908,he cuck hed probably gladly give wife another man,not sexist,train
sexism2022_english-12996,shudder sex would roll flour first could find wet part,sexist,test
sexism2022_english-8702,much discourse men woman femsplaining men like idea asking listen men never occurred,sexist,train
sexism2022_english-11420,file police report prosecutted criminally filing false police report thats report,not sexist,test
sexism2022_english-4036,there thing league shes human league think superior anyone ditch bitch,sexist,train
sexism2022_english-18125,120 woman say sexually abused larry nassar demanding ouster msus interim president url,not sexist,train
sexism2022_english-17383,instead money wife manages ouzo supply,not sexist,train
sexism2022_english-12665,lady tough nail rep johnson asshole way treated prayfordiamondandsilk,not sexist,test
sexism2022_english-13290,he already getting lot reminder voter base pissed left still hate know he dont 180 forgot promised he liar crook like rest,not sexist,train
sexism2022_english-4708,stop needy need abundance mindset hobby stop giving much fuck youre giving one girl much power,not sexist,train
sexism2022_english-9724,accomplished woman domesticated finance talent recognizing lucrative marriage investment ability maximize return feigned interest,sexist,train
sexism2022_english-10248,hate celebrity general would love see hollywood cunt exterminated,sexist,test
sexism2022_english-7411,cry dead gassed baby url worker chinese factory ivanka trump clothing paid 62 week jew,not sexist,test
sexism2022_english-9144,okay bitch go ahead trot woman cook meal wash clothes ill wait set sundial,sexist,train
sexism2022_english-10866,percentage gift made amount top donor also know american jew 75 leftist surprise also anomalous zip code,not sexist,train
sexism2022_english-3077,hahaha would alpha get married old hag literally hundred hot 1819 year old older bitch eeewww amirite begging fuck feeeemale logic,sexist,train
sexism2022_english-3078,isnt external validation happy floded mouth juice cock validation,sexist,train
sexism2022_english-7738,thinking pork scratching,not sexist,test
sexism2022_english-8854,think done perfectly normal going mirror fix makeup guy coming picture people sober lol,not sexist,train
sexism2022_english-18663,thats stopped using twit month ago there farcebook got banned week politely informing black woman wont get hired shes black hate speech equal disagreeing brown person topic,not sexist,train
sexism2022_english-14045,girl never flaked guy come pretty damn abundant however hundred way fuck look like loser ex sorry would recommend pushing back without changing venue,not sexist,train
sexism2022_english-19584,harvey weinsteins wife leaning huma abedin page six url,not sexist,train
sexism2022_english-2108,old rincels mod based except cuck dannymason,not sexist,train
sexism2022_english-19934,yes drinking crutch easiest way meet awesome woman club sober one doesnt smell like shit cheap booze,not sexist,test
sexism2022_english-15979,proud white man despises fuck jap bitch,sexist,train
sexism2022_english-16007,93 chance hung gitmo democratcorruption executeobama executeclintons executemccain executesoros treason,not sexist,train
sexism2022_english-12492,ordination woman lead url,not sexist,train
sexism2022_english-14558,old as still nerve criticize 28 yo gfs weight instead grateful lucky jesus christ best example woman date men less age,not sexist,train
sexism2022_english-15556,isnt drug addict,not sexist,test
sexism2022_english-3281,taught love men brainwashed redpill belief im ignored discarded human every male age even dress nice ect yet woman shallow one lol,not sexist,train
sexism2022_english-3004,stick best pretending someone else political view crap,not sexist,train
sexism2022_english-6156,lol yeah guess end familia e todo stood fucking chance even white canadian unicorn got burned really fucking bad,not sexist,train
sexism2022_english-7104,think priority straight let definitely ignore murderous black man filled hatred white focus mean flyer seems totally legit seen voat url,not sexist,train
sexism2022_english-5331,aww great xx url,not sexist,train
sexism2022_english-7758,lol ya played game corrected 2 u end muhammad pedophile fucking abu bakrz little girl url,not sexist,train
sexism2022_english-18103,im convinced pretty girl 140 year old,not sexist,train
sexism2022_english-6561,biden used prolgbt human right campaign annual dinner rip trump biden deplorables moment saying theyre small percentage american people virulent people dreg society url,not sexist,test
sexism2022_english-14200,id prefer shekel ill take star,not sexist,train
sexism2022_english-14742,depends anime like death note example light yagami humiliated took advantage multiple woman throughout season 1 wouldnt call blue pilled,not sexist,train
sexism2022_english-5790,another explanation woman herding postcollege maybe 4060 yo cat lady effect coming anyone know college educated woman flip democrat,sexist,test
sexism2022_english-15699,u voted dope u known daughter wife would voice conned u dumb mfers,not sexist,train
sexism2022_english-3966,landwhale charged ruining human body mass vision rape making u look ugly carcass,not sexist,train
sexism2022_english-5753,adoptee birthmother option blessed strong christian chose life rape rape alternative never choice imo,not sexist,train
sexism2022_english-12992,youre mom gay,not sexist,train
sexism2022_english-16362,everybody know stacys mom jessies girl,not sexist,train
sexism2022_english-13265,reaction kiss neck grab tit thats sort staple spooning fare,not sexist,train
sexism2022_english-2390,still laugh legal citizen dont lick as well,not sexist,train
sexism2022_english-7555,tell ya truth freak would probably touching watching horror happen girl damn douchfuckinbags hope wash mouth buckshot oh heya sweetie ya,not sexist,train
sexism2022_english-341,nowayno way anybody worse,not sexist,train
sexism2022_english-2853,thanks handling typing chore besides would said fuck fuck ton time,not sexist,train
sexism2022_english-14272,op shes blonde name start hit old gf found alt reddit acc snooping went crazy trp also said wanted major psychology lmao,not sexist,train
sexism2022_english-12632,hope death creates tsunami outrage forcing government place steeltoed boot mexico neck also still dream seeing user twitter hanging rope joke,not sexist,train
sexism2022_english-12615,definitely gain insight lead woman might dance club even salsa per se,not sexist,train
sexism2022_english-594,duck chad steal woman,not sexist,test
sexism2022_english-19708,think time female senator shut right thing resign nuff said,sexist,train
sexism2022_english-7823,three male female insane,not sexist,train
sexism2022_english-13785,oddly person coined term incel started first support group gay woman inspired start heterosexual man,not sexist,test
sexism2022_english-2775,cry help female gender blatantly admitting make proper life decision begging men reinstate full patriarchal rule,sexist,train
sexism2022_english-19315,butbutthe future shemaleerrfemale hillary said,not sexist,train
sexism2022_english-4706,dont know retard ive never one manage finish grade school man mom call dad special secret,not sexist,train
sexism2022_english-22,maga god love touch liberal soooo entertaining racist dumb url,not sexist,train
sexism2022_english-8621,tall arab chad lite video naked camgirl short,not sexist,test
sexism2022_english-1262,walked side bc focused eating meatball sub,not sexist,test
sexism2022_english-19919,personally cant asshole even try see arrogant abusive friend getting lot girl would stop asshole work girl love responsible choice,sexist,train
sexism2022_english-12064,definately pay youre man lol far minigolf seduction go wan na hold ball hand golf ball dont,not sexist,train
sexism2022_english-7585,shut nigger mouth post ever want mother fucker,not sexist,train
sexism2022_english-17534,thats lasted send bitchy sisterinlaw training,sexist,train
sexism2022_english-3413,sharialaw advocate farleft womens right activisttowelhead sandnigger lindasarsour rip democrat senator chuckschumer condemning public threat harassment trump official url,not sexist,train
sexism2022_english-5050,literally said dishwasher thing joke thing majority people saying men cant raped standing behind female rapist men lot woman including feminist similar goal,not sexist,train
sexism2022_english-11432,surprising live girlfriend men allow ever im woman give free room food amidoingitrite,sexist,train
sexism2022_english-8995,lol like bitch doesnt want record lying congress could martha stewart as fucking hang lamp post example,sexist,test
sexism2022_english-10147,many one night standshookup buddy would want fix keep 10 come money come trophy wifewill come develop abundance mentality abundance come way,not sexist,train
sexism2022_english-2339,isnt term canine female bitch seems like theyve already learned lot,not sexist,train
sexism2022_english-10269,im even incel hate female fuck,sexist,train
sexism2022_english-15770,sometimes girl arent comfortable sex yet vulnerable intimate thing,not sexist,test
sexism2022_english-1698,girl virtue signalling hard shes pretending multiple transgender friend serve military call bullshit url,not sexist,train
sexism2022_english-16296,window outside light security camera people need many people died bitch tossed fake hair inspected nail,sexist,train
sexism2022_english-12019,inaccurate lesbian bisexual male popular woman category listed,not sexist,train
sexism2022_english-19335,thats enough dont breed bitch either live especially youre making house payment legally divorce rape booted least state,sexist,train
sexism2022_english-2703,know shes good enough time blaming ditch asap shell get clingy mood swingy,sexist,train
sexism2022_english-12371,ive actually noticed large portion serial killer gay least many well known one,not sexist,test
sexism2022_english-16607,thought 1960s hippy ridiculous must offspring slutty single mother dont amass lick sense head meet real world chew spit,sexist,train
sexism2022_english-16618,ghost stupid bitch delete block everything join local fascist organization read everything enrico corradini julius evola corneliu codreanu,sexist,train
sexism2022_english-18637,woman cant rape men men rape woman,sexist,train
sexism2022_english-18398,falcon punch sense lauren,not sexist,train
sexism2022_english-1611,thing gay sucking penis going woman would someone degrade like,sexist,test
sexism2022_english-11539,user ill give couple day reply ill make something,not sexist,train
sexism2022_english-15693,spinster asscounts 1 0 dont really as,not sexist,train
sexism2022_english-5112,could laugh joke good ignore bad anyway disagreeing deprecating joke telling great shes seems super simpish,not sexist,train
sexism2022_english-11246,stock monster sarah huckabee sander pull fake news paddle throw lil jim acosta knee spanking life url,not sexist,test
sexism2022_english-1951,long time deep deep stater kind high level security clearancealso extreme education cant say extremely smart really smart people would dumb shit like,not sexist,test
sexism2022_english-3349,white guy dont like indian girl,not sexist,train
sexism2022_english-308,believe coordinated well planned advance something big coming un get way looking glass darkly suck know soon enough,not sexist,train
sexism2022_english-1886,lingerie catwalk show 5yo girl model url,not sexist,train
sexism2022_english-16097,girl solid recently guy soooo well recently got new gf damnit,not sexist,train
sexism2022_english-11790,schooling mean nothing doesnt prep real world idiot get stem degree benefit,not sexist,train
sexism2022_english-628,girl better hiding past wasnt social medium open rather subtle girl encouraged entitled narcissistic user,sexist,train
sexism2022_english-4303,let straitjacket,not sexist,train
sexism2022_english-11190,little girl gang raped muslim boy twin fall id get justice whatsoever absolute satanic evil ziocommie judge county prosecutor unseated jailed url,not sexist,train
sexism2022_english-15107,freedumb letting woman make stupid decision life freedumb woman slippery slope need burn postenlightenment book,sexist,train
sexism2022_english-9972,lucky bastard trade placed,not sexist,train
sexism2022_english-7797,avanetti evicted office suite rent arrears separate court case ordered pay former employee underpayment claim run 2020 beat djt ill kick arse url,not sexist,train
sexism2022_english-9423,democrat medium could compared russian meddling pearl harbour3000 life lost fucking idiot cnn,not sexist,train
sexism2022_english-17741,want magical time traveling pen,not sexist,train
sexism2022_english-5697,rt user woman claim sexually assaulted 9yearold brooklyn deli surveillance video prof wrong stick story url,not sexist,train
sexism2022_english-8972,labour tell u fighting antisemitism time putting muslim office hypocrite corbyn nationalist socialist hitler nationalist socialist,not sexist,train
sexism2022_english-5369,either womenminorities different offer valuable perspective different case value diversity url,not sexist,train
sexism2022_english-1513,first need check see back 57 different gender dems belief need know ford could vaginally raped,sexist,train
sexism2022_english-5599,karma bitch,sexist,test
sexism2022_english-17718,simple year freedom alot change fix lot ppl hv control take advantage firecracker put good scenne,not sexist,test
sexism2022_english-13651,care want fuck dodge question later,not sexist,train
sexism2022_english-9592,find generally positive independent confident less drawn womens drama since started reading mgtow annoying people buy least im saving headache,not sexist,train
sexism2022_english-16971,interesting also like short woman despite 58 virtually every woman date 55 average height attraction weird,not sexist,test
sexism2022_english-17287,rednecknation translation ur gon na pussy go back twatter,sexist,train
sexism2022_english-7733,future wheat field woman vibrantly raped death new european,not sexist,train
sexism2022_english-9068,hitler raised single mother,not sexist,train
sexism2022_english-6948,dating girl someone else cum mouth,not sexist,train
sexism2022_english-3621,ask driver place best hookup woman ask old guy driving cab might take ask 35 guy 35 cab ride well worth investment,not sexist,train
sexism2022_english-3277,user real teasing please tell going something old hag threatening white house,not sexist,test
sexism2022_english-13646,bad got stupid scientology stuff really one charismatic motherfucker,not sexist,train
sexism2022_english-725,chad need look cousin brings 0 relationship gf cook clean drive etc work spends money cigarette hobby pay bill food,not sexist,train
sexism2022_english-17073,plotting get laid lol also vagina isnt something deserved anyone hole every female readily given many chad destroy without prior effort required youre clearly orbit,sexist,test
sexism2022_english-16408,never thought id see day thots finally dropping pretense flat saying pay 4 mah baby,sexist,train
sexism2022_english-18175,exactly even anything special bruce,not sexist,test
sexism2022_english-2365,dont know know army dyke waiting themwith broom handle,sexist,train
sexism2022_english-11752,butshe always wear bikini url,not sexist,train
sexism2022_english-4342,fucked idiot make mistake gree friend fear life fix tell dont think working friend dont outcome independent,not sexist,train
sexism2022_english-12913,lol hate,not sexist,train
sexism2022_english-17953,hit david tenant doctor slowly surely started taking show new found success granted,not sexist,train
sexism2022_english-17264,juanita broaddrick call hillary hypocritical statement weinstein guess overlook bill indiscretion url,not sexist,train
sexism2022_english-6717,fucking hate people hate victim domestic violence,not sexist,test
sexism2022_english-2155,treasurer morrison support trump company tax cut australia url ausfam auspol auspol ausfam ausfam auspol australia,not sexist,test
sexism2022_english-5766,witless bitch tweeted onesentence apology didnt even grace address person maligned barron trump user,sexist,train
sexism2022_english-6562,female mention feminismracism doesnt matter lying youre bringing attention issue fight powah,sexist,train
sexism2022_english-3279,dress sharp dont dress sharp woman,not sexist,train
sexism2022_english-16302,url hope wonderful peaceful dream unless sawyer involved heehee sawyer find fairy forgot bring special sparkle dust dream,not sexist,test
sexism2022_english-18458,suprising need find another beta provider one dy,not sexist,test
sexism2022_english-8349,also claim never get rejected bang literally girl want imagine see perfect 10 choose go pull know 100 cant fail lol url,not sexist,test
sexism2022_english-5034,video russian warship steaming toward u navy destroyer launched missile strike assad url,not sexist,test
sexism2022_english-1623,lol came across profile said hoe phase wanted taken date jfl taking used 25 yo cunt date,sexist,train
sexism2022_english-1585,chad doesnt eat woman always get oral sex receives never give,not sexist,train
sexism2022_english-2895,obvious traumatized promiscuous past,not sexist,train
sexism2022_english-18019,two tiered justice system still allows hildebeast criminal cabal walk free bring back law order,not sexist,train
sexism2022_english-18682,difference liberal woman battery battery positive side,sexist,train
sexism2022_english-6542,woman mutt muslim three bad combination eeeek,sexist,train
sexism2022_english-3743,contact aclu splc dox hell refuse represent since shes white,not sexist,train
sexism2022_english-6098,asian ok hard working slave white men shit black hated huge dick steal white woman edit bad didnt realise minority fucked,not sexist,train
sexism2022_english-1835,boy family sued school board child support victim owes since hired care direction start scrutinizing cunt behavior like men,sexist,test
sexism2022_english-444,plan exitgive evidence start filingpush girl trip vacation use time move thing hope feminazi hope helped brother u,sexist,train
sexism2022_english-11959,ruth davidson may culturally enriched many many moslem,not sexist,train
sexism2022_english-19782,doesnt block im abusive block point inconvenient truth many others,not sexist,train
sexism2022_english-15446,said found great great grandfather runaway slave great great grandmother bitch buhdum ps,sexist,train
sexism2022_english-6975,remindme fuck girl uusedtimecapsules car,not sexist,train
sexism2022_english-7550,url nigger woman drag stat average iq 83 ugly black men avoid spitting niglets like sale put fat stupid nation,not sexist,train
sexism2022_english-2164,im living right across border ya think actively seek woman go place thing expectation woman,not sexist,train
sexism2022_english-11549,even getting gender realize even amongst animal especially female young love,not sexist,train
sexism2022_english-15751,user well however today world female enough provoke attack careless many savage,not sexist,train
sexism2022_english-3444,high opinion brag nxivm whore total trash,sexist,train
sexism2022_english-13441,hope someone rape woman,sexist,train
sexism2022_english-13412,meh shes bored want entertained engage try new wierd line feel like like youll get bed,not sexist,train
sexism2022_english-17937,apparently also bashing white woman selfflagelate woman color nothing saving country,not sexist,test
sexism2022_english-8148,better dont worry never ate beef one strange people born couldnt eat anything face mom used whup butt couldnt,not sexist,train
sexism2022_english-11368,thats good spot dude shes basically presenting shes reaching honest transparent also ask return thing like youve already fucked,not sexist,test
sexism2022_english-2297,theyll quiet theyll start demanding shit government cave like everyone else democrat need vote know idiot vote,not sexist,train
sexism2022_english-5641,illl translate hipster faggot talk nobody give shit,not sexist,train
sexism2022_english-11497,hotdog boy pizza girl cheese little girl pasta little boy ice cream male prostitute walnut person colour map semen sauce orgy pedowood pizzagate pedogate url,not sexist,train
sexism2022_english-10161,want right reproduce extremely taboo say shouldnt baby killed considered extremely wrong like rape something im viewed disgust wanting father,not sexist,test
sexism2022_english-4078,always take man ball,not sexist,train
sexism2022_english-10047,sound like written feminist troll think know mrp dick wife mean figuratively literally bully,not sexist,test
sexism2022_english-5698,confirmed least one democrat set ball,not sexist,train
sexism2022_english-16012,url dem fembots really want protect guy isi record reveal number girl raped jihadist,sexist,train
sexism2022_english-10903,sweet cute kid gabfam video watch 4yearold girl pouring heart timeless sinatra classic cute url,not sexist,train
sexism2022_english-2934,mother crackwhore put place crackbaby burn grave dy,sexist,train
sexism2022_english-10631,incels feminism teach woman respect fuck loser supposed get laid,not sexist,train
sexism2022_english-10901,ate daughter im gon na give pussypass golden lifetime pussypass,sexist,train
sexism2022_english-5958,picked muslim rape gang raped pregnant 14 victim rotherham child abuse ringleader reveals social worker police nothing despite knowing ordeal url,not sexist,train
sexism2022_english-7404,talking woman,not sexist,test
sexism2022_english-5937,havent seen male sexbots dont interest woman lol,not sexist,train
sexism2022_english-18018,pub ordered pay antiislamic political party founder 2500 compensation told wasnt welcome inside view url,not sexist,test
sexism2022_english-9917,asks give shell ask,not sexist,train
sexism2022_english-4162,hard woman talk dick mouth,sexist,test
sexism2022_english-15675,trolled russian election obvious called natasha ritashe blocked,not sexist,train
sexism2022_english-5898,biggest hate group america already nailed shed get vote reason alone url,not sexist,train
sexism2022_english-10765,girl dream,not sexist,train
sexism2022_english-4355,waitcan canadian hate saw street wouldnt say hi buddy theyd skip straight hi buddy,not sexist,train
sexism2022_english-16002,dont know ever possible may well see professional,not sexist,test
sexism2022_english-7273,problem u run jew,not sexist,train
sexism2022_english-17060,got bitch satanist user name none ya whats abuser name,sexist,train
sexism2022_english-15695,heard labias get longer every time get stretched new bbc wing looking like roast beef,sexist,train
sexism2022_english-9429,sound like something retarded preschooler would say dont mean mean people believe shit,not sexist,train
sexism2022_english-3602,flag shoved wrinkled old neck,sexist,train
sexism2022_english-10710,user bet shes dull bed though,not sexist,train
sexism2022_english-17165,men get sport army order get lady guy heard woman love guy uniform,not sexist,train
sexism2022_english-16464,saw teacher slapping child wanting wear something dad saw beat fucking as getting child safety,not sexist,test
sexism2022_english-3438,except there big fuckin difference rightwing jew cant stand goddamned socialist mother fucker leftwing jew theyre pretty much different neonazitards,not sexist,train
sexism2022_english-11694,woman work interaction pry someone open like im opener forget,not sexist,test
sexism2022_english-17964,alexandia ocasio cortez pretty gal movie office,sexist,train
sexism2022_english-3424,ocasiocortez bernie immigration issue enough conservative keep control forseeable future long devos get as fix education system trump need replace,not sexist,train
sexism2022_english-5847,user look like could verge aneurysm orgasm blotch three,not sexist,train
sexism2022_english-13335,cause said going change downvote im bitch spawn satan,sexist,train
sexism2022_english-14657,cleric probably rapist daughter need flee get raped pray find shelter keep safe help educate minister need,not sexist,test
sexism2022_english-15775,wtf mean done far different 16 year failing meat tossed low iq bottomfeeding lib dems wanted pres,not sexist,test
sexism2022_english-7866,donatella versace wear much makeup many plastic surgeriesshe look like tranny,not sexist,train
sexism2022_english-9964,user take time kindly many feature added exit beta indiagab url,not sexist,train
sexism2022_english-7837,user either shes troll weve uncovered patient 0 dumbism,not sexist,train
sexism2022_english-11128,remember teacher talking u telling u real world mfers really think wage slaving rest living existence real world fucking brainwashed clown,not sexist,train
sexism2022_english-12388,id love able walk punch facejust,sexist,test
sexism2022_english-5376,cross dressing ugly girl,not sexist,train
sexism2022_english-8319,rule im allowed make cum cute girl allowed good exercise,not sexist,train
sexism2022_english-10552,thank god trump im sick woman making false claim ruin men reputation feminist need go away url,sexist,train
sexism2022_english-8597,user wont changing user lot like warmonger go war url gabfam maga,not sexist,train
sexism2022_english-1017,exposing shekel grabber boycottdelta,not sexist,train
sexism2022_english-7888,great pic duterte troop usually favor female soldier may make exception,sexist,test
sexism2022_english-9548,honestly would done shit ton better defending sander idiot would,not sexist,test
sexism2022_english-19758,sex innate talent anyone woman always choose thing less learning curve struggle thats sex womens hobby 999 case even playing dd requires level dedication,sexist,train
sexism2022_english-15849,would woman wish incels wouldnt rise value slut chad obviously,sexist,train
sexism2022_english-19665,one lawyer mccabes lawyer kavvie said would fine fbi investigation doesnt belong scotus,not sexist,test
sexism2022_english-1142,ted midward finish section henry ford book deal jewish control move industry begin next part look link jewish emancipation downfall western civilisation url,not sexist,train
sexism2022_english-12892,may much ask would great first round attack may impetus url,not sexist,train
sexism2022_english-13583,yeah absolute dont exist girl avoid awkward guy awkwardness associated creepy,not sexist,train
sexism2022_english-6197,saying woman competitive nature transmale,not sexist,train
sexism2022_english-17720,normal woman cant replace men difficult job like software development always prefer woman even 50 capability due high work pressure female developer resign post hr department start cycle,sexist,train
sexism2022_english-18547,woman loyal make loyal understand woman modern world dogshit,sexist,train
sexism2022_english-17628,lol hell fuck dont tell anyone lost mine bigger girl freshman year h didnt tell anyone carried skill learned,not sexist,train
sexism2022_english-6167,year ago nothing stop,not sexist,test
sexism2022_english-14098,please dont creepy guy try pick girl gym,not sexist,train
sexism2022_english-18921,get clear stuff required dna merkel ancestor furthermore based infographic created family tree visible,not sexist,test
sexism2022_english-8775,ive walked find german shepherd nose cup yes grabbed cup brim sneak away drink,not sexist,train
sexism2022_english-11635,second boyfriend dumped know maybe miss stop overthinking,not sexist,train
sexism2022_english-7013,definitely would prove republican taking claim seriously,not sexist,train
sexism2022_english-49,view sex would clearly different yet reasoning isnt good enough men say dont want promiscuous woman youre bunch hypocrite,not sexist,train
sexism2022_english-8812,adult syrian migrant german tv portrayed positive romantic relationship underage girl fan radical islamic preacher didnt see one coming url,not sexist,train
sexism2022_english-16243,see behaves nobody want something around waitstaff male female given head nutcase thanks random nowfriend,not sexist,train
sexism2022_english-11858,shed done two week prior hed prison registered sex offender let shit sink ruining life minute,not sexist,train
sexism2022_english-11141,im ashamed trump voter admits got wrong ice deports daughterinlaw hotpagenewscomr233065,not sexist,train
sexism2022_english-514,hell accidentally decapitate baby bitch stonecold murder,sexist,train
sexism2022_english-8652,idk seeing normie female come laugh virgin pretty rude,not sexist,test
sexism2022_english-11855,woman constantly overvalue 10 contribution undervalue men 90 contribution men forced value effort asking need woman,sexist,train
sexism2022_english-8383,trump kill soros fuck north korea trump hrc dead waiting oh qanon drop bull shit 2018 voted 2016 pissed get job done esp queen bitch jfk,sexist,train
sexism2022_english-2834,seriouslythe main head fbi must roll trust filthy fbi asshole againzero trust intel agency day comeszero,not sexist,test
sexism2022_english-15181,woman dont get free stuff like lmao,not sexist,test
sexism2022_english-8427,keep talking hag,sexist,test
sexism2022_english-12853,men get form little snowflake group cry insane woman woman form snowflake group complain men woman get branded crazy cunt,not sexist,train
sexism2022_english-8522,worse one image white girl next white boy common core material would cheaper putting white girl next nigglet boy image,not sexist,train
sexism2022_english-4043,dont need first dont want 21st 101st 501st,not sexist,train
sexism2022_english-5780,psa girl girl slut,sexist,train
sexism2022_english-18090,feel girl grab muscle done,not sexist,train
sexism2022_english-16612,two dem big time loser one sad muslime running gov michigan flopped guess didnt want 1200 year old barbarian sharia law woman slave men forced wear panty head,not sexist,train
sexism2022_english-8442,people care daca nancy pelosi brown skin wannabe grandson,not sexist,train
sexism2022_english-2919,make real signsi going collect much free money cani going steal much cani going rape many woman,not sexist,train
sexism2022_english-12143,amazing christine ford become millionaire fake testimony destroying innocent man working dianne frankenstein,not sexist,train
sexism2022_english-18725,create one bunch guy sitting around chatting sport whatever dont surprised freak want invade change thing like woman pretending man something,not sexist,train
sexism2022_english-2594,ex sent wet pussy shot right call centre 12 cube wasnt even semi private ya,not sexist,train
sexism2022_english-9275,mean really hot girl thats type dont look identical anything typically young slim nice body pretty face nice bone structure bright greenbluegrey eye long hair etc,not sexist,train
sexism2022_english-4622,called meadow report nothing wrong thanks lady,not sexist,train
sexism2022_english-1343,companionbible genesis 4523 unto father likewise sent ten ass laden best thing egypt ten ass laden wheat bread meat father way,not sexist,train
sexism2022_english-1723,theyre oppressed need space men dont need space easy female logic,sexist,train
sexism2022_english-4744,even grandma attractive feminine way long stay reasonably fit dont cut damn hair srsly whats hard grasp one lady,sexist,test
sexism2022_english-4295,agree plain see hate peace also get child pedophilia child sacrifice war torn country white hat complicit trafficking woman child,not sexist,train
sexism2022_english-1897,chad good eating shit girl like fucking bluepilled retard fuck,not sexist,train
sexism2022_english-12616,parent parent arent due diligence come 2 kid 2 im glad shes juvenile hall get counseling,not sexist,test
sexism2022_english-15786,im kind fragrance id love know youre okay,not sexist,test
sexism2022_english-8213,good question actually lift lift 20 lb dumbbell home every day year besides point good evidence pheromone thing real mrnudeguy sarcastic,not sexist,train
sexism2022_english-8544,crazy every single woman social medium look like bodybuilder guaranteed least cycling anavar,sexist,train
sexism2022_english-17899,yeah voluntarily sucked slick willy return showed smoke cigar,not sexist,test
sexism2022_english-17114,andrew admitted used libtard early life realized retarded,not sexist,train
sexism2022_english-6243,based sign think need bomb,not sexist,train
sexism2022_english-2854,pray tell qualified factchallenged pelosi call ben carson disturbingly unqualified moron url,not sexist,test
sexism2022_english-5859,wife enjoy open ended,not sexist,train
sexism2022_english-5971,men cant get relationship want statement make sense,not sexist,train
sexism2022_english-2102,well mannered well intentioned look truckload post incels saying want hit rape abuse kill woman lie face,not sexist,train
sexism2022_english-15586,real hero pedophileparty sheis casting vote,not sexist,test
sexism2022_english-4654,lol wonder youd say got divorce raped second time least got laid bru hell probably find third woman keep sucking dry youre wasting time posting bru,sexist,train
sexism2022_english-18052,r waking need nation may need sever tie despot saudi arabia nwo start cultivating friend around world,not sexist,train
sexism2022_english-8404,good heaven soul look ill,not sexist,train
sexism2022_english-14144,lmftfy stand wife dead body pregnant another man,not sexist,train
sexism2022_english-18584,street shitter molests sleeping 22 yr old woman plane blame jew al franken url,not sexist,train
sexism2022_english-11220,hey thats shit mother fucker demon releasing supercuts,not sexist,train
sexism2022_english-9159,oh full swing make mistake difference old guy wanted penis touched approach girl,not sexist,test
sexism2022_english-5196,time get mother day duty fire grill wife went town saw men buying flower wife laughed told daughter would rather barbecue flower day,not sexist,train
sexism2022_english-14648,shut yo mouf woman platform female politics,sexist,test
sexism2022_english-7019,user hillary clinton working subvert people try destroy democracy along obama greatest enemy democracy shes bitch,sexist,test
sexism2022_english-2090,fantastic secret yeah rightno secret anyone actually read redpill mgtow,not sexist,train
sexism2022_english-4160,url id totally pork white girl mariah carey,not sexist,train
sexism2022_english-11850,love hate nice linda sarsour get away woman alledged muslim,sexist,train
sexism2022_english-18412,yeah im gettin pussy 8 gon na squirt even though im wristcels,sexist,train
sexism2022_english-18642,main reason cultural marxist cuckstians obsessed adoptiontaxcredit want white adopt dindus instead making white baby sickos,not sexist,test
sexism2022_english-18191,saying precedent setting mean gay couple come wedding cake dressed phillips cake shop go,not sexist,train
sexism2022_english-11777,user lock hillaryshe need similar minded jail mate,not sexist,test
sexism2022_english-5877,stopwhitegenocide audiekirklandjohnson shell broke audies house beat death wa tire iron along wseverely injuring stepdaughter fleeing w287,not sexist,train
sexism2022_english-12050,hi manlet im roastie guess thats one married woman right,not sexist,train
sexism2022_english-283,nigger loving white woman supreme court exactly voted,not sexist,train
sexism2022_english-9821,millennials fucked raised daycare instead raised home mother,sexist,train
sexism2022_english-6008,ask shes single simple dont ask care,not sexist,train
sexism2022_english-10367,well maybe woman stop judging,sexist,train
sexism2022_english-11235,engineer refute allegation gender bias licensing exam professional engineer expressing befuddlement unsubstantiated scholarly accusation field licensure exam biased woman url,not sexist,train
sexism2022_english-15043,utherapist2words lay rule 7 strike one uidealisticbitch already warned last strike rule 7 permabanned enjoy starting shit sub purpose getting screenshots,not sexist,train
sexism2022_english-13990,look else writes shuck shes another typical kike scum,not sexist,train
sexism2022_english-2453,vee interviewing woman arrested asking muslim specific right uk url,not sexist,train
sexism2022_english-7884,fuck sake founder racist like deray say,not sexist,train
sexism2022_english-3790,probably thinking fuck nigger stuck back ever,not sexist,train
sexism2022_english-18000,wouldnt go weird try get romantic girl family boat family see party work,not sexist,train
sexism2022_english-14600,he offering free money hate woman want indulge hell gay im sure dude would hitting,not sexist,train
sexism2022_english-3811,womani wish would go away,not sexist,train
sexism2022_english-16324,importantly paying help filter low quality woman looking provider,sexist,train
sexism2022_english-11919,worked better one said god damn thing except one girl noticed partially complimented another case spotlight effect,not sexist,test
sexism2022_english-6139,keep muting fact faggot late kike goy know buy one way ticket back israel still,not sexist,train
sexism2022_english-9597,im good joke im sure youve heard woman thanked pastor good sermon dont thank thank lord ive thought wasnt good,not sexist,train
sexism2022_english-1494,yes lena specified shes pedophile lesbian si better keep eye little girl,not sexist,test
sexism2022_english-18560,female anyones friend,sexist,train
sexism2022_english-19707,im fairly sure woman aged 2050 would kill 20 year old alpha stud data sound like crap,not sexist,train
sexism2022_english-11494,u thawt chu fweind biyatch,sexist,train
sexism2022_english-1359,want men better remove affirmative action woman,sexist,train
sexism2022_english-4388,say girlfriend already hit looking someone dangerous,not sexist,test
sexism2022_english-1237,probably dont rape woman worse animal,not sexist,train
sexism2022_english-9023,shes cunt hit goodlooking dude class also say moved across country follow guy remarried multiple time plus trolling class blackpill url,sexist,train
sexism2022_english-9088,ok im gon na nice dream tonite love left handed woman awesome gunwoman,not sexist,train
sexism2022_english-12814,know deep problem mother father brother wheni went psychologist 2018 said holding back wish dead much coward,not sexist,train
sexism2022_english-5887,carolyn yeager recent lakewood new jersey welfare scandal involving hundred orthodox jewish family fake holocaust narrative manner used exploit demonize white url,not sexist,train
sexism2022_english-12182,isnt rocket surgery genital mutilation unethical extreme one would fucking obvious thought woman like understood body choice meant,not sexist,train
sexism2022_english-2604,believe think woman masterbate,not sexist,train
sexism2022_english-1937,user good role model someone doesnt listen rap music drugging woman raping etc like michelle pretending offended trump saying pussy private guy conversation,not sexist,train
sexism2022_english-15574,yup black male agree lol used get bullied barber shop like 10 made man really quick one barber used call skinny faggot would kick leg,not sexist,train
sexism2022_english-1948,picture like make feel lucky take many picture woman,not sexist,train
sexism2022_english-12576,chelsea one ugly bitch look like neither clinton probably adopted like 2 obama girl last heard hillary prefers woman thats bill fucked anything breast,sexist,test
sexism2022_english-9120,ivanka said chelsea best friend ivanka part trump staff stink,not sexist,train
sexism2022_english-450,place took shot tequila smoked dope go work soon get nailed edit grammar would,not sexist,test
sexism2022_english-15137,thanks savoy curious ever involved physical violence pickup jealousangry male female would handle situation,not sexist,train
sexism2022_english-10349,loaded junk he loaded junk,not sexist,train
sexism2022_english-2383,fucking woman fuck wench,sexist,train
sexism2022_english-8140,shall search alpha female monitor bleeding cycle,not sexist,train
sexism2022_english-10543,frankly every single girl ever dated multiple month prior putting label crazy one typically get filtered much faster without much drama back end,not sexist,train
sexism2022_english-9904,yeah people trying force everyone exact style dumb trad pub mindset ill tell old crit group said steam country youre done,not sexist,train
sexism2022_english-6802,multipipe whistle europe widespread throughout lithuania called skuduciai ancient time female known playing,not sexist,train
sexism2022_english-1390,hope see simp,not sexist,train
sexism2022_english-10464,ideal world white people would feel need write anymore smile url url,not sexist,train
sexism2022_english-6855,thought yeah retarded degenerate isnt even able follow rule sub reported uxxxfriendlyhunterxxx,not sexist,train
sexism2022_english-4615,thats see worse youre emotional tampon,not sexist,test
sexism2022_english-19721,ms13 gang member deported four time sexually abused 2yearold girl police say url,not sexist,train
sexism2022_english-14842,afaik shes single doubt shes interested wanker without accomplishment,not sexist,train
sexism2022_english-9081,white shit,not sexist,test
sexism2022_english-11377,incels behave like vicious stupid cruel animal take delight suffering woman pubescent girl forth look like serious projection,not sexist,train
sexism2022_english-14553,damn methodist,not sexist,test
sexism2022_english-7427,poor miss molly illegal loving trump white people hater wonder stance murdered,not sexist,train
sexism2022_english-11580,say exterminate woman less c cup titty size way future female giant melon chick small tit need kill sr,sexist,train
sexism2022_english-1230,look clothes brand new perfectly clean refugee typically wear dressed already look like american theyre costume,not sexist,train
sexism2022_english-7512,user blow back unfortunately bitch lot way modern western woman betrayed men feminazi bull shit get hairy ugly fat arab fucker answer,sexist,train
sexism2022_english-931,hamatsa cannibal club witch doctor british columbia kwakwakawakw tribe performs ougoubougu ritual spent several day wood getting groovy stinky photograph edward curtis 1914,not sexist,test
sexism2022_english-12156,op youre woman dont let everyone know whats bottom question think different woman man,not sexist,train
sexism2022_english-17881,im supporting someone walked said hey let cut part dick would say probably call police im saying dont really care mine late anything,not sexist,train
sexism2022_english-7155,1 able bang neighbor wife comment,not sexist,test
sexism2022_english-9569,joe biden dumber fly shit digested horse shit,not sexist,test
sexism2022_english-9267,sister work pop culture shop sad thing actually warned type thing bos female employee expect least whilst theyre working,not sexist,test
sexism2022_english-2026,woman also different body chemistry likely wash sink instead whole body shower,sexist,train
sexism2022_english-4608,woman put way effort isnt fact woman much effort appearance evidence care significantly physical appearance others,sexist,test
sexism2022_english-17301,true sex city forgot mention woman end alone comforted cat drinking problem,sexist,train
sexism2022_english-6182,managed find replacement dude happy matchtext single girl month im lucky ask meet two week texting tell doesnt want meet soon,not sexist,train
sexism2022_english-11444,think woman going death even woman unkind mean would still thing yup looser,not sexist,test
sexism2022_english-2258,would cuck many cucks tyrone allows woodcuck could cuck cucks,not sexist,train
sexism2022_english-6377,guy slept around dumb tie balloon around dick hey let tell fuck run family yelling woman outside abortion clinic url,not sexist,train
sexism2022_english-14803,user suck junk im bad internet stuff,not sexist,train
sexism2022_english-12263,lgbt dyke faggot queer heshe tranny nambla weirdo freak lobby dangerous url,sexist,train
sexism2022_english-14942,white people white people something bad nonwhites nonwhites something good,not sexist,train
sexism2022_english-6392,notice kobe bryant racism notice jameis winston racism notice entire baylor football team racism notice kneeling negro righteous indignation,not sexist,train
sexism2022_english-9693,yet like dems vowed leave trump theyre still,not sexist,test
sexism2022_english-1684,swede certainly shocked tell alimony u think perfectly fine 5050 division wealth asset occur divorce separation,not sexist,train
sexism2022_english-18109,okay thing going ww3 happens country nuke going shoot instead enemy put woman charge nuclear military power holy shit thats fucking delusion,sexist,train
sexism2022_english-19225,know great job left hate url,not sexist,train
sexism2022_english-591,know crazy young woman cry rape every time get caught cheating cucksband total idiot sadly true story,not sexist,train
sexism2022_english-10407,daddy chief spreading bull,not sexist,train
sexism2022_english-4072,white beuty thing really fucking triggered,not sexist,train
sexism2022_english-16144,thing think sheit compared backed septic tank,sexist,train
sexism2022_english-16683,truth coming well armed whip chastise mankind jeanlon grme 1896 aka whiteawakening mad,not sexist,train
sexism2022_english-16155,wow youre smiling girl smile back thats ticket go approach expect girl approach dont even ball,not sexist,train
sexism2022_english-12269,shes great role model woman top lovely,not sexist,train
sexism2022_english-17652,woman keep misspelling awesome didnt cap lock shit cuz shouting,not sexist,train
sexism2022_english-17940,know come complete shock pes chelsea handler made complete as twitter btfo url url,not sexist,train
sexism2022_english-12895,wave communist looking crush country people spend time fucking jerking pathetic grade school level bullshit waste,not sexist,train
sexism2022_english-2082,user thedn tried kid napping hate crime put jail life fbi,not sexist,train
sexism2022_english-9896,woman lust super hot guy,not sexist,train
sexism2022_english-14642,fuck life ever come fact say thought wanted talk get back together thing got physical,not sexist,train
sexism2022_english-3093,arkansas accusing others hillbilly thing separating hillary white trash moneybut even doesnt change isother twisted mind,not sexist,train
sexism2022_english-7288,course nothing cant blamed woman feminist mean know whenever celibate men talk imaginary skyfairy living lobby federal government something im always like damn bitch,sexist,train
sexism2022_english-9934,indian court rule lesbian couple cohabitate landmark decision decriminalize homosexuality url user,not sexist,train
sexism2022_english-3066,experience u bring back 80 time itll end sex even u didnt mean,not sexist,train
sexism2022_english-7265,shed make great second wife someonethough shes bit old like reckon,sexist,train
sexism2022_english-409,menwhite people white person idiot gyal,not sexist,train
sexism2022_english-11268,literally word dipshit even stevens older brother say repeatedly sound smart episode try date smart girl,not sexist,train
sexism2022_english-5397,hmmm man ought credit check first,not sexist,train
sexism2022_english-6553,rip coping blackcels think need bbc theory negative white white clearly advantage accept woman racially biased unfortunately,sexist,train
sexism2022_english-12440,course one fat reason men ugly face deal woman go ugly hoturl using makeup widely accepted becomes default face,sexist,train
sexism2022_english-3050,user slammed democratic senator trying destroy delay kavanaughs confirmation using christine blasey ford accusation url,not sexist,train
sexism2022_english-7216,another happy democratvoting mudshark discovers everybody already know nigger anything wise peaceful faithful said mudsharks url,not sexist,train
sexism2022_english-6700,delusional idiot entertaining,not sexist,test
sexism2022_english-8205,yeah pretty obvious lot sub user hate woman,not sexist,train
sexism2022_english-13914,rape regretted afterwards duh there way could sex nerd sheesh,sexist,train
sexism2022_english-1469,would start petition transport subhuman male concentration camp,not sexist,test
sexism2022_english-3148,dont think woman teeth way curved set new pussy hat pic wider sunglass pic look laugh line,not sexist,train
sexism2022_english-2890,jesus man pulling 1 girl 6 approach pretty awesome shut enjoy success big dick,not sexist,train
sexism2022_english-5982,rapper nelly settle woman sexual assault lawsuit url,not sexist,test
sexism2022_english-12257,fine ended question feeling though mean responded badly,not sexist,train
sexism2022_english-16835,yeah shes sold soul good luck bitch,sexist,test
sexism2022_english-9187,fakecel girl number anything school work,not sexist,train
sexism2022_english-10532,answer fb message way late answer friendly notexactlyflirty vigor,not sexist,test
sexism2022_english-19142,3 year older would literally adult room anyone believed shed locked,not sexist,train
sexism2022_english-4696,invasive specie plant vermont leaf woman severe burn blister url,not sexist,train
sexism2022_english-9899,gj enough ho already assuming state send back home,sexist,train
sexism2022_english-16756,hillary continues blame everyone maga presidenttrump fakenews url,not sexist,test
sexism2022_english-11633,nope doesnt matter either way partner knew history didnt bug cared commitment obviously woman even married 9 year,not sexist,test
sexism2022_english-17378,tiny man made trying beat nature futile plan live change sure way historically heading another ice age timing different issue,not sexist,train
sexism2022_english-870,lot lot dead child twitter url,not sexist,train
sexism2022_english-19242,sarah silverman dipshit wouldnt listen anything say voted trump knew corrupt hillary end story,not sexist,train
sexism2022_english-3084,come woman,not sexist,train
sexism2022_english-4844,maybe itll hit caravan nut job save taxpayer money maga wishfulthinking url,not sexist,train
sexism2022_english-202,woman men,not sexist,train
sexism2022_english-9580,dont think woman anything outside complain birth child household chore take care kid know womens work really clueless,not sexist,train
sexism2022_english-11066,say merry christmas every mooslime see hope act avail bunch sissy faggot coward rape child beat woman fight real american men oorah bitchesuser,sexist,test
sexism2022_english-2592,id watch amoging youre setting serious karma honestly there reason even cant get girl without shithead dude youre wrong,not sexist,train
sexism2022_english-12923,would cool like hot girlfriend week ex come back,not sexist,train
sexism2022_english-5204,look face look like dog shes done something bad,not sexist,train
sexism2022_english-12307,whats saying get repeated around manospere often woman would rather share alpha one beta monogamous love male invention,sexist,train
sexism2022_english-5838,spare crumb coochie maam,not sexist,train
sexism2022_english-13321,go happy life together care wont every single one previous partner better,not sexist,train
sexism2022_english-8083,destroyed career getting bed radical feminist sickening speech woman march disgusting,not sexist,train
sexism2022_english-17894,theyre always trying find loophole theyre allowed rape world would better without,not sexist,train
sexism2022_english-16054,shes vapid even pretty white celeb girl standard ever watched one interview reddit shed def subscribed fds,not sexist,train
sexism2022_english-4628,ok dont go church squat lay claim dont recall seeing lot male street daytime couple year 3 day stay could wrong olde shit,not sexist,test
sexism2022_english-8209,black men try white trap better asian trap,not sexist,test
sexism2022_english-5568,related finland shooting three woman killed outside imatra restaurant url pizzagate littlelivesmatter 12 december 2016 user,not sexist,train
sexism2022_english-11412,woman laughing saw dick said period,not sexist,train
sexism2022_english-8350,gay catholic priest say church got rid gay priest thered one old cardinal left typewriter orange man bad user user user user user user user user url,not sexist,test
sexism2022_english-5338,roastie learn read there big button say block oh wouldnt get internet point,sexist,train
sexism2022_english-18213,incels bitch terrible miserable psychologicallydamaging life dont sex soon woman surgery get situation shes selfish,sexist,test
sexism2022_english-16980,look porn almost satesfying guy 10 min blow job 20 min actual sex super fake overdone moaning woman even lesbian like gay woman wearing inch long fake nail,not sexist,train
sexism2022_english-4333,elon musk gay pervert would kill grandma liked 10 people needyness pathetic sincerely hope dy cancer tesla,not sexist,train
sexism2022_english-8269,thought ashley graham couldnt get worse havent seen mullet url url,not sexist,test
sexism2022_english-3063,ummm hot teenage girl tell man like late 20 shit teenager call girl teenage girl,not sexist,train
sexism2022_english-4975,user bad little puppet loretta lynch everything put stop,not sexist,train
sexism2022_english-13005,futas dont exist trap requirement regular femoids,sexist,train
sexism2022_english-16576,ok senator voicemail full call mailbox need stay open want serve constituent idea make known create change,not sexist,train
sexism2022_english-2830,nah let keep talking fuck woman evidence wont doubt he trash,not sexist,test
sexism2022_english-1978,funny mention autopsy girl drowned lake one wonder drugged hit head chained smallblock,not sexist,train
sexism2022_english-3018,old man mogs everyone sub,not sexist,test
sexism2022_english-4811,thanks youre cool asshole,not sexist,test
sexism2022_english-8763,funny also nicely selfreferential spose know pastiness ductus signifiesand dispose used conundrum,not sexist,train
sexism2022_english-13577,look nature female heat give odorif travel bus train sit next stinking female personal hygiene bet ridicule hope enjoy utis thanks,sexist,train
sexism2022_english-11985,usually hate see white girl nig nog time url,not sexist,train
sexism2022_english-16970,go round niglet grandkids bet proud daughter fuck nigger sure like talk faggot hiding something,not sexist,train
sexism2022_english-11394,yeah ricky bobby shit sjws,not sexist,train
sexism2022_english-6074,european white thing european white tell black race,not sexist,train
sexism2022_english-16815,think think shes actually hunger game shes fucking kook,not sexist,train
sexism2022_english-3548,said woman ton design flaw men better woman said woman option men trying use technology give men another option besides woman raise hand youre confused,sexist,train
sexism2022_english-8646,presidentialdebates system rigged hillary win real american would actually vote protect america vote people trump maga,not sexist,train
sexism2022_english-17063,sorry dont subscribe conspiracy theory many witness real mother real daughter believe really dead believe want,not sexist,train
sexism2022_english-8112,dont care bitch blew hitler swallowed shes still piece shit deserves hang endless crime humanity trial course,sexist,test
sexism2022_english-5986,twitter thots think simply repeating sentence make factconvincing,sexist,train
sexism2022_english-10253,wmaw feel least one admitted,not sexist,train
sexism2022_english-6411,could name chad fake dude winner,not sexist,train
sexism2022_english-12181,anime girl like chad better ha animu many male skinny pretty boy,not sexist,train
sexism2022_english-276,love trump beat yet three time loser ha ha ha user,not sexist,train
sexism2022_english-11197,there time place man girl dont want hear problem want someone who fun comfortable make laugh,not sexist,train
sexism2022_english-6918,argued girl church who sjw unfriended facebook cause criticized lgbt,not sexist,train
sexism2022_english-18094,mother father allready nope ignore lame as,not sexist,train
sexism2022_english-13660,parent college professor wonder felt ok date black man sympathy girl know relationship end trauma,not sexist,train
sexism2022_english-16135,sorry disappoint dont dickdry eye dear female liberal easy spotthey hide like clinton behind facade allbuhbye take hate elsewhere,not sexist,train
sexism2022_english-14193,dont communicate alpha need become alpha woman pick far better imagine,sexist,train
sexism2022_english-4489,one kiss ass left get elected might get little shit lip,not sexist,train
sexism2022_english-4405,see youre getting make sense mentioned another comment think need get exposure interacting woman sexual level quarantine make difficult,not sexist,train
sexism2022_english-4911,well probably 500 first date talk girl im clueless flirt first meet interaction well impress,not sexist,train
sexism2022_english-14939,accord comrade corbsky gasp like mccarthy witch hunt mshodge refuse cooperate disciplinary proceeding tell momentum comrade corbyn lenin mccluskey go fk,not sexist,train
sexism2022_english-8309,female quality practice achieve,not sexist,train
sexism2022_english-19837,whats wrong hooking,not sexist,train
sexism2022_english-8358,doesnt see men sexual being want need hope dream wanting needing sex see woman sexual being want need hope dream wanting needing sex,not sexist,train
sexism2022_english-10518,pretty common maybe people would say asian guy higher standard asian woman whereas white guy lower standard asian woman,not sexist,train
sexism2022_english-10392,dont beat happens fault know know also understand suck anyway try relax itll go better next time,not sexist,train
sexism2022_english-8257,lol fuck orc tyrone,not sexist,train
sexism2022_english-12157,youre pretty funny snowflake ill ask goat mommy basement finished need blankie winter stayinschool saynotodrugs maga baby outta trigger kid,not sexist,train
sexism2022_english-3477,damn site run slow,not sexist,train
sexism2022_english-10636,id say kill unhappy,not sexist,train
sexism2022_english-14663,soak bear gasoline put downrange gravel pit hand girlfriend rifle loaded tracer great fun,not sexist,train
sexism2022_english-2599,little nazi twerp deserved get girl as fucked away tool imperialism would extra funny black dude banging,sexist,test
sexism2022_english-7982,employer job pay mine contract agreement waitress,not sexist,test
sexism2022_english-5221,good thing didnt come back home serving time beat living shit kid right,not sexist,train
sexism2022_english-9655,way men already paying bachelor tax form onlyfans subscription men dont tax something imposed govnt paying chick see tit tax,not sexist,train
sexism2022_english-12508,literally woman isnt fat even fat woman want chad tyrone,sexist,test
sexism2022_english-17362,shonen good cope see cute anime girl make feel worse thats fuck shonen,not sexist,train
sexism2022_english-50,nfl amero halfmexican muslim pussy,sexist,train
sexism2022_english-9369,porn exists woman want fuck lol porn exists men want jerk woman porn,not sexist,train
sexism2022_english-14170,sure every person who caught acting like evil witch death threat conveniently appear,not sexist,test
sexism2022_english-2618,jesus christ soft porn warped collective mind im woman man much look suggestively there gon na problem cucks leader hey elite creepy hell url,not sexist,test
sexism2022_english-2763,dad bit pussy bitch rope didnt ball ko,sexist,train
sexism2022_english-7420,thats ball whats next sister daughter migrant wtf,not sexist,train
sexism2022_english-2793,even alexjones jump trump nwo crazy train trump fraud jones later said done url killtrump infowars syria russia ww3 assad putin syriastrikes johnbolton israel neocon nikkihaley someone slit throat please,sexist,train
sexism2022_english-9417,wish wife would say name shes got issue fucked childhood drunk father called first name clusterfuckbut webeen married 21 year second marriage u,not sexist,train
sexism2022_english-2411,wasnt female hypergamy ugly people existed today genetically inferior female allowed reproduce 40000 bc unlike male counterpart reason human gene pool fucked,sexist,test
sexism2022_english-10920,every black guy see finishing sentence,not sexist,test
sexism2022_english-3026,funny offensive towards woman make joke men sudden misandry alive well radical manhating feminist literally going kill men,sexist,train
sexism2022_english-9694,rush limbaugh make great point angle must push mainstream medium forcefeeding u fake news russian hacking url,not sexist,train
sexism2022_english-17893,option want feel wanted needed nothing boring woman fulfilled expectation,not sexist,test
sexism2022_english-4971,tabletop rpg community filled beta ugly low selfesteem men bend girl around thats feminism penetrates easily community,not sexist,train
sexism2022_english-11976,true totally hating female want femaleish,not sexist,test
sexism2022_english-17002,dont think thing cause effect sincerely doubt guy prefers porn sex girl cause functional female elicits effect pornography necessity,sexist,train
sexism2022_english-2792,campaign hillary said put half trump supporter call basket deplorables mock expose contempt working class citizen people started referring deplorable url,not sexist,test
sexism2022_english-19702,preexisting cleavage hate woman,not sexist,train
sexism2022_english-3697,always flower late wife would send sending reason misdoing,not sexist,train
sexism2022_english-9400,rt ingrahamangle yes user definitely take excessive drinking abuse woman seriously url url,not sexist,train
sexism2022_english-1340,whore would dead done,sexist,train
sexism2022_english-12863,part 2 metoo die ignominy fearful shitlib male start fight back woman exposed egregious liar alien contact mueller coconspirator fired,sexist,train
sexism2022_english-209,see battering ram ready go,not sexist,test
sexism2022_english-10404,url comment videographersinshanghai filmmakersinshanghai videocrewchina,not sexist,test
sexism2022_english-7365,hypothetical twin would incel since woman hate short men although luck id fraternal twin would end tallfag,not sexist,train
sexism2022_english-1511,yeah wb idiotic hidden paid promos iirc shadow mordor legit good game didnt need shenanigan like prop,not sexist,train
sexism2022_english-13667,wife cant keep two time im supposed masturbating room im mainly reddit cause cant beat much,not sexist,train
sexism2022_english-7431,obviously taking abortion away would mean female would learn live retarded choice cant female never fault even attempt murder look girl smart prison top kek,sexist,train
sexism2022_english-7944,sub isnt talking woman male supremacy either posting mgtow philosophy bettered life woman drive country know wahabi hate,sexist,train
sexism2022_english-11232,like seriously woman go way sit beside class ive ignored trying talk one ive met could go stranger interact,not sexist,train
sexism2022_english-5202,give nigger inch,not sexist,train
sexism2022_english-1200,video lovely mestizo woman turn hispanicloving egalitarian feast awesome male gaze upon true beauty url,not sexist,train
sexism2022_english-935,western world woman forbidden abortion apart ireland,not sexist,train
sexism2022_english-3460,wishing wonderful mother happy mother day hope get spoilt today pity poor woman islamic country islam mother day prohibited absolutely miserable ideology url,not sexist,train
sexism2022_english-17137,ask hang one one,not sexist,train
sexism2022_english-2714,american turn gun like cucked coward like turned woman child church business government entertainment bank enemy,not sexist,test
sexism2022_english-10501,fajardo identified latino gang member killed 14yearold black girl racially motivated shooting url,not sexist,train
sexism2022_english-2510,user let honest screwing herit mentally physically saul another left wing nut job pedo maga,sexist,train
sexism2022_english-11683,dude woman allowed drink brewed fucking boozeurl,not sexist,test
sexism2022_english-12620,scientist develop neanderthal miniature brainswill vet democrat congresswoman,sexist,train
sexism2022_english-11891,cant say blame sand vagina big problem fucking beach always take big towel lol,not sexist,train
sexism2022_english-15126,austrian academic research show migrant mediaeval view jew woman homosexual nonmuslims url,not sexist,test
sexism2022_english-3599,say ltr provider afraid seem slutty around,sexist,train
sexism2022_english-4458,damn fucked id gradually ghost,not sexist,train
sexism2022_english-2742,getting raped kike woman,not sexist,train
sexism2022_english-5116,cute washed whore find cuck dream user,sexist,train
sexism2022_english-17178,woman girl nowadays think neckbeard incels call woman female weird take think dehumanizing something technical,not sexist,train
sexism2022_english-12166,would rather give call texting waste time although really cringey texting honestly girl dont like like doesnt really matter text,not sexist,train
sexism2022_english-1280,great news voted hope whip flake as,not sexist,train
sexism2022_english-9819,dont forget recent video girl licking toilet seat plane bathroom,not sexist,train
sexism2022_english-3011,20 men found guilty raping dozen teenage girl northern england url,not sexist,train
sexism2022_english-19535,moron hate woman say woman shut fuck realize becoming unpopular,not sexist,train
sexism2022_english-19065,banged many girl roachinfested shithole studio apartment manhattan border harlem doesnt matter,not sexist,train
sexism2022_english-2252,idiot atleast shopped girl either went place liked made try clothes wanted wear mean youoh right pussy,sexist,train
sexism2022_english-12390,dont ever ask people treat respect demand fucking chick ever cross line stop picking call start fucking friend well young blood,sexist,train
sexism2022_english-4650,great president would say bing bing bong yes thats child laying next erection texted underage girl north carolina,not sexist,train
sexism2022_english-19688,put grandma speed dial thats call instagram,not sexist,train
sexism2022_english-3005,give money exwife cry electricity bill divorced wallet,not sexist,train
sexism2022_english-13510,accountability womens kryptonite seen never sincerely apologize admit fault sorry cheated sorry got caught,sexist,train
sexism2022_english-821,book brutally eyeopening explanation gender dynamic power woman men explains hardwired behaviour woman use control men around redpill reading url,sexist,train
sexism2022_english-12455,jew everywhere even girlfriend say looser loose job looser medic asks take medic paranoia fall stair ha ha ha target,not sexist,test
sexism2022_english-3122,say guy product shitskin mother un protected sex nigger,sexist,train
sexism2022_english-16598,lol even better disagree bible say jesus jew,not sexist,train
sexism2022_english-7118,different right woman going give dont brute force required man job make home beautiful loving comfortable home raise respectful child,sexist,test
sexism2022_english-12914,always happens shes always digging shit,not sexist,test
sexism2022_english-19192,shes always giving excuse like say likely shes trying hurt feeling shes done 3 time shes trying hurt,not sexist,train
sexism2022_english-6297,nono evil cyborg made female clone hitler set jew killing death ray syria,not sexist,train
sexism2022_english-8142,wikileaks gon na dump week assange said get indicted enough thinking trump knowledge already,not sexist,train
sexism2022_english-2131,police department protect someone stupid actionslike caseand tell dumb ad girl sleep rabid animalswould scream oppression,not sexist,train
sexism2022_english-15138,stop seeing fade away,not sexist,test
sexism2022_english-3154,isnt rmgtow basically hate subreddit woman,not sexist,train
sexism2022_english-8768,user shes joy dig video,not sexist,test
sexism2022_english-14562,least isnt cousin hey inbred muslim fuckknuckle go play motrway dhimmi cuck,not sexist,train
sexism2022_english-9122,woman label men insult harm trash man isnt handsome isnt trash he handsome,not sexist,train
sexism2022_english-13999,authority scared say muslim rape gang clearly,not sexist,train
sexism2022_english-7252,youre right friendship setting boundary whats important chick,not sexist,test
sexism2022_english-17855,grammar important dont hate people mix theyre dumb,not sexist,train
sexism2022_english-17976,ask dont see direct insult asian asian man asian men get 10 100x insult asian woman get least face knowing asian menwomen,not sexist,test
sexism2022_english-3968,wow dude im sooo sorry tell ur mom im sorry idea ur actual retard bad,not sexist,test
sexism2022_english-6730,shouldnt even wait woman still expect guy make first move ask youre interested,not sexist,train
sexism2022_english-14203,oh yah whole group nawalts going band together fight behalf men go female interest,sexist,train
sexism2022_english-6110,girl average salty,not sexist,train
sexism2022_english-10684,lol stupid thats sure doesnt like intelligence sweaty dont worry finding already know,sexist,train
sexism2022_english-18040,guess guy doesnt realize using rape allegation cover cheating guy stupid chad coming round 2 girlfriend nahlet learn hard way lesson usually stick way,sexist,train
sexism2022_english-19308,simple answer woman seem compelled invade maleonly space feminist particular fear allowing men space,sexist,test
sexism2022_english-18012,thats whole point men offer emotionally fulfilling friendship companionship men without romantic thing woman people offer strong platonic relationship regardless sex,not sexist,train
sexism2022_english-16479,said take hat rip earring fair trade later man bun fun sissy,not sexist,train
sexism2022_english-6750,basement dry full black widow spider,not sexist,train
sexism2022_english-7364,german authority try bury footage third world barbarian decapitating 1 yr old killing mother front 3 yr old brother bolster antiimmigration stance url,not sexist,train
sexism2022_english-4594,shehe isnt pretty matter fix herhim shehe look ugly maybe hate herhis mixed herhis racism shehe need counseling str8 jacket,not sexist,train
sexism2022_english-16909,left website girlfriend wouldnt leave alone another crybaby mindless lemming licking trump lollipop,not sexist,test
sexism2022_english-2539,taking responsibility failing blaming everything side something many red pilled men blue pulled woman share fucking idiot surprise relationship end failure,not sexist,train
sexism2022_english-10357,right interested possible single interaction dont think could got number logistically lot people line behind,not sexist,test
sexism2022_english-14907,really tainting reputation white woman general,not sexist,train
sexism2022_english-15776,working stuff ask go school plan study etc shell ask question return shes interested,not sexist,test
sexism2022_english-13499,user think eerily like jusuischarlie many thousand march msm give permission many come child murdering paedo ring would thought woman mother would want protest,not sexist,train
sexism2022_english-3449,woman live entire life completely excused negligence abortion anyone course much much worse another aspect female entitlement,sexist,train
sexism2022_english-373,youre choosing victim right say actually allowed hurt instead bitter life could see opportunity grow wiser better man capable,not sexist,train
sexism2022_english-241,feminist ignore race come rape statistic cop falsely arresting nignogs darky rape nignog darky raping whityle woman nignogs retarded civil society,not sexist,test
sexism2022_english-9529,scrap whole public pension system hate take money give money ill worry retirement url,not sexist,test
sexism2022_english-17880,course shithead professor insist keith ellison entitled beat girl friend,not sexist,train
sexism2022_english-19157,dont love weak woman either woman parasite,sexist,train
sexism2022_english-12980,well reason enough make hate scumbag muslim love dog two think dog people muslim chance bet alone,not sexist,train
sexism2022_english-2745,sent female prison woman would try force service would funny,not sexist,train
sexism2022_english-9960,stop advertising shitty website subreddit one care,not sexist,train
sexism2022_english-9329,cuck thought told settle bubba dickperhaps throat therapy cure inbred noise make everytime open mouth user user,not sexist,train
sexism2022_english-10163,friend know divorce attorney roastie,sexist,train
sexism2022_english-3954,men hate woman hate u even step matrix realize live life without see game brainwashing grooming make incredibly angry fucking,not sexist,train
sexism2022_english-19081,learn enjoy mgtow use reactionary outlet struggle woman work work cant upset dating field say youre mgtow think work,not sexist,train
sexism2022_english-4233,woman often even necessarily transgression easily something small,not sexist,train
sexism2022_english-16492,life without woman great isnt fellow mgtow cry virginity alimony,not sexist,train
sexism2022_english-14760,go back country shed go israel theyd call monkey deport africa,not sexist,train
sexism2022_english-11587,thought occurred disney promoted lot princess white knight archetype might interesting see changed norm time disney cultural phenomenon pretty pervasive,not sexist,train
sexism2022_english-19202,bro fro checking da white woman,not sexist,train
sexism2022_english-16183,lie though lol theyll make seem like guy orbiter meet mogs lost college bf guy listening problem relationship stupid fucking slut,sexist,test
sexism2022_english-6184,ok ill tell hang saturday,not sexist,train
sexism2022_english-18124,yes name really jason smh obviously keeping shit dl much possible text,not sexist,train
sexism2022_english-11069,google celebrates black black california shouting allahu akbar shooting white hate white people,not sexist,train
sexism2022_english-12507,afaik respect transgendered people doesnt think madeup gender pronoun anything narcissism,not sexist,train
sexism2022_english-1983,please let japanese slaughter 301 whale instead 300 last one dark meat huge mouth url,not sexist,train
sexism2022_english-13687,damn didnt know loser shouldnt denied free blow job advancesinvites im pretty sure ill find woman see hotafter approve,not sexist,train
sexism2022_english-16228,well said single mother would get point,sexist,test
sexism2022_english-16535,wonder many mom would let 12 yr old son buy pocket pussy,not sexist,test
sexism2022_english-19954,white woman shouldnt date outside race especially come black arab url,not sexist,train
sexism2022_english-7828,police consent hence rioter tribal warfare religious rape etc,not sexist,train
sexism2022_english-7347,hilarious reality would happy studying car made cuba venezuela except make none maybe brazil mexico made evil u corporation,not sexist,train
sexism2022_english-12535,quite much since became mother think spends time wthe little one till heshe get older think yr two already since tho,not sexist,train
sexism2022_english-14146,method use get deception vague deflection toxic manipulative tactic must want insecure woman think thats way,not sexist,test
sexism2022_english-8281,named child hosanna expect healthy human behaviour textbook white trash see,not sexist,test
sexism2022_english-11052,510 enough tell average girl 6 foot,not sexist,train
sexism2022_english-18683,like say perfect face as,not sexist,test
sexism2022_english-12852,civilization woman needed tall strong men survive sexual selection ingrained still persists day,sexist,train
sexism2022_english-19524,guy need medaland beer man hero beer life man daughter need father url,not sexist,train
sexism2022_english-17200,spend time spewing hate use time develop skill maybe make better use time wonder hate woman,not sexist,train
sexism2022_english-3398,calling people homophobic doesnt cut think good thing dislike homosexual degeneracy denying link child abuse wilful ignorance,not sexist,train
sexism2022_english-32,yes spirit energy positivity big impact vicitrue family always heart thank u youve done url,not sexist,train
sexism2022_english-14074,wish could post big fuck dipshits facebook without grandma taking personal,not sexist,train
sexism2022_english-281,lol fuck given trigger warning fact woman infallible perfect,not sexist,train
sexism2022_english-1934,yeah shes blowing smoke,not sexist,train
sexism2022_english-14154,thats giant gold necklace look like shes starving death,not sexist,train
sexism2022_english-7822,damn man agree original message damnwhy aggressive ive heard moderate kill movement im inclined agree well seems youre either u u also bad idea,not sexist,train
sexism2022_english-19555,hell boy trying shower girl since long born,not sexist,train
sexism2022_english-16973,user loving family house finger print everywhere presence permeates xo,not sexist,train
sexism2022_english-3019,question outside female action behavior rate look part world,not sexist,train
sexism2022_english-5903,girl might genuinely dumb playing may also fucked enough guy cant remember past recent 5 probably 3 month conservative 1 week shes real whore,sexist,train
sexism2022_english-4253,agree critiscm pointing shot behavior saying woman useless fucktards go die isnt thing,not sexist,train
sexism2022_english-2668,rt seekandfind woman posted snapchat video boyfriend dying pool blood found guilty helping arrange killing url,not sexist,train
sexism2022_english-14729,come ur banging ur wife every week,not sexist,train
sexism2022_english-17112,jewnited state america fall zionism,not sexist,train
sexism2022_english-12767,thank woman still sensible,sexist,train
sexism2022_english-13522,strong asian woman hate asian men happy abandon halfasian son,not sexist,train
sexism2022_english-12709,look zat pathetic exscuse fur ein untermensch piece filth look like girl scout still ein female ate troop unit 731,sexist,train
sexism2022_english-5319,always live let live provided course let live attack someone else freedom end mine begin freedom end begin,not sexist,train
sexism2022_english-296,girl immature age dont know want tee hee,not sexist,test
sexism2022_english-472,well ive seen packer fan wearing cheese hat brainer never roasted im afraid say desire offense mother cooking course,not sexist,train
sexism2022_english-17662,confidential pole many male divorce attorney slept female client lol another pole many thought telling truth,sexist,train
sexism2022_english-15665,seems like really nice dude hope current wife doesnt decide cheat devorce rape shes bored,sexist,test
sexism2022_english-6287,stacy mean attractive girl never hope,not sexist,train
sexism2022_english-7134,shes asking favor begin probably doesnt see attractive girl dont want favor alpha want dick,sexist,train
sexism2022_english-10324,yet guy dumped second actually met kid maybe maybe spitting game,not sexist,train
sexism2022_english-16595,would certainly convenient assumption dont like chad example posted sub except one suspect one bit demureless masculine ie eyelash,not sexist,train
sexism2022_english-19884,satanic gender becomes irrelevant he shes,not sexist,test
sexism2022_english-544,ironically gutting would caught sti sex girl nurse outfit,not sexist,test
sexism2022_english-16032,dont even look comment people really hate u get mad dont wan na date black woman url,not sexist,train
sexism2022_english-13401,hitler faggot never wife tourtured several young woman took life,not sexist,train
sexism2022_english-18276,laura ingraham always weak neocon fencesitter attack fellow white spokesman hater suremacists malcontent cuckservatives url,not sexist,train
sexism2022_english-14586,insure get reelected,not sexist,test
sexism2022_english-399,woah drphill today pizzagate pedogate victim show mind blowing everything say use baby etc really freaking,not sexist,test
sexism2022_english-9516,youre exact type person hoped post would reach world doesnt revolve around woman revolves around whatever fuck want edit clarify make sure something productive harmful people,not sexist,train
sexism2022_english-13495,actually posted earlier woman resourceful whip man as 70000 roman,not sexist,train
sexism2022_english-5087,google image search career criminal return pretty bad hombre mujeres first female list notorious far guess break glass ceiling draintheswamp maga trump url,not sexist,test
sexism2022_english-17046,lawsuit bell medium explains case url,not sexist,train
sexism2022_english-14310,rather hot blonde trap ugly ting tong face woman,sexist,train
sexism2022_english-15326,unfortunately redneck man clit cant job woman fly jungle dicking win win situation tell racist pink okies pause dislike buttonthey spoiling score bunch white trash,sexist,train
sexism2022_english-7195,sucked lot dicknot surprised,not sexist,train
sexism2022_english-5709,nigger come country execute nasty shit putting fucker prison like sayinghere free housing free food free medical supposed punishment,not sexist,train
sexism2022_english-6763,butthole,not sexist,train
sexism2022_english-11410,thats happens little girl mix cocaine milkshake together,sexist,train
sexism2022_english-6755,realize mgtow single mother fanclub jesus man here protip never send message get reply here another stop thirsty af dating single mother go get escort stop embarrassing,sexist,test
sexism2022_english-13472,bro youre looking 00001 guy good woman thats like looking tiger wood saying man im poor po dont even yacht mansion ugh,not sexist,test
sexism2022_english-1579,wind men men dont enough good option take get havent noticed every girl seems asshole abusive ex,sexist,train
sexism2022_english-14112,whats vox called woman slut much longer give biggest white knight gab award user url,not sexist,train
sexism2022_english-6554,fucking hate inside joke girl liked always told inside joke friend bar friend knew whowhat talking except,not sexist,train
sexism2022_english-1251,im sorry hear mom elly ill keep family prayer,not sexist,train
sexism2022_english-16647,jew second third cousin every one vouched recent dna study want bug billion large religion many nation inbreed dont want either sister love due islam,not sexist,train
sexism2022_english-13989,response rayion beat woman steel rod url,not sexist,train
sexism2022_english-793,fuck 100 anarchy law taxation,not sexist,train
sexism2022_english-15780,deranged butthurt professor call president trump neonazi dictator give student credit attending hateful anticonservative event maga trump sad sjwsgonnasjw url,not sexist,train
sexism2022_english-7374,girl getting excited getting guy thats better cuck bf,not sexist,train
sexism2022_english-8766,kind background check needed get type gun sniper bosnia using shoot hillary like claim 2a nra,not sexist,train
sexism2022_english-8809,jew flooding europe uk canada usa australia nigger muslim raping murdering white woman child,not sexist,train
sexism2022_english-4375,mother fucker gon na burn,not sexist,train
sexism2022_english-7131,cancel internet cable see long last,not sexist,test
sexism2022_english-18189,world filled cunty woman take solace fact die bitter alone 10 catswho eat face theyre dead,sexist,train
sexism2022_english-9705,said n word called sarah palin cunt air didnt fire never,not sexist,train
sexism2022_english-5705,theyre back stabber see protecting filthy celebs jew joe rogan paid idiot imo name mercer news breitbart dead way one,not sexist,train
sexism2022_english-72,yeah get yer fuckin freaky as butfuckin queer one care get sexualization face dont fuck wife hood car public shouldnt look hairy ass ballsack slurpers parade,not sexist,train
sexism2022_english-9326,got contactpissed reading tired woman going joker mode theyre drunk one reason mostly daygame,not sexist,train
sexism2022_english-15546,fucking brain hijacked trump even kid know,not sexist,train
sexism2022_english-13864,woman want full control friend job work even choice satisfy ill never get married even law changed,sexist,train
sexism2022_english-18992,alpha widowed destroy get chance know whats like crack addict craves chad,sexist,train
sexism2022_english-16648,yeah actually went trouble paint bucket hair yellow would bust laughing maybe even consider going calling quickly executed mod 2 brain cell,not sexist,train
sexism2022_english-8682,exercise basic grooming dress decently goodlooking bloke focus shit actually get girl like competent driven bold leave fussing beauty woman matter immensely,not sexist,train
sexism2022_english-10275,woman need get business dumb,sexist,train
sexism2022_english-6901,convicted murdered life wo walking monster wrong penal system,not sexist,train
sexism2022_english-327,yep become problem girl molested raped uber driver app created help url god forbid kick monster country,not sexist,train
sexism2022_english-5354,holy crap whore yeah im never getting married involving emotionally invested relatipnships,sexist,test
sexism2022_english-1145,dont see 1 love getting worked distracted frenzy proven best work theyre freaking something may said wife stiletto,not sexist,train
sexism2022_english-7920,muslim girl lie hijab torn trudeau immediately call canada racist syrian refugee kill canadian teenager burnaby bc trudeau say nothing,not sexist,train
sexism2022_english-2790,wed kill couple woman rest would automatically fall line really simple model thats worked literally every enslaved captured population history fuck dude enjoy ban,sexist,test
sexism2022_english-13332,crazy democrat claim woman dying losing election url,not sexist,train
sexism2022_english-7184,sucking girl last night thought hang minute,not sexist,train
sexism2022_english-5071,incel,not sexist,train
sexism2022_english-12933,still looked like warmed shit user,not sexist,train
sexism2022_english-12705,course im talking ckaims male stripper woman,not sexist,test
sexism2022_english-18225,elaine fn chao getting eviscerated twitterurl people noticing theyre noticing isnt good look asian woman,not sexist,train
sexism2022_english-17973,well men become woman feeling fucked world,not sexist,train
sexism2022_english-14781,url lol cool watchman watcher every gal appreciates man keep eye least know appreciate,not sexist,test
sexism2022_english-12844,saw someone jazz thunder game thought caitlyn jenner later saw woman started laughing said im dick whatever looked like caitlyn,not sexist,train
sexism2022_english-16267,matter least save 7 dollar buy yoself pack cigrits,not sexist,train
sexism2022_english-12095,reason men get married threatens cut pussy family say aint real man want make haaappy,not sexist,train
sexism2022_english-4918,holy shit,not sexist,train
sexism2022_english-15263,photo hillary wax museumthe museum really showed younger ageher neck hang like breastspancakes,not sexist,train
sexism2022_english-609,youre fucking white male cant even get asian girl,sexist,train
sexism2022_english-53,posted photo daughter tonight look incredibly white black father,not sexist,train
sexism2022_english-2569,user know marine sometimes well time niece asks dad whats assramming dicktard,not sexist,train
sexism2022_english-18529,glad youre welcome home altright kidding there lot idiot beside u cool guy user,not sexist,train
sexism2022_english-13338,loooool rchildsupport havent opened sub yet seems cancer sub single mother slut worth read perhaps want laugh sternly remind go mgtow ignore bitch,sexist,train
sexism2022_english-7737,goodnow know feel helpless alone mercy thrill killer,not sexist,test
sexism2022_english-9303,experiment scientist introducing value money monkey chimpanzee little shiny disc could trade food thing didnt take female long start selling sex well go,sexist,test
sexism2022_english-16075,dont forget father let go eat pray love straycation crime didnt finish stoning whore,sexist,train
sexism2022_english-12118,user like tall strong woman wouldnt problem p,not sexist,train
sexism2022_english-10438,nah dont sympathize l think sad people suicide understand people come saying shouldnt thing cant live nonetheless wasnt thing celebrate,not sexist,test
sexism2022_english-5691,right medium covering tweet like bird flocking feed trump left twitter cant see growing successful cat dog trump hate lonely men woman last long,not sexist,train
sexism2022_english-4205,youre arguing incel lol,not sexist,train
sexism2022_english-6692,haha thats rich mean law comrade,not sexist,test
sexism2022_english-14023,2yearold girl fall death 5yearold boy prank leaving elevator alone url,not sexist,test
sexism2022_english-2199,must apologize muslim girl lied committed fake hate crime lying brother dare muh victimhood url,not sexist,train
sexism2022_english-3505,gab kill twitternp,not sexist,train
sexism2022_english-16290,woman benefit action violent men,sexist,train
sexism2022_english-15642,l e r l l h u n r e f v e p r c e n,not sexist,train
sexism2022_english-512,oregon may allow driver choose nonbinary rather male female license url trans,not sexist,train
sexism2022_english-16511,wow lurk lot hearing woman spew shit mouth shocked saved later,not sexist,train
sexism2022_english-13696,parent dressing biological girl way liberal would say sexualization young girl oppressive patriarchy,not sexist,test
sexism2022_english-16293,woman sometimes profit patriarchy men suffer knew,not sexist,train
sexism2022_english-6976,wont stop jiggle maybe little tittie skelonton libtard girl full blown busty woman,sexist,train
sexism2022_english-15691,mean thats gave info people im typically top thered perspective every woman totally different sure,not sexist,test
sexism2022_english-7572,cockhead im talking online im talking print published twice happens unlike ya fucking waste space,not sexist,test
sexism2022_english-15723,wear better clothes change accessory using piece different way dont think guy would notice woman wearing black dress multiple time wore different necklace hairstyle makeup shoe etc,not sexist,train
sexism2022_english-17943,never drop narrative woman victim astounding,not sexist,test
sexism2022_english-5514,africa isnt uncommon adult male kill cub mate momwhat lot workmurder really distracts concentration saddlehaving dead child around put game,not sexist,train
sexism2022_english-15919,dont think enough middle finger shoot way,not sexist,train
sexism2022_english-2918,im stopping movement destroys save result something change china already shithole im surprised isnt good isnt good men even woman,not sexist,train
sexism2022_english-15289,mentally ill bradley manning us u tax dollar get sex change going food strike url,not sexist,train
sexism2022_english-18695,thats literally post dude single mom easy get theyve crazy,sexist,train
sexism2022_english-7840,user wife poon danger incoming poon hack user,sexist,train
sexism2022_english-743,damn another feel good story day erin popovich wife san antonio spur coach gregg popovich dy 67 fox news,not sexist,train
sexism2022_english-13020,noodlefoids biggest white supremacist claim anime arent designed look like white people fucking obvious,sexist,train
sexism2022_english-14605,wish antifa woman gotten hit toowomen slut whore work side get equality get treated like menmaybe worse,sexist,test
sexism2022_english-9528,asian fucking scared sunwhats soy bitch gon na like cantwellscream racist,sexist,train
sexism2022_english-3949,watch entire show yesterday lady chewed spit awesome never disgusted dc politics boothe rip dems weaponizing kavanaugh allegation url,not sexist,train
sexism2022_english-13139,luke hope fuck directed,not sexist,test
sexism2022_english-16277,clear joy behar equating american might disagree politically peacefully visiting white house foreign agent violently destroying public property idiot,not sexist,train
sexism2022_english-17365,good looking guy need run dont fuck game basically dont super autistic time amazing game wont help shes attracted,not sexist,test
sexism2022_english-15123,think worthy investment future woman seems like dont much experience talking woman know,not sexist,train
sexism2022_english-9169,statistically doesnt female population outnumber male shouldnt woman logic expendable gender,sexist,train
sexism2022_english-11031,got friend stutter he moving usa met yank woman hit spent time boston chatting via internet visit he bit younger 41 cant say never,not sexist,train
sexism2022_english-6528,rrrrrr im going fuck u as,not sexist,test
sexism2022_english-7645,father,not sexist,train
sexism2022_english-13075,stinking snake hate,not sexist,train
sexism2022_english-4046,ive heard vid say using get one guy sad dumb think liked shitty kinda used thats true,not sexist,train
sexism2022_english-13080,dont surprise majority woman day fully committed relationship go flow hit quit,sexist,train
sexism2022_english-18845,hope somebody get face live mic faux pax,not sexist,train
sexism2022_english-17181,finally moved as gab,not sexist,test
sexism2022_english-5245,meh dont find attractive shed influence lmao,not sexist,test
sexism2022_english-6463,got ta admit though night getting good head lefty woman quite easy mark got beer goggles getting rid em morning quite problem though lol,sexist,train
sexism2022_english-4149,user excuse pretending dumb first b4 u im older female go get another pitch mine,not sexist,train
sexism2022_english-1116,men completely cucked woman rule world literally rewrite history living sewer,sexist,train
sexism2022_english-709,ltrs good similar goal earn good money like number 2 really get ahead life crush,not sexist,test
sexism2022_english-8071,hahah intentionally made family hate thanksgiving girl would crazy one good shes obviously got issue,not sexist,train
sexism2022_english-19631,lmao guy need chill normie pick girl incel sub might mass suicide fellow lurker btw back shadow go,not sexist,train
sexism2022_english-3990,wish cunt would go back hole found,sexist,train
sexism2022_english-13240,cop acquitted unarmed man death teaching officer cope similar incident url,not sexist,train
sexism2022_english-3527,never date seriously definitely bang feel bad kid woman always tried avoid meeting ever,not sexist,train
sexism2022_english-10314,eh ive sent snapchats shes opened replied lol dont think going anywhere,not sexist,train
sexism2022_english-16447,true woman escort except see chad,sexist,train
sexism2022_english-3020,come fuck jew show stalin jew jew need hung stupid look kneel front wall pray nothing heaven hell faggot mother fucker going die,not sexist,train
sexism2022_english-4203,creature always rino would say definitely mcconnell gop sen collins hope voter alabama choose elect roy moore url,not sexist,train
sexism2022_english-19306,reasonable conclusion still seems odd would go sikh,not sexist,test
sexism2022_english-2263,owning gun ammunition home reasonable either thinking thats reasonable isnt reasonable fucking dumbass,not sexist,train
sexism2022_english-2707,lost fellowship everyone around people hate love something hate dont understand family love dont care,not sexist,train
sexism2022_english-5751,even bother block number also allah doesnt blow 42 virgin shit,not sexist,train
sexism2022_english-8634,thats true partner 250 pound attraction subjective myth there one type look woman want,not sexist,train
sexism2022_english-10743,referring theoretical behavior neanderthal dna theoretical science anthropology,not sexist,test
sexism2022_english-2929,call,not sexist,train
sexism2022_english-12945,url cant wait see nyt headline evil jew gunning two sweet innocent palestinian child way cut firewood one thems ailing grandmother,not sexist,train
sexism2022_english-17333,nintendo switch paying girl weekly skype call paying another girl hand holding service paying another girl snapchat premium access,not sexist,train
sexism2022_english-434,hate fucking real thing im sorry im really buying men need affection sort fondness sex find woman attractive shes willing thats need,not sexist,train
sexism2022_english-17379,scandinavian cant incel theyre chad,not sexist,train
sexism2022_english-1275,also unironically fucking hate faggot say anything anorexic drug addict fat retard deserve rot alone rest life stacy tier standard,not sexist,train
sexism2022_english-3454,dont think need worry getting knocked,not sexist,test
sexism2022_english-2029,every girl fucking chad since im blackpilled dont fuck second date go far ima forget move,sexist,train
sexism2022_english-17439,shes wearing bell bottom mean shes fully loadedlol,not sexist,train
sexism2022_english-11124,people constantly stare drive crazy day point im public hardly think straight two asian girl laughed sitting eating yesterday,not sexist,train
sexism2022_english-16102,reesmogg represents ineffectual sorry soubry representing winebox manufacturer scathing attack leading brexiteer url,not sexist,train
sexism2022_english-9572,honestly dont see feminism hurt men would honestly like know cant provide proof curious yall going get anywhere,not sexist,train
sexism2022_english-13833,hate racism cried 95 white town,not sexist,train
sexism2022_english-11315,user think mother put religion muslim,not sexist,train
sexism2022_english-6163,made endorsement find transgender poc identifies female communist practicing moslem time,not sexist,train
sexism2022_english-1322,dumb cunt thing shell remove crust filthy cock tunnel thats good day feel like taking care hygiene,sexist,train
sexism2022_english-18692,snag guy fast buyer market go technical major nerd theyre desperate anything female,not sexist,train
sexism2022_english-8556,dont know fun dropping redpills whenever guess man woman people hate lol,not sexist,train
sexism2022_english-17502,wasnt trolling fucking censor,not sexist,train
sexism2022_english-13715,show data woman want man drone rather man passion vulnerability yet see,not sexist,train
sexism2022_english-8296,care spic baby spic mother hope wet back took back mexico,not sexist,train
sexism2022_english-10902,williams coach actually admitted coaching even though denies url,not sexist,train
sexism2022_english-5155,open season vaccinating pregnant woman toxic harmful substance confirmed present many vaccine url,not sexist,test
sexism2022_english-19536,ghost joseph goebbels appears matt heimbach call neonazi make sick supposed build 4k video service fuck mother law,not sexist,train
sexism2022_english-10138,user well im halfbreed white people produced many asshole look editorial board salon cucks university europe right thats current stock need infusion noncuck gene,not sexist,train
sexism2022_english-14331,entire concept defense mechanism normies convince crush interested reality busy fucking chad night night,not sexist,train
sexism2022_english-9230,dad thank picking great mom,not sexist,test
sexism2022_english-16276,user hi im writing roundup post french runoff would like contribute brief quote weighing le pen campaign id like get input think need last stretch race win,not sexist,train
sexism2022_english-11716,every woman whore incel,sexist,train
sexism2022_english-11569,police farce bunch cross dressing poof painted nail gaymobiles army keep smackheads really clever putting many woman charge politics uk complete mess url,sexist,train
sexism2022_english-17732,scarcity mindset heart wrapped girl youre even dating yes thats scarcity mindset want date quit pussyfooting around ask otherwise move life meet girl,sexist,train
sexism2022_english-1252,wtf went male female subhuman contest find goddamn,not sexist,train
sexism2022_english-15349,bet text u trp fun yet,not sexist,train
sexism2022_english-10445,thats youll never chad,not sexist,train
sexism2022_english-3911,want equality serf,not sexist,train
sexism2022_english-9940,user ive honestly tried superimpose less malicious theory end day road seem point toward malfeasance merkel ally political class,not sexist,train
sexism2022_english-12253,like girl say suck dick guy kinda,not sexist,train
sexism2022_english-9997,stop right asshole married woman family,not sexist,test
sexism2022_english-6033,curve woman im sure woman would collectively sue access gym company start mgtow gym people garage warehouse similar heman womanhaterz club,sexist,test
sexism2022_english-1646,wife walked wearing clothes today horrified confused first reassured saying fuck sake love youre never going pas driving test take,not sexist,train
sexism2022_english-13868,honor killing muslim father brother murder mutilate girl marrying nonmuslim boy url,not sexist,train
sexism2022_english-155,sure look fortune 500 company run simps bowing feminazis gyncocentrism look school court establishment deepstate,not sexist,train
sexism2022_english-12688,gym good regardless woman get cope,not sexist,train
sexism2022_english-16091,18 feel ya girl,not sexist,train
sexism2022_english-12999,yikes soy might grow ball self respect,not sexist,train
sexism2022_english-10224,forgot crippling debt want u take marriage,not sexist,test
sexism2022_english-5735,honestly leave better single man constantly put dosent even decency treat living feeling human almost guaranteed miserable staying man like,not sexist,train
sexism2022_english-9218,woman play better men remember made national news someone wnba dunked ball almost everyone nba dunk,sexist,train
sexism2022_english-13568,sometimes girl laugh like theyre silly creature,not sexist,test
sexism2022_english-1876,isnt woman dont problem single,not sexist,train
sexism2022_english-18818,lizzo wouldnt screw access hot white black asian guy etc,not sexist,train
sexism2022_english-15927,little girl dad want feminist grow dad well pick one honey cant,sexist,train
sexism2022_english-5032,lol nice gateway pundit written article denouncing disgusting tweet includes essentially entire unz article excerpt lmao thats one way get em jim url,not sexist,test
sexism2022_english-269,love tried frame playing devil advocate really believe actually believe exterminating muslim jew entirely start woman disable reproductive capacity first,sexist,test
sexism2022_english-15587,holy shit never fucking realised ridiculously accurate,not sexist,train
sexism2022_english-14866,lib agenda kill country taxpayer pay way,not sexist,train
sexism2022_english-7953,since woman get pregnant get free birth control pill url,not sexist,test
sexism2022_english-4274,yeah thats everyone assume friend assume convince reality ugly stood line conversation mentioning convention weekend,not sexist,train
sexism2022_english-5503,think captured perfectly trailer park meth mom mt user starting get look woman get 40 halfway divorcee cruising kid male friend tranny,sexist,test
sexism2022_english-14655,mean literally every sentencing difference man woman conspiracy,not sexist,test
sexism2022_english-7542,say white race greatest enemy jew jew negro pet white race greatest enemy white female,sexist,train
sexism2022_english-4727,want gay marriage law upheld abortion law enforced,not sexist,test
sexism2022_english-18201,arrest hillary integrity class columbia,not sexist,train
sexism2022_english-16361,rightminded military general would revolt french leadership end soldier wipe muslim camp unfortunately think even military cucked wet,not sexist,test
sexism2022_english-10043,male female go date,not sexist,train
sexism2022_english-12171,notice use white woman black men 100 intentional genocide rip france,not sexist,train
sexism2022_english-18084,calling bullshit hilarious,not sexist,train
sexism2022_english-13040,im kind surprised didnt burn,not sexist,train
sexism2022_english-823,dread game going make many woman shut emotionally physically experience ymmv ime lot woman respond strongly make fight even go little crazy trying secure commitment,sexist,test
sexism2022_english-12510,vision dancing boy dance head delusion rape anytime anywhere daughter bedroom longer limit,not sexist,train
sexism2022_english-7950,democrat woman butt fucking ugly,sexist,train
sexism2022_english-4396,like woman test man loyalty like say something total bitch see youll man pus,sexist,train
sexism2022_english-10519,lol secretary one unfriendly person seen maybe many people hitting past,not sexist,train
sexism2022_english-7809,always follow money think government gon na pay ten thousand new born chad baby per week till reach adulthood,not sexist,test
sexism2022_english-3100,shes fucking like,not sexist,train
sexism2022_english-3070,awful story state cheating wife really screwed however beat shit broke jaw five place broke arm leg holy shit hadnt seen coming,not sexist,train
sexism2022_english-10185,sander supporter backing clinton like rapevictim stockholm syndrome wasnt enough get illegally fucked nomination also need reward voting,not sexist,train
sexism2022_english-10119,sound like one stupid girl trying play rape fantasy without forethought preparation,sexist,train
sexism2022_english-9521,trying cut right,not sexist,train
sexism2022_english-7231,fotus say happy womens day thank wonderful role model woman america across globe maga,not sexist,test
sexism2022_english-15235,im sorry man die blackpill od,not sexist,train
sexism2022_english-7606,one bitch care got suspendedlol gon na haunt later life,sexist,test
sexism2022_english-245,yes glorious waifu age approaching advance artificial intelligence sex robot artificial womb woman become obsolete,sexist,train
sexism2022_english-563,already imagine reply tweet,not sexist,train
sexism2022_english-15688,still dont understand someone willing commit level promiscuity guy could willing commit wouldnt know he virgin million onss 13 previous girlfriend,not sexist,train
sexism2022_english-997,english robot know best person job robot choose woman robot choose man,sexist,train
sexism2022_english-15104,user would object basically asked invited lot,not sexist,train
sexism2022_english-17949,questiona man murder woman found guilty murder trial two year later tried murdering second woman found guilty murder commit justice served,not sexist,train
sexism2022_english-18569,american university order student agree woman revoke consent sex url leftisttotalitarianism rising,not sexist,train
sexism2022_english-4728,surely care look right mean girl showed door wasnt quite attractive expected might kill mood,not sexist,train
sexism2022_english-5891,use rage fuel productivity aspect life dont worry shes already finished still plenty opportunity make sure deal issue via therapy etc oh dont burn fun,not sexist,train
sexism2022_english-967,there made six figure salary govt help little guy unethical farce url,not sexist,train
sexism2022_english-19243,like he tricking structured relationship priority list wouldnt fuck 1st2nd3rd date week month girl want fwb,not sexist,train
sexism2022_english-19512,actually oneitus fat talked lost weight realized could better started banging chad,not sexist,train
sexism2022_english-19346,15 million taxpayer money paid settle congressional sexual harassment suit url,not sexist,train
sexism2022_english-10818,report truffle pig bnd hate speech truffle,not sexist,train
sexism2022_english-11798,gay minority woman cool liberal vote liberal otherwise potential target receive worst liberal hatred,not sexist,train
sexism2022_english-2013,long term thinking man job,sexist,train
sexism2022_english-15940,wont like challenge programming,not sexist,train
sexism2022_english-5905,isnt mentally ill shes simply hateful piece work stop trying excuse hate crime,not sexist,test
sexism2022_english-8999,seems truly mother daughter greedy money hungry bitch url,sexist,train
sexism2022_english-17175,missouri governor wife robbed gunpoint st louis teen male suspect url,not sexist,train
sexism2022_english-197,selfinflicted wound buildthewall deportthemall interviewed police woman say raped 3 time total saying doesnt understand shake head url votered openborders,not sexist,train
sexism2022_english-18923,stun gun sky cop able shoot comfort office chair url,not sexist,train
sexism2022_english-16775,shes commented consciously dress feminine,not sexist,train
sexism2022_english-2309,ok muslim beat woman consistent sharia law thats dems saying nothing,not sexist,train
sexism2022_english-15033,yup there rather dishy guy amongst much younger anyway still single friend single girl group plus one two older one handsome single,not sexist,train
sexism2022_english-2325,see photograph kiddie realize glad older butch kiddie didnt know fuck longlivethebutch,not sexist,test
sexism2022_english-6417,full chameleon mode dont act sound bad lull false sense security get hit awalt stick,sexist,train
sexism2022_english-6903,real competition group men become ingroup traitor woman get involved muslim forbid woman meddling affair men need teach western child basic truth,sexist,train
sexism2022_english-15037,course jailatmcom site show wellheeled white woman child know crime commit percentage population url christophercantwell,not sexist,train
sexism2022_english-3809,latest q drop excellent article female native californian diane feinsteins true color url,not sexist,train
sexism2022_english-12561,right everything another word nazi boring,not sexist,train
sexism2022_english-1202,nothing change dating market imbalance anymore nothing change female hypergamy anymore dude political affiliation beyond meaningless,sexist,train
sexism2022_english-13274,user stop holding beta month contest ive found 2018 winner early,not sexist,train
sexism2022_english-2728,think he called justinfrom canadaits given hed asswipe feel sorry canadiennes thoughbut let himherit get elected,not sexist,train
sexism2022_english-16047,satire also direct response earlier post guy earnestly talking hed slept hundred woman,not sexist,train
sexism2022_english-540,smv must significantly higher even mind traditional upbringing,not sexist,train
sexism2022_english-19898,let fair thats also saudi men treat saudi woman,not sexist,train
sexism2022_english-16873,fat acceptance worked way sex greatbut always pic fat woman lusted fit guy,sexist,train
sexism2022_english-13399,woman sex based look men actually believe good god would love show tinder account,not sexist,train
sexism2022_english-9161,user stole boob,not sexist,train
sexism2022_english-10672,wanted say seem major divide idea world operate theyre prepared achieve,not sexist,train
sexism2022_english-18446,see whole time talking look like 2 giant john mccain brain tumor guy maverick piece shit fuckin as clown,not sexist,train
sexism2022_english-15621,lilith babylonian demon patron abortion feminist proabortion group today revived celebrated url,not sexist,train
sexism2022_english-6444,user dear wife beater stop talking sexual assault ya moron url,not sexist,test
sexism2022_english-18080,might come fast without asking kill people dont leave worse,not sexist,train
sexism2022_english-2847,dont find guy get press charge instead thinking reposting something,not sexist,test
sexism2022_english-5299,fake news crowd would give award url,not sexist,train
sexism2022_english-4904,hey girl spank anytime want love strong woman really harass,not sexist,train
sexism2022_english-1843,come dance shes strippershe may expecting slow night need make tipsdrop like hot girl never responds textits bueno,not sexist,test
sexism2022_english-9026,female must take collective responsibility false rape accusation,sexist,test
sexism2022_english-15537,agreed saw threesome curious guy made happen found girl didnt care,not sexist,train
sexism2022_english-14717,vote happen week see shenanigan dems come though,not sexist,train
sexism2022_english-12134,asshole assaulted belongs jail help push video go viral must prosecuted stop letting violent liberal get away crime url,not sexist,test
sexism2022_english-9790,wrong wrong paedophile pander paedophile allow practice country like turkey trying stamp people deserve live acceptable religion fool think otherwise url,not sexist,train
sexism2022_english-7415,hmm majority woman disagree virtue signaling chance,not sexist,train
sexism2022_english-12055,put rapist standard feminism truly cucked feminist allows indignation purity decency rise logic altho come think type feminist,sexist,train
sexism2022_english-10320,please horrible woman woman capacity understand struggle fact still allowed shocking,sexist,train
sexism2022_english-3441,life force need dont need thats mantra im trying brand onto brain regarding approach woman,sexist,train
sexism2022_english-9146,url scientist others think god cant fool mother nature url maga presidenttrump nazi fag user,not sexist,train
sexism2022_english-553,said want say irrelevant always irrelevant shes going wind knowing tell irrelevant really shell probably end stoned death country origin,not sexist,train
sexism2022_english-16766,dont think think isnt antisemite,not sexist,train
sexism2022_english-3702,dyke faggot allowed adopt period sickos ruin child life leading perversion,sexist,test
sexism2022_english-1134,husband tired working much ungrateful bitch start fight make sleep sofa granted grade eager cuck bet he better like,sexist,test
sexism2022_english-14516,get girl twerk make sense,not sexist,train
sexism2022_english-9365,please dont call namesit would security war different marine already whkeep nice girl chew spit,not sexist,train
sexism2022_english-4167,thanks response brotha ill work towards another nasty remnant beta day like said im man men conquer,sexist,test
sexism2022_english-9822,let woman right vote fair let vote theyre cooking dinner,sexist,train
sexism2022_english-17146,3 woman 10 men im woman blowhard,not sexist,train
sexism2022_english-12383,musent forget difi congresswomenshes bat crazy toouser,not sexist,train
sexism2022_english-16016,well hope thing much better love husband,not sexist,train
sexism2022_english-1369,mate dont think onetisis got knocked fuck think whined like little bitch girl youve obsessed ran fuck away like pussbag,sexist,train
sexism2022_english-15531,lol wont men disposable one woman,not sexist,train
sexism2022_english-11184,user mother already combat boot tied right tight laced last eye makesem cry melt theyre mind inside,not sexist,train
sexism2022_english-16055,thats plain day one look like shes terrible job uninitiated considered great work eu deep state etc fucking brexit purposely,not sexist,test
sexism2022_english-160,guess guy like go personal choice going woman part foreplay getting dick sucked isnt much part,not sexist,train
sexism2022_english-3042,fix bothering stop worrying girl serious problem,not sexist,train
sexism2022_english-17731,cant tell serious question youre autistic staring high loi go talk stop talking eye man approach fact wasted time asking u couldve inside cheek,not sexist,train
sexism2022_english-909,happens final nail coffin kind real equality womens body literally become sale well incels would agree sex robot indistinguishable form real woman,sexist,test
sexism2022_english-15109,think second secular zionist jew atheist buddy led complete takeover traditional moral sex marriage stoning slut disowning feminist witch much,not sexist,train
sexism2022_english-3088,pic ops claim come sep 1 2017 fivemember white supremacist gang arrested florida hundred page nazi propaganda 12 gram meth people think master race url,not sexist,train
sexism2022_english-2484,lgbtqrstuvkkk666 user 2017,not sexist,train
sexism2022_english-1656,colour stupid womanshe must democrat,not sexist,train
sexism2022_english-15741,take money deport,not sexist,train
sexism2022_english-10232,woman 100 year voting franchise without responsibility drafted fight war caused policy vote authority without responsibility dictatorship,sexist,train
sexism2022_english-12128,hillary must tired time sleep like hero killed benghazi maga trump news,not sexist,test
sexism2022_english-18587,let real incels saying still wont fuck selfpitying entitled way saying dont want fuck,not sexist,train
sexism2022_english-16027,difference friend female friendzoned,not sexist,train
sexism2022_english-8792,vagina like toe everyone different shaped toe long thick wonky,not sexist,train
sexism2022_english-17193,hillarysaltrightspeech giving alt right attention one thing craves lol shes dumbass cant wait meme,not sexist,train
sexism2022_english-1297,germany wave muslim honorkillings kurdish man tied one three wife back car dragged street town islam peaceful url,not sexist,train
sexism2022_english-18654,sound like big fucking pussy think boundary fuck fuck dont need permission set boundary exactly say,sexist,test
sexism2022_english-19471,isnt analogous comparison whitecel volcel absolute statement men smarter woman explicitly conditional statement,not sexist,test
sexism2022_english-11212,bleeding vagina womanperiod url,not sexist,test
sexism2022_english-15764,uk denies visa iraqi nun displaced islamic state url britainastan,not sexist,train
sexism2022_english-14153,feminist ideology mean meninist believe woman always colluded men malicious intent,not sexist,train
sexism2022_english-18050,actually take life massive ball older friend mucho respect taking charge situation,not sexist,train
sexism2022_english-5977,woman feel guilty nature woman rape fantasy terrified even touched ugly guy thats woman gender study liar woman hate incels exposing,sexist,test
sexism2022_english-16999,thats assuming 96 year liberal havent made everyone gay prance around penis tucked leg thinking theyre woman scared butterfly,not sexist,test
sexism2022_english-15756,surprisingly white guy iowa killed female hispanic college student become popular counternarritive recent preventable murder mollie tibbets illegal alien,not sexist,train
sexism2022_english-16699,dont even deny hate woman youre merely frustrated guy still get laid,not sexist,train
sexism2022_english-16755,american shitposters fuck except merkel one want fuck,not sexist,test
sexism2022_english-1329,attraction men like light switch woman like volume knob ive never heard elaborate bit,not sexist,train
sexism2022_english-1657,right lott demonstrated landmark research female suffrage immediately precipitated leftward lurch american politics continues day white men voted would great society gib dat state,sexist,train
sexism2022_english-14055,master putting guy friend zone cancel save heartache,not sexist,train
sexism2022_english-14985,watch cop left hand eminent threat grip tightly,not sexist,test
sexism2022_english-8331,well shit got convinced sign die race war white woman could fuck nigger without judgement,not sexist,test
sexism2022_english-744,ive seen first hand step bitch treated littlest brother son like absolute shit stepbrother first doted course right druggie po,sexist,train
sexism2022_english-13576,wish bill cosby would rape dumb sister,sexist,train
sexism2022_english-15651,woman insightful enough deprives character building learning experience,sexist,train
sexism2022_english-13129,stop drinking much make really clear youre hard imagine shit embarrassing girl,not sexist,train
sexism2022_english-15609,lmfao natural simply dropping game woman desire pua front smash true face shown becoming woman desire remain youve fucked continue long,not sexist,train
sexism2022_english-5755,wuz skykangs,not sexist,train
sexism2022_english-12122,shes probably sober,not sexist,train
sexism2022_english-4538,bluepilled fuck none meme funny cant really hate end coping incels denial time embrace blackpill,not sexist,train
sexism2022_english-6609,kind lost stacy hot girl nothing hair color giga stacey time dark hair many stacies also charli kid lol,not sexist,test
sexism2022_english-4845,unlike almost every single society earth prechristian european venerated respected placed woman pedestal,not sexist,test
sexism2022_english-6257,traveling female friend becoming fad woman url,not sexist,train
sexism2022_english-13248,josepth levitt gordon seems like natural charmer laugh lot tell good story kind dude go chick ryan gosling total opposite joseph get bitch chasing thats good,sexist,train
sexism2022_english-14468,remember girl never really single true sense usually stick around find new guy even orbiter realistically probably started talking guy broke,sexist,train
sexism2022_english-5335,thanks really helpful would kind thing would say,not sexist,train
sexism2022_english-775,freedom right catalan want remain spain,not sexist,train
sexism2022_english-16082,chad friend suifuel stay away chad blackpilled already one fuck friend chad,not sexist,train
sexism2022_english-2464,tom jones often altered song specifically certain country he lady huge hit thailand,not sexist,train
sexism2022_english-18971,drunk would dead,not sexist,train
sexism2022_english-10715,look get face see dude dress wig go lady room,not sexist,test
sexism2022_english-3871,right virgin fair get together one nowadays miracle find woman single virgin hole,sexist,train
sexism2022_english-2069,thank brother look white brother sister briton happening happening white nation varying rate speed u think otherwise living place like call reality,not sexist,train
sexism2022_english-2989,quick fyi even win everyone turn literally hitler 18 year old white girl still snorting coke party engaging gangbangs pack feral white men,sexist,train
sexism2022_english-7621,mind boggling much normies worship female,not sexist,test
sexism2022_english-6737,im stubborn woman usually hurt trying lift crap shouldnt men,not sexist,train
sexism2022_english-19718,smoking major shit dude arent really refuting homo tryst christopher michael robbins,not sexist,test
sexism2022_english-12420,course know say woman know youre asshole,not sexist,train
sexism2022_english-4384,holy crap looked apparently far bang buck go bug shit load protein sizeweight,not sexist,train
sexism2022_english-7010,thats get power back know aint shit lmao got palm bro hit youre ready get plowing,sexist,train
sexism2022_english-1195,stop asshole probably get girl,not sexist,train
sexism2022_english-2037,like refusing rape woman morally wrong illegal saying shes ugly,not sexist,train
sexism2022_english-5555,pray always user well rape woman child migrant urge german austrian give refugee home money zero hedge url,not sexist,train
sexism2022_english-17772,usefulidiots soros scam really thick iq feebleminded dupe strong racial correlation,not sexist,train
sexism2022_english-14026,youre failure cant get pussy easy mode doesnt mean true mean youre failure,sexist,train
sexism2022_english-11785,definitely doesnt worship death woman claim female depression myth,not sexist,train
sexism2022_english-19790,saw wife potential quitting soon,not sexist,train
sexism2022_english-2305,piloting party attended pilot friend went school always pilot whore 30 guy 1 girl ratio one party attended ended 18 pilot girl fucked 3 guy party one night,sexist,train
sexism2022_english-17390,complaining woman always sob story,not sexist,train
sexism2022_english-39,childbearing white woman around 2 world population bring back patriarchy altright,sexist,train
sexism2022_english-18506,want intense red pill go grocery store saturday pay attention couple married otherwise,not sexist,train
sexism2022_english-14946,think youre giving vapid whore much crediteven chad never true love meaningful life foid like thatdeep downyou know shes whore shes staying look,sexist,train
sexism2022_english-5793,hate rooting team scoring jack nsfw sex woman url,not sexist,train
sexism2022_english-13875,baby momma left cuck baby,not sexist,test
sexism2022_english-5136,stupid old hag,sexist,train
sexism2022_english-7688,herpes genetic room sister examined whole thing complete fantasy,not sexist,train
sexism2022_english-10800,anger bottled long repressed people overthrow tyrannical government url,not sexist,train
sexism2022_english-11274,hate people discriminate woman builder lesbian need job much anyone else,sexist,train
sexism2022_english-15468,dont hit random girl start conversation thing go good smiling good time ask number social medium want hang go lunch sometime,not sexist,train
sexism2022_english-7474,kneel piece shit put bullet head,sexist,train
sexism2022_english-15667,fing grandmother thats url,sexist,train
sexism2022_english-374,disbelieve god unnecessary creation granted mom swallowed dad load night conception,sexist,train
sexism2022_english-98,much real bringing back memory lackland nigger ran train life choice nothing mom dont sad proud diversity hahahah,not sexist,train
sexism2022_english-7462,eh show there good men believe everything seesread,not sexist,train
sexism2022_english-11582,arent yall people gave birth every rapist murderer war starter whats something rapist murderer etc common female parent see stupid sound,not sexist,test
sexism2022_english-1672,id pay week salary opportunity bitch slap smarmy look face god hope isnt grandma nightmare kid anything huggable booboo kissing material,sexist,test
sexism2022_english-19059,socialist poem contest zero bearing immigration,not sexist,train
sexism2022_english-16546,well theyre american shouldnt different group girl unsure naive sarcastic plane ignant claim absolutely ridiculous especially american,not sexist,train
sexism2022_english-16076,user user know come revolution much guy finish child liberty even probably good bit perpetually stuck 1775 boston,not sexist,train
sexism2022_english-552,ignore completely try hurt insult either agree amplify tease lightly circumstance give validation sit back watch lose shit,not sexist,train
sexism2022_english-13407,think deserves someone cook three meal day split bill date even though job someone explain moid logic,not sexist,test
sexism2022_english-19160,always thought prostitute real woman damn didnt know sex robot,sexist,train
sexism2022_english-19073,saw book sainsbury today flick muslim woman headscarf photo diverse,not sexist,test
sexism2022_english-17975,damn bet like tall dude,not sexist,train
sexism2022_english-3515,actual beta two daughter jfl he white knight,not sexist,test
sexism2022_english-14306,unaware thicc isnt type dont disregard men prefer thicc tho fatass insists roll make thicc thats trying say,sexist,train
sexism2022_english-7966,satan call home,not sexist,train
sexism2022_english-14077,well nice every day feature liked user woman please allow tip cap return,not sexist,train
sexism2022_english-9359,part issue dont blame dumbass simps blame fucking woman get away,sexist,train
sexism2022_english-19138,queen sits people raped shit like communism exists,not sexist,train
sexism2022_english-2867,listen white lady full flea know int continent would hunt 7 beat da air leave rot openly true nigger,sexist,train
sexism2022_english-13346,im president zuck corrupt witch hillary choice 2016 election reason nefarious,not sexist,train
sexism2022_english-12417,well still bill know many minion still place,not sexist,train
sexism2022_english-982,ironically deep inside woman need men creepy complete opposite indifferent youre creepy dont pursue woman theyll complain invisible,sexist,train
sexism2022_english-978,wait wife make rape allegation found man want leave happened caught ex wife cheating,sexist,train
sexism2022_english-12546,trump extortionist stormy daniel facilitate cryptocurrency payment website porn content url news finance bitcoin stormydaniels,not sexist,test
sexism2022_english-11929,worse music better looking girl congregate lol agreed,not sexist,train
sexism2022_english-12522,since laid low well okay lowish plan introduce new virulent strain typhoid cholera native,not sexist,train
sexism2022_english-4653,biggest insult woman unfuckable,not sexist,train
sexism2022_english-5559,orphan mother nonsense think mean,not sexist,train
sexism2022_english-10399,lifelong friend ford denies claim url,not sexist,train
sexism2022_english-16888,normies cant cope harsh reality black pill much process,not sexist,test
sexism2022_english-12970,excellent mean shouldnt problem getting fuck,not sexist,train
sexism2022_english-6878,isnt trad base label numerous duis shes resulted suspension driving privilege well fact engaged 36 year old snitch man child,not sexist,train
sexism2022_english-1910,attraction start want bang shell bang url dating manosphere redpill,not sexist,train
sexism2022_english-19940,better yet completely ignore woman whenever possible certainly always cagey treat like would treat police officerurl one mistake ops bos made divulging personal detail woman,sexist,train
sexism2022_english-15523,ever notice liberal female ugly sht male little beta pussy project veritas video reveals disruptj20 plot url,sexist,train
sexism2022_english-18010,agreed wake morning first thought im glad one sleeping next meaning exwife last woman relationship,not sexist,train
sexism2022_english-1736,wtf wrong woman today sorry scrub know,sexist,test
sexism2022_english-4674,shes pathetic im super sweet dad attacked dragged hair going people leaving like interviewer said went everyone leaving say lmaooo,not sexist,train
sexism2022_english-3855,would see point marrying woman kid dont want raise another man child marry someone want child,not sexist,train
sexism2022_english-17706,im sorry happening happens lot female post racist white troll love harass leave,not sexist,train
sexism2022_english-11693,denise girl name meet maker travesty injustice,not sexist,train
sexism2022_english-19825,idiot worker wanting run asylumbusiness usual work food store amazon vision robot fall line walk doh amazon imposes dystopian scoring system whole food worker url,not sexist,train
sexism2022_english-4695,enough enough high time uncle donald put nutty little fat fucker knee gave good spanking,not sexist,test
sexism2022_english-19739,ah good old french method drinking alcohol political activism justquebecstuff canadaland url seriously tho retarded something,not sexist,test
sexism2022_english-4613,pay well name andor whereabouts scumbag girl trust u,sexist,train
sexism2022_english-13996,yeah wife 7 kid 9 different men got creampied 50 spitroasted 12 pair open marriage come home every night end win,sexist,train
sexism2022_english-6247,know islam well deed acolyte special need fuck little kid book forbid cant tell chose rut boy girl wee goat butt,not sexist,train
sexism2022_english-12928,dont really think woman slept 50 guy would much offended incel doesnt date dont need enough give shit,not sexist,train
sexism2022_english-1745,jeez may ghost mom shes abusive moochy mean im helping one parent age generally help get started life bred slave,not sexist,train
sexism2022_english-19937,thats general woman primary caregiver caregiving tm though typical foid nowadays actually run house sit around pontificating social medium fantasizing chad cock,sexist,train
sexism2022_english-4250,depends generally military base away hard shouldnt need prostitute japan woman easy pick know,sexist,test
sexism2022_english-8531,idk female pic automatically become better tgen actually,sexist,train
sexism2022_english-3338,black female ice agent accuses police department racial profiling pulled three time url,not sexist,train
sexism2022_english-9789,dear lord give cheyza patience deal gooberment bureaucrat give strength avoid throat punching idiot waiting line amen,not sexist,train
sexism2022_english-8441,leader one world government plot intends destroy western civilization via islam,not sexist,train
sexism2022_english-19282,well man got ta make money,not sexist,train
sexism2022_english-2007,time seemed ever give woman bob oh short denim jacket ugh really started pissing stopped watching,not sexist,test
sexism2022_english-7,maybe muslim hate gay mexican hate gay hell even hateful as black woman hate gay sorry guy white woman love yall dems realized dead end,not sexist,train
sexism2022_english-6168,record stance loli girl fictional picture legal however see naked prepubescent loli girl filling timeline especially sexually explicit mute dont like seeing shit,not sexist,train
sexism2022_english-1228,mean sending woman make false child rape claim order defend accused pedophile isnt unethical fucking height unethical,not sexist,train
sexism2022_english-1595,jew survive white trash always used violence fight jew made effort destroy deny,not sexist,train
sexism2022_english-109,wow cocked spelling feel like retarded middle aged woman,sexist,train
sexism2022_english-1555,lol riiiiight lady,not sexist,train
sexism2022_english-6317,100k jew werent german idea oh way rothschild woman died camp,not sexist,test
sexism2022_english-10471,hope sjws happy poor little black girl roseanne reason back street,not sexist,train
sexism2022_english-19973,old cunt die already,sexist,test
sexism2022_english-7842,oh also remember incel post womens love horse come history cuckholdry riding know fuck chad next town,not sexist,train
sexism2022_english-1870,old cant even kid adopt,not sexist,train
sexism2022_english-12124,lol lesbian know attractive feminine people think masculine lesbian common noticeable two blonde high heel dress night theyre gay bro,not sexist,train
sexism2022_english-13890,saw interviewed transphobic belief simply delicious,not sexist,train
sexism2022_english-18731,paying nigger move neighborhood destroy kill kid drug rape woman thanks jew,not sexist,train
sexism2022_english-7071,alone beach well maybe oregon girl better one oregongirls thatoregonlife beachbody gabfam photography icon posting box please user going art fuckit,not sexist,train
sexism2022_english-19463,hurting scared strong woman dont jibe url,sexist,train
sexism2022_english-9551,weak men like woman feel entitled exploit men like dog,sexist,train
sexism2022_english-5508,trash post see chick hammering roommate door opened door let love smell std morning smell like consumeristic victory pokestdgo get 8k upvotes,not sexist,train
sexism2022_english-14189,either way slutty sneaky cunning one snatch highest value sperm pasd threir sneaky slutty trait daughter frigid timid one one got caught revenge killed,sexist,train
sexism2022_english-3540,nonrape chad rape joe,not sexist,test
sexism2022_english-12629,smart hardly 90 girl leftist shit stain,sexist,train
sexism2022_english-17097,say different type men woman like end covering 100 5 male population,not sexist,train
sexism2022_english-389,new tide pod chalengeliberal woman shud shove vagina see long take 4 2 meltgay liberal shud stick as 4 reason,sexist,test
sexism2022_english-15435,thanks bro im denmark biggest insecurity since forever always girl would turn race experienced racist bullying kid tinder experience quite eye opener,not sexist,test
sexism2022_english-16587,lol woman cant push ups,sexist,train
sexism2022_english-9668,shes free spout vitriolic hate speech anyone disagrees silenced,not sexist,train
sexism2022_english-17946,take pound town nah jk idk wanted say,not sexist,test
sexism2022_english-11834,imagine thinking chad gay lower standard woman,sexist,train
sexism2022_english-5879,fucking guy already want permission,not sexist,test
sexism2022_english-18863,bad shouldve stuck comment mom guy beyond help,sexist,train
sexism2022_english-10158,u mean shekel,not sexist,train
sexism2022_english-11086,hand french revolutionary probably took less heroin antifa,not sexist,test
sexism2022_english-19429,here youre hot 21 year old girl tell father found man dream move come live ill teach way wolf ill mr miyagi inner daniel larusso,not sexist,train
sexism2022_english-6993,try act confident girl dont even look,not sexist,test
sexism2022_english-4944,woman strong diverse group know gender lol part like otheri think ive muted one woman wouldnt shut,not sexist,train
sexism2022_english-6332,ever look foid tell shes sociopathic usual,sexist,train
sexism2022_english-18413,oh shut fuck little cuckold also verne fucking rich look treated girlfriend like absolute trash,not sexist,train
sexism2022_english-9458,think take lock make qualify cute really give fuck,not sexist,train
sexism2022_english-4409,depends mother height,not sexist,train
sexism2022_english-4254,chuck neither mohammed ali trump became champion telegraphing punch hillary never even saw straight right knocked,not sexist,train
sexism2022_english-12509,men definitely fetishize height stuff 63 dude rejecting girl 53 something definitely true ive seen guy sub say could chest,not sexist,train
sexism2022_english-14929,go sniff hitler sock asshole,not sexist,train
sexism2022_english-2020,well press lie dont know many woman like wussy menplus lot u saw obama mom jean wearing helmet neighborhood bike ride made u throw mouth,not sexist,train
sexism2022_english-12584,user true lady warrior truth nothing tacky stand right side fact show person quality stand truth unpopular true lady gentleman must,not sexist,test
sexism2022_english-19670,serious incel alex jones caliber conspiracy stuff jerk gyow dude youve got semen seeping ball desperation thick,not sexist,train
sexism2022_english-14890,look stupid tattoo though mean makeup supposed make female look clean presentable dude got fucking tattoo everywhere wear make dyed hair unnatural hair color like typical vapid female,sexist,train
sexism2022_english-9978,dead white knight protecting female stranger good man,not sexist,train
sexism2022_english-7348,kill damn malemother need,not sexist,train
sexism2022_english-5713,never even enter store without knowing exactly want get wife go shopping store didnt know existed bring home stuff ive never heard talk,not sexist,test
sexism2022_english-11951,good least trying infect someone std without person knowing,not sexist,train
sexism2022_english-18502,jfl looked like 12 yo girl 19 wait mid20s complaining able build muscle,not sexist,test
sexism2022_english-13476,effective laughing load see single mom mudshark store also sting,not sexist,train
sexism2022_english-18826,actually work seems like easiest way get prostitute undercover cop std,not sexist,test
sexism2022_english-14534,id say conclusion also work reverse minus first sentence female arent necessarily looking alpha male strict definition term essential remember define,not sexist,train
sexism2022_english-9686,there shortage woman offer free internet literally,sexist,train
sexism2022_english-13266,dangerous woman girl hate u,not sexist,train
sexism2022_english-19693,doesnt need work chad one,not sexist,test
sexism2022_english-15260,thats question actually though coxcon whether sexually attracted dude dress pass girl gay trap refers porn category people depicted,not sexist,test
sexism2022_english-996,redhead tell blonde stepsister slept brazilian blonde reply oh god slut many brazilian,sexist,train
sexism2022_english-678,sex offender lure woman promise great job sexually assaulting interview url,not sexist,train
sexism2022_english-4431,say woman wear upside cross harrump,not sexist,train
sexism2022_english-16883,aside religious gooble de gook woman adheres might onto something amber heard url,not sexist,train
sexism2022_english-1726,kinda sound like r9k least,not sexist,train
sexism2022_english-8638,necessarily even girl find attractive doesnt mean shes gon na hook imagine lived society ok grab girl ass would grab lot girl ass didnt give fuck,not sexist,train
sexism2022_english-19560,dumb know whats really going left love put u never answer tell im professional engineer im stupid dont go hospitalthats design specialty,not sexist,train
sexism2022_english-3652,give validation probably attracted playing stupid game look forward forget,not sexist,train
sexism2022_english-5566,islam military wing cultural marxism hence preference settlement muslim refugee uk,not sexist,train
sexism2022_english-1643,user fyi person photo filed dmca takedown notice since shes one photo enjoy,not sexist,test
sexism2022_english-15394,rationalize arrogant selfish prick,not sexist,train
sexism2022_english-7344,church christ gift dont believe one friend nolan family spotted witchcraft sport thought witch victim attack gift discernment didnt know,not sexist,train
sexism2022_english-18998,another cuck whining whitegenocide,not sexist,train
sexism2022_english-1755,wonder story isnt getting play african savage called homo fag girl punched white african savage act like barbarian tmz though url,not sexist,train
sexism2022_english-2741,may 28 1994 daughter nicole married tony rodham younger brother hillary clinton ceremony white house attended 250 guest,not sexist,train
sexism2022_english-12045,andieiam user andieiam retweeted gabaijohnwinters trayvon martin father gangbanger cheated wife mother treated poorly raise,not sexist,train
sexism2022_english-19130,swear keep around laugh there way guy real chancellor,not sexist,train
sexism2022_english-15968,meanwhile white man commits severe racism fucking asian woman,not sexist,train
sexism2022_english-8579,ive approaching girl year still cant bring open directly guess,not sexist,train
sexism2022_english-2275,tldr op want quality relationship pump n dump respect opinion cuz aint also insinuate man right sex whether girl want fun fact thats called rape,not sexist,train
sexism2022_english-4094,x200b many girl pick dancing many sex,not sexist,test
sexism2022_english-4207,due failing love life wife suggested roleplay bedroom suggested slimfast,not sexist,train
sexism2022_english-12679,benefit woman yes many workplace like sexism favour woman xx chromosome get promotion long lunch men office slave working 60 hr week min wage,sexist,test
sexism2022_english-10824,disobeyed male keeper knew rule,sexist,train
sexism2022_english-8009,hell get many comment one person ever say shit mine,not sexist,train
sexism2022_english-5332,im 67 certain noticed small hairy boogy dangling nose b,not sexist,test
sexism2022_english-17096,fine long woman also bear equal responsibility,not sexist,train
sexism2022_english-6884,sometimes people get wrong impression im trying think im saying woman dress time lady thats true casual ladylike simultaneously time place everything,not sexist,train
sexism2022_english-19247,humble brag yeah neg told chick bunny butt asked meant said mean hope as around surprised said popular kink change topic,not sexist,train
sexism2022_english-13279,definitely true however help game virgin lose virginity asap would know sex big deal youre still virgin youd desperate girl could smell,sexist,train
sexism2022_english-12332,user lol stop bitch lost get,sexist,train
sexism2022_english-16561,fucking miserable existence woman like,sexist,train
sexism2022_english-11039,whose fault wet dream wife girlfriend deliberately withholds sex isnt also contributing act unborn child,not sexist,test
sexism2022_english-10761,20 year younger youd much trouble young lady,not sexist,train
sexism2022_english-18373,dude could woman world wont lead heartbreak financial expense like many hollywood star might gay experience mother made real picky he mgtow beard,not sexist,train
sexism2022_english-4432,yawn dont thrust fear mortality,not sexist,train
sexism2022_english-11701,simps lurk happens happy ending movie game barely get see popular medium,not sexist,test
sexism2022_english-15363,fairness couldnt get much wording would turned shouting match often cut,not sexist,train
sexism2022_english-3878,agent shot sorry bastard,not sexist,train
sexism2022_english-13557,haha dont mind revitalised anger phase bullshit,not sexist,test
sexism2022_english-1165,divorced woman family oriented,sexist,train
sexism2022_english-9304,like clinton blame everyone narcissistic bully,not sexist,train
sexism2022_english-2504,horrible friend selfish bitch leave friend alone bar good guess man id hate actually date girl like,sexist,train
sexism2022_english-19469,wage never income america anyway tax revolt order,not sexist,train
sexism2022_english-2119,user bigot exposed lie url,not sexist,train
sexism2022_english-9508,shit post,not sexist,train
sexism2022_english-14547,bro youre good point conversation woman say exactly cook sometime want listen play music melt hahaa,sexist,train
sexism2022_english-2866,lmfao hilarious eat shit,not sexist,train
sexism2022_english-15387,there belief woman becomes mom granted mother right something excuse lot awful toxic behaviour im mother used frequently disrespect break boundary,sexist,train
sexism2022_english-16377,alright first dont try convince people willing swallow redpill holy fuck man stuff said chick cuck made lose side,not sexist,train
sexism2022_english-5210,sweden soon election newspaper user user hate sd right ving parti hate sd day long user user,not sexist,train
sexism2022_english-7580,bbc news pidgin anoda woman die afta brazilian bumbum add extra ikebe url,not sexist,train
sexism2022_english-9037,man afrika white hater wife man,not sexist,train
sexism2022_english-19271,girl like really appreciate loveletters song anon think really sweet else would reinforce false sense genetic superiority wasnt simps,not sexist,train
sexism2022_english-18291,initial comment went dense as head joyful idiot kind people joke always writes well steal good day snowflake,not sexist,train
sexism2022_english-17700,would perfectly happy girl like thatshes hotter whale regularly reject,sexist,train
sexism2022_english-4580,well said sister islam satanic use attack u,not sexist,test
sexism2022_english-6450,haha could happen unless totally get engulfed pussy cut,sexist,test
sexism2022_english-15869,considering men issue treated building would accurately 110 size womens one,sexist,train
sexism2022_english-9812,incels skinny andor babyfaced two thing make one incel,not sexist,train
sexism2022_english-17574,amygdala hijack female sjw turn vile depraved disturbed lunatic tyrant uncontrollable mouth funny hell type person teaching son school day url,not sexist,train
sexism2022_english-13721,user hillary many nail campaign coffin iron maiden,not sexist,test
sexism2022_english-14028,bet wont stop witch hunt trump,not sexist,train
sexism2022_english-13575,wait frightened understand chan scared spoke,not sexist,train
sexism2022_english-9626,jesus everlasting father god god war peace come righteous destroying imprisoning filthy corrupt url,not sexist,train
sexism2022_english-5068,dindu nuffin fuck whitey whens lunch,not sexist,test
sexism2022_english-18424,blue piller attributing misfortune circumstance rather nature woman red pill nature woman case didnt know,not sexist,train
sexism2022_english-5845,go party try ignore flaky girl focus fun,not sexist,train
sexism2022_english-8724,oooh dish girl,not sexist,train
sexism2022_english-15017,today went sat next girl lunch totally comfort zone yet comfort zone like awesome manliness took ran train straight hogwarts,not sexist,test
sexism2022_english-15204,alpha male 4 wife 3 sexually frustrated beta male chance ever found family option get sex except raping child animal,not sexist,train
sexism2022_english-17851,islamic country treat woman equal must weird coincidence,not sexist,train
sexism2022_english-11762,1 intercourse never happened accusation inappropriately touched 2 60 womwn come forward including woman dated,not sexist,test
sexism2022_english-9206,like double tapping elbow idea since wont lead confusion say dont want friend staring feel like would awkward ill sure use hand god next friday,not sexist,train
sexism2022_english-4383,user need return working men woman nyc offset mayor,not sexist,train
sexism2022_english-12096,user uhhhhh hmm ergimme minute uhhhhh errrrr damn hard uhhh oh screw,not sexist,test
sexism2022_english-3207,could least tripped triggered snowflake look like need break,not sexist,train
sexism2022_english-7226,wealth status dealmaker woman would fuck first date since guy start bragging job 5 min last time dated someone norm good job like,sexist,test
sexism2022_english-19296,dont know dont care got better thing entertain barren spinster,sexist,train
sexism2022_english-14836,give shit arab porn think,not sexist,train
sexism2022_english-8605,oh gawd woman need cuffed immediatly url wait see wikileaks store next week work kimdotcom something getting ready explode major freedomboner,not sexist,test
sexism2022_english-8708,mgtow response feminism cause men go way marriage rate collapsed,sexist,train
sexism2022_english-12119,woman prefer men dont give impression shed end raped murdered dumped ditch went anywhere alone real stumper,not sexist,train
sexism2022_english-16428,kid better without mom around,not sexist,train
sexism2022_english-18649,destroy low faggot,not sexist,train
sexism2022_english-2061,commie lee going start new career street whore make way proud brown woman senate url ausfam auspol ausfam auspol ausfam auspol australia,sexist,train
sexism2022_english-11918,many larping moids,not sexist,train
sexism2022_english-17207,feminism thrown justice bus train,not sexist,train
sexism2022_english-11682,excuse manager asked ask please leave youre making girl look bad,not sexist,train
sexism2022_english-16305,maybe nice hmm inconclusive attractive girl dont usually experience,not sexist,train
sexism2022_english-11026,hahahahaha usual woman victim destiny victim war happens primary victim woman divorce rape u victim woman,sexist,train
sexism2022_english-15122,limitation woman unable funny ive funny female life tho equally unfunny male well idk idiot educated son,not sexist,train
sexism2022_english-12011,expired like didnt pay couple hundred buck per year keep hum,not sexist,train
sexism2022_english-14190,rt user yet medium fell hook line sinker pundit type told thought would withdraw name light consider surrounded idiot url,not sexist,train
sexism2022_english-3306,thats point using social medium isnt masculine feminine,not sexist,train
sexism2022_english-17841,male feminist raping woman never heard thing,not sexist,train
sexism2022_english-17158,oh fucking god look fucking foot disgusting black woman worst,sexist,test
sexism2022_english-3586,thank think love puppy thats love must woman excellent way look,sexist,test
sexism2022_english-16250,forgot justine damonds family sue officer partner city death australian woman killed minneapolis cop url,not sexist,train
sexism2022_english-9476,whoop replied wrong person still dont know youre mad muppet vagina,sexist,test
sexism2022_english-14251,cut life expenctancy son 60 call daughter,sexist,train
sexism2022_english-8540,people want get laid thinking solve everything forget actually enjoy life let pua consume life,not sexist,test
sexism2022_english-2642,men want rope already speak pathetic sadsack prick,not sexist,train
sexism2022_english-15995,body cam footage show wichita police officer dexterbetts shoot two round 35 pound dog miss hit 9yearold girl face shrapnel url,not sexist,train
sexism2022_english-12739,seems entirely possibleand unexpected deep state remoted kill wouldnt first time,not sexist,train
sexism2022_english-16224,user pakistan country war cant refugee he invader best someone wanted rape white woman face legal punishment,not sexist,train
sexism2022_english-5772,agreed much sister return iraq war 2 major ptsd died year back alcohol poisoning struggling many year va didnt shit,not sexist,test
sexism2022_english-13659,goolag corporate censorship try defend nation extermination paypal ban,not sexist,train
sexism2022_english-16620,cant show present relationship dont get relationship reasonable expitations relationship sound like immature,not sexist,train
sexism2022_english-10442,maybe ask directly instead passive aggressivelol,not sexist,train
sexism2022_english-15637,ching chang ching choke dong fucking kek,not sexist,train
sexism2022_english-5330,oh well make totally okay everyone know perfectly healthy fantasize beating wife,not sexist,train
sexism2022_english-16695,trying bully everybody laughing retailated suddenly shock gasp course simp teacher hold back even shes one going,sexist,train
sexism2022_english-8390,anyone got link good video adl founded frame black man murder white woman jew frank committed,not sexist,train
sexism2022_english-12084,sick as clown affair grand daughter miraculously ended dead time metoo light shined pervert ghost url,not sexist,train
sexism2022_english-16072,fuck subtle pm guy tell wife gangbanged also rmgtow dont post reply otherwise woman white knight gang pm hell listen,not sexist,train
sexism2022_english-4692,wait sept 5th hillary next speech understand life basically shitshow drum pure gold every speech waitingpatiently,not sexist,train
sexism2022_english-14564,desperately want hang sign say white people arent allowed sit actual human lido pimienta made white people stand back concert put minority front stage,not sexist,train
sexism2022_english-8950,country need fend islamic horde kneegros zionist master another dumb cunt knee atomic facepalm repeal 19th woman politics position power,sexist,train
sexism2022_english-3632,really true less show interested look around woman one u actually interested come wow,not sexist,train
sexism2022_english-791,hmm user stream yet wonder shes zonked 12 hour stream yesterday need vicarious energy,not sexist,train
sexism2022_english-17888,probably hapas,not sexist,train
sexism2022_english-15748,hipster anxiety attack trump win pure gold snowflake campus academia millennials sjws brexit mangina britfam ausfam url,not sexist,train
sexism2022_english-6214,two sister cant remember fought stabbed covering child blood,not sexist,train
sexism2022_english-17041,ok man thats im trying get shit together porn addict loosing interest girl say biggest motivator girl,not sexist,train
sexism2022_english-13146,much promote miscegenation honestly incredible try google image searching pregnant white woman,not sexist,train
sexism2022_english-10017,shell get nice divorce settlement tiger wood wife got 300 million,not sexist,train
sexism2022_english-1151,incest fetish bro date little sister,not sexist,train
sexism2022_english-8143,think meant abhorable people make mistake,not sexist,train
sexism2022_english-863,yeah right guy keep female friend around guy dont good male friend trouble getting laid know type arent convincing anyone buddy,sexist,test
sexism2022_english-8297,u woman prefer white tshirt jean,not sexist,test
sexism2022_english-19450,community like said someone clearly didnt research thats instead fact argument feel,not sexist,test
sexism2022_english-19028,id trust gut one hard next stone ghost dont explain let slowly consumed guilt eventually shell probably confess even doesnt shes longer problem,not sexist,train
sexism2022_english-9698,damn must absolute piece shit,not sexist,train
sexism2022_english-19525,bro give fuck dude keep ur nigga dont even want,not sexist,train
sexism2022_english-4508,nope horse shit old unproven allegation leafy isr smear campaign talking point world respect rabbi also come rag website run muslim trash,not sexist,train
sexism2022_english-13814,man break house say ok wont rape elder daughter let rape younger life give take right wrong shoot man get carpet cleaned,not sexist,train
sexism2022_english-3442,wow course knew ballpoint pen none hand lyink otto pay another kike 30 g,not sexist,train
sexism2022_english-6820,idea dress slogan use realize there one group formerly dressed similarly nsdap right like 12 year ago leave mom basement sometime kike,not sexist,train
sexism2022_english-13376,wouldnt able sex otherwise know find woman impaired sex theyre rabidly defending action rape,not sexist,test
sexism2022_english-13414,done impress make special girl knowfollow ig,not sexist,test
sexism2022_english-3064,well hope learned lesson frenchy felcher doesnt use hate speech nigger irtyday oojays,not sexist,train
sexism2022_english-13127,thats called fantasising woman guilty men rape sexual assault fuck right pbspinchback,not sexist,train
sexism2022_english-5011,wonder ok punch bitch hag well esp zog support remain,sexist,train
sexism2022_english-1935,wife literally shoveled snow yesterday get reason woman dont sleep,not sexist,test
sexism2022_english-847,touching know friend mine went japan rampage girl like american much lot information tell fuck figure,not sexist,train
sexism2022_english-14819,would satisfy lot u know shes going sentenced beyond,not sexist,train
sexism2022_english-17733,pedofiles gabfam australia female pedophile seduces bully 13 year old step son sex url,not sexist,train
sexism2022_english-14057,got 5 year relationship stubborn bitchy controlling single mom didnt let mask slip last month yep good hiding part,sexist,test
sexism2022_english-7831,negative correlation hillary familiarity subject time frequency comment gun instantaneous often sexual predator umm well umm question cricket,not sexist,train
sexism2022_english-19948,porno puke complete moron,not sexist,train
sexism2022_english-297,idiot laugh backing witch destroyed raison detre easy dirt spoonfed limpid coward,sexist,train
sexism2022_english-11099,start bounty mask bandanna one worth 10 2 worth 30 5 worth 75 10 worth 200,not sexist,train
sexism2022_english-13695,user kick as bu also crush enemy see driven hear lamentation woman vfm,not sexist,train
sexism2022_english-14915,mgtow guy banging chick maybe never,not sexist,test
sexism2022_english-15499,id bang greek style,not sexist,train
sexism2022_english-6219,made mistake said savior put picture jesus jew god satan,not sexist,train
sexism2022_english-8156,well also clearly think men gon na rape girl thatd wed something without consent gon na stop conversation lost last braincell,not sexist,train
sexism2022_english-364,former brad future chad lol chad say men bad communicator majority woman ive seen really bad communicator got ta drag truth good communicator imo make woman unicorn,sexist,train
sexism2022_english-12453,dont know pathetic cunt simps,sexist,train
sexism2022_english-19912,yeah ditto pretty much everything said except dont even want girl seriously pussy aint worth sacrificing peace quiet day talk much,sexist,train
sexism2022_english-17131,girl want attention im expert would shoot shot think much doesnt respond forget,not sexist,train
sexism2022_english-5360,poor girl hope get proper treatment life happy life,not sexist,train
sexism2022_english-18383,love tommy robinson he subjected smear campaign country never stopped bansharia,not sexist,test
sexism2022_english-10219,latest fashion woman purchase one christmas like today buy one european female family friend raped there lot evidence left behind men dont rape wimp scared mommy syndrom,sexist,train
sexism2022_english-36,administration account doesnt tweet pussy communist stand israel go back mommy real men busy organizing defense usa front battlefield communist new world order,sexist,train
sexism2022_english-11165,sugar spice woman never nice,sexist,test
sexism2022_english-18411,yeah skin white 2 daugh olive one white 4gr child white one olive like said mom bleach bloodline,not sexist,train
sexism2022_english-3585,imagine youre home trying watch daughter grand kid suddenly start stabbing kill child risk man take living woman even relative,sexist,train
sexism2022_english-11530,think referenced mutual admiration thread least back day still say back day outlawed like faggot,not sexist,train
sexism2022_english-2661,say go dont expectation said becomes clear want fuck try figure really exclusive boyfriend beforehand though may get as kicked later,not sexist,train
sexism2022_english-12431,fact concerned forcing stuff might want instead sort desire come testament girl misededucated,sexist,train
sexism2022_english-18563,title made shake head degenerated people actually seeing doctor dressed like prostitute wow im amused offended,not sexist,train
sexism2022_english-19933,thats guy attracted role also area guy tend naturally better thing probably wont admit woman average better thing,sexist,test
sexism2022_english-71,neither men literally planet,not sexist,train
sexism2022_english-19842,make shes got face camel,sexist,test
sexism2022_english-9398,1 movement 2 hypergamy evolutionary imperative female sex 3 work ton link sidebar,not sexist,train
sexism2022_english-4554,moslem scum dont bother claiming convert get back goat fucking paradise mighty godling saw fit stick unwashed sister breeding as killglobalistsdeathtoislam,not sexist,train
sexism2022_english-18121,think self hating asian female got beat wonder asian female getting nonasian guy v jewish female nonjewish guy compare,not sexist,train
sexism2022_english-14542,nice anus,not sexist,train
sexism2022_english-8273,good depiction irrational female behavior way knowing shield bulletproof url via user mgtow fridayfeeling captainamerica femalenature walkaway,sexist,train
sexism2022_english-14239,nigger one animal rescued yes tax paid importation nigger,not sexist,test
sexism2022_english-9392,said roshansbae probably mean shes relatiobship jfl get laid cant,not sexist,train
sexism2022_english-9921,nice way saying hank clinton kuru disease eating diseased plagued haitian decade rotting away brain,not sexist,train
sexism2022_english-6836,yeah come trpmanosphere outlier mainstream see much whining woman men still want get laid even relationship much ever,not sexist,test
sexism2022_english-15371,triggly puff living communism capitalismshe would skinny fuck,not sexist,train
sexism2022_english-14574,woman child grown ups body,sexist,train
sexism2022_english-7693,could put big dick jean,not sexist,train
sexism2022_english-3720,post doesnt make sense men utility woman extract resource would want men kill,not sexist,train
sexism2022_english-19479,blame people like give wrestling fan look like idiot,not sexist,train
sexism2022_english-16186,read meghan mccains eulogy father url url,not sexist,train
sexism2022_english-9016,oh here best part url claim know cpr case dog choking bitch youre camera choking dog picking ground neck,sexist,train
sexism2022_english-3962,im surprised many moron still slow learner eventually show want bitch whine victimized twitter huge snore went victim volunteer zero empathy volunteer,sexist,test
sexism2022_english-6019,beauty skin deep really deep skin,not sexist,train
sexism2022_english-19483,lol look author look like cross chipmunk crimson chin one date youre worth fuck,sexist,train
sexism2022_english-3557,incel im lesbian w long term girlfriend lmao brazilian sigma posted incels 50 time last 24 hour healthy,not sexist,train
sexism2022_english-6807,yup like female mammalian specie fight obtain many resource raise kid pas gene,sexist,train
sexism2022_english-16017,shocking thing admitted woman go graf never speaking word truth,sexist,train
sexism2022_english-1456,yeah guess supposed obamas hollywood sex slave,not sexist,train
sexism2022_english-17713,cant survive without finding volunteer parasite die soooo unborn baby parasite leave mother uterus die make sense hey write book genius,not sexist,train
sexism2022_english-15960,whore shes also putting others life risk shameful human,sexist,test
sexism2022_english-10496,buddy tried juggle multiple girl studying abroad two country dating someone eventually found dumped hated fucking rip potential hurt feeling,not sexist,train
sexism2022_english-17118,get pua terminology idc chase womenpump dump seriously plate gtfo,not sexist,train
sexism2022_english-11306,depends usually friend approves leave two alone main benefit working group opinion easier win friend approval leave alone target,not sexist,train
sexism2022_english-351,judging ive read sidebar etc trying ask girl dont make question instead say trivia night sunday sound like know thing piick 9 u ready,not sexist,train
sexism2022_english-13184,saw user thought would share user video keep good work pizzagate guy real news dont afraid speakfreely url,not sexist,test
sexism2022_english-17474,also like sushi mini golf case agree buy fish tiny ball lol,not sexist,train
sexism2022_english-6460,find funny,not sexist,train
sexism2022_english-13733,yep yesterday heard young whippersnapper lawyer giggling singing dingdong witch dead witch dead informed today witch pity,sexist,test
sexism2022_english-4882,well term waych call use spread call see toxic behavior allowed continue unfettered ignore,not sexist,train
sexism2022_english-302,stumblelina sure lot dead body piling name written,not sexist,train
sexism2022_english-13101,pertains woman size tit directly proportional length hug give,sexist,test
sexism2022_english-9517,femoid would really fucked shit little boy end sex offender registry male become sex offender looking girl long,sexist,train
sexism2022_english-15562,even didnt kid go black dont want back,not sexist,test
sexism2022_english-3268,fat bitch think right standard lmao selective meal,sexist,train
sexism2022_english-6709,url thread user 1 anatomy political stunt father used murder daughter try stop brtett kavanaugh confirmed fi,not sexist,train
sexism2022_english-9198,send lady saudi arabia even time catch plane friday beheading good friend jew since mohammed rapist pedophile also jew boy,not sexist,train
sexism2022_english-17043,fucking traitor whore secretly triggered based truthness radiating post wanted reddit soycuckfucks make roast beef feel better,sexist,train
sexism2022_english-2276,worst course asian female u marry outside race half time lmao,not sexist,train
sexism2022_english-14357,one need surprised among people personification devil symbol evil assumes living shape jew mein kampf url,not sexist,train
sexism2022_english-16346,merkel conscience like devil never find rest dy evil person hate raffie chohandutch defense league,not sexist,train
sexism2022_english-5090,woman,not sexist,train
sexism2022_english-16790,bro hard work taking care cat ask wife act like im making break large rock tiny hammer every time ask clean litter box,not sexist,train
sexism2022_english-12039,would say woman seems even slightly odd stay away,not sexist,train
sexism2022_english-16402,meal beach saw ex getting drown water thought saving hate cold food mate,not sexist,test
sexism2022_english-14469,valeriejarrett move dc mansion plan overthrow impeachment trump bastard traitor obama racist beast wife shadowgovernment url,not sexist,test
sexism2022_english-7176,yeah mgtow day approaching feb 14 already woman childish itll create surge sure,sexist,train
sexism2022_english-12179,old hag need muzzle po skank,sexist,train
sexism2022_english-1516,insane bluepilled cant ask woman pay anything,not sexist,train
sexism2022_english-15509,granddad stroke bus today woman sat next gave fucking black eye,not sexist,test
sexism2022_english-5107,yeh could right know latino use peso interchangeably really mean dollar 100 sure,not sexist,train
sexism2022_english-10885,bar owner cant handle competition look whiney bullshit url,not sexist,train
sexism2022_english-11044,4re giving l4nd 4wuser e4st 4nd developer homeowner shore 4re looking 4 w4y r4t r4ce th4t west h4s become turn home m4ke equity ironic dont think,not sexist,test
sexism2022_english-18828,yeah honestly meeting woman anywhere would guess weird mean could drive college campus guess purpose hit girl,not sexist,train
sexism2022_english-2629,bro ive gotten female wanted 25 year life think im posting shit know dont need shit easy tbh,not sexist,train
sexism2022_english-7894,ive recently become aware weird little cult around rodger even young woman post yt vids defending action totally messed,not sexist,train
sexism2022_english-4510,sarah mcdaniel shame really damn hot adopted fake blue eye fake boob look hotter kind kill theyre fake,not sexist,train
sexism2022_english-7446,get vagina onto incel penis money involved help,not sexist,train
sexism2022_english-16610,porn star want see as,sexist,test
sexism2022_english-19533,youre confusing u mean incel want mean,not sexist,train
sexism2022_english-3360,might well copypaste post another thread doesnt matter whether bookworm spends time studying party slut want tall handsome muscular wellendowed rich guy,sexist,train
sexism2022_english-11411,eat shit faggot turdreich neetsoc bloodsoiltendies us friend money pay motel eat wife mexican pussy user,sexist,train
sexism2022_english-12170,tell weev lying shitskin son bitch,sexist,test
sexism2022_english-13325,sound like chubby sorority girl college,not sexist,train
sexism2022_english-541,world war ii nazi germany planned kill deport enslave slavic jewish population occupied eastern europe create living space german settler 14 100 88 fuck,not sexist,test
sexism2022_english-6251,give f fat get little girl,not sexist,test
sexism2022_english-11175,agree stand point crooked politician trying insure gun smart crooked politician stand point traitor trying weaken america execute seditionist according ucmj,not sexist,train
sexism2022_english-8278,ill never understand incels mgtow never met woman hobby interest never good female friend even good conversation think relationship based sex,not sexist,train
sexism2022_english-713,woman stolen go want want woman make want go loose dont childish prick thing get day,not sexist,train
sexism2022_english-18973,thats hoot would montana,not sexist,train
sexism2022_english-7624,wisdom come mistake answer yes go ringer one blamed anything woman observation made upto whether see,not sexist,test
sexism2022_english-844,screw ill well least guy raising awareness single motherhood within black community url,not sexist,train
sexism2022_english-18397,leaf yard witch hazel,not sexist,train
sexism2022_english-13597,australia probably worst place man every man steroid every woman fucking fatass,sexist,test
sexism2022_english-11387,e filtering blondeoh yeah called blonde white woman slut isnt youre still ugly inside outyour lie eat away,not sexist,train
sexism2022_english-14660,youre one saying political analysis better trump proven historical record id say thats extreme claim could beat chuck norris,not sexist,train
sexism2022_english-3956,wife fuck nigger dont know yet finally drop hammer youll crawl rock never come day die,sexist,train
sexism2022_english-1633,postman telling he slept every woman street except one said ill bet stuck bitch next door replied wife,not sexist,train
sexism2022_english-18726,homoerotic fantasy profess hate gay lmao,not sexist,train
sexism2022_english-6159,return male space paramount tricky achieved barber shop cigar parlor gun range hunting lodge motorcycle club dojos gym also competent replacement boy scout would go long way,sexist,train
sexism2022_english-17774,topic helluva villain mission impossible heard also trying turn 007 woman role mean wtfcant degenerate leave u alone know answer one,sexist,train
sexism2022_english-4895,woman probably zero issue fingerfucking phone instagramtindrfacebook flirting chatting chad day thats basically female equivalent pornhub,sexist,train
sexism2022_english-2760,mother helga bullock ne helga mathilde meyer german opera singer,not sexist,train
sexism2022_english-10449,thanks first ffm threesome ive tagteamed girl,not sexist,train
sexism2022_english-9224,best world put work front smooth dry spell transactional dont make dumb choice thirst pussy 2,sexist,train
sexism2022_english-19962,global warming myth like holocaust womens right,sexist,train
sexism2022_english-13216,taking wife dinner see tomorrow sunday,not sexist,train
sexism2022_english-15500,hapas also common former colonial outpost like spore china particularly among wellheeled class look,not sexist,train
sexism2022_english-16387,user hey faggot day long,not sexist,train
sexism2022_english-5403,hamstering generally used meaning rationalization one action poster youre replying used bit jokingly saying took four hour head swirling hamstered reason get op,not sexist,train
sexism2022_english-2292,rt user bryan singer harvey weinstein young gay casting couch hollywood url,not sexist,train
sexism2022_english-14625,imagine hellfire male senator said woman,sexist,train
sexism2022_english-9840,also give em wedgie kick ball masochist love rough stuff,not sexist,train
sexism2022_english-12734,mika brzezinskis mother artist created think black forest hunting estate human farming life force trump raided 127 sotu love cut supply step 1 url,not sexist,train
sexism2022_english-5226,need cut 100 contact block communication obviously still want fuck meaning ball caught manipulate pretty easily cut tie fucked,not sexist,test
sexism2022_english-9260,never twitter still hate,not sexist,train
sexism2022_english-16558,men chad movement womens right would never existed dangerously based,sexist,train
sexism2022_english-11024,almost two year session hasnt done thing previous administration crime session need go wasted two year useless jackass trump biggest mistake far,not sexist,train
sexism2022_english-15998,antisemites fall either two category either stupid muslim mohammad pedophile married prepubescent girl also filthy muslim stupid,not sexist,train
sexism2022_english-17248,yessss people dumb fuck keep throwing money away boycott diminished income want bankrupted find need cabal lawyer bribe money,not sexist,test
sexism2022_english-15346,say shes hit nail head corbyn voter idiot url,not sexist,train
sexism2022_english-8077,woman marching bullshit make sure kick send packing,sexist,train
sexism2022_english-16458,make chase fuck work take care find passion yeet love rest fall place chin,not sexist,train
sexism2022_english-13515,pity youre sad lady,not sexist,train
sexism2022_english-9704,get becky genuinely like cant get behind fact must messed around lot dude thus rejection idea marriage,sexist,train
sexism2022_english-19546,two thing taken away game 1 learning behaviorslineswhatevers attractive man doesnt make attractive man 2 sex woman make happy,not sexist,train
sexism2022_english-4422,even though promiscuous inherently disadvantageous men society therefore theyve evolved hate sure cant really use hard wired excuse behavior day age,not sexist,train
sexism2022_english-12894,whats roissy work,not sexist,train
sexism2022_english-14405,plus easy slut tinder woman bar woman say yes man rich good looking successful interesting top 1 men there work involved,sexist,train
sexism2022_english-6995,day day want kill every woman earth,sexist,train
sexism2022_english-14384,dont uncommon happens often enough trope time woman get murdered boyfriend id suspect wife husband murdered doesnt happen number,not sexist,train
sexism2022_english-16644,fuck going jew walker watching illegals scale wall why one bitch got lower half body censored big black blot,sexist,train
sexism2022_english-2019,kino ive almost lost interest girl dont kino back sure escalate really prefer chemistry shes touching undeniable,not sexist,train
sexism2022_english-11660,gamergaters denounce doxxing antigg continue support indirectly threaten anyone disagrees opinion stay classy adam,not sexist,test
sexism2022_english-16240,last defender shekelclutching apt projecting much,not sexist,train
sexism2022_english-18075,novichok ask question would yulia skrial return russia russian tried kill answer mi6 tried kill url,not sexist,train
sexism2022_english-5277,hahaha knew sad life kid happy marriage still need go incel board attention whore kek looked old 17 probably abuse neglect cause much lmao,sexist,train
sexism2022_english-2319,youve never actually got dressed got car pretended drive work get chick leave house youre,not sexist,train
sexism2022_english-18148,woman hit 30 probably date men 40 50 thats fucking gross,sexist,train
sexism2022_english-10791,chelsea clinton used foundation resource fund 2010 wedding marc mezvinsky according new wikileaks email url,not sexist,train
sexism2022_english-15414,posjohncharlton enactdealthpenalty man sentenced murdering dismembering woman url,not sexist,test
sexism2022_english-8228,uhoh someone let dnc know theyve got another runaway democrat plantation,not sexist,train
sexism2022_english-1015,fan epitome trash,not sexist,test
sexism2022_english-10997,didnt killed delusional woman get killed vader became clingy,not sexist,train
sexism2022_english-15524,mean fat good ole sheila jackson wear satanic lapel pin satanic ring hand sheila jackson whatever envelope certain evil,not sexist,train
sexism2022_english-8618,barren woman eg macron also child otoh legitimately doubt man p,not sexist,train
sexism2022_english-1404,steal company going away buy chinese steel thats inferior wtf thats bullshit stupid democrat libtards fucking democrat suck,not sexist,train
sexism2022_english-538,hollywood gay lesbian transgenders men left hollywood sad boycotthollywood pedowood,not sexist,test
sexism2022_english-9539,yet pretty sure race black woman dream kid,not sexist,train
sexism2022_english-18017,may throw outmukga,not sexist,train
sexism2022_english-12735,gender neutral bathroom smh id stand 3ft away really hold dick like spitting snake every woman could see fuck one wanted shit,sexist,train
sexism2022_english-1417,ahhh funny washed comedian slut named sarah silverman thought died chocking dick,sexist,train
sexism2022_english-672,reason first jew wife left alex,not sexist,train
sexism2022_english-12847,old plea bargain trick abuse person break himher solve crime url,not sexist,train
sexism2022_english-14923,im sure still seducing female agent,not sexist,train
sexism2022_english-11878,protect frog fuck everything else,not sexist,train
sexism2022_english-11409,white male like jeremiah jeremy johnston 35 murder behead muslim looking woman help cause court public opinion shouldve mgtow ed instead cc user url,not sexist,train
sexism2022_english-16036,next time get chance approach girl,not sexist,train
sexism2022_english-8087,good lord look im hoping trump something anything trigger people hindering ice folk blatant way would love see woman handcuff,not sexist,train
sexism2022_english-11254,black complete nigger like whore pure po nigger bitch give others bad name fucking cunt investigate worked death,sexist,test
sexism2022_english-8117,downvote croak ill downvote dick mom fat as,sexist,train
sexism2022_english-16703,agreed woman worthless offer intelligent conversation nope sorry hun im interested nightclub party clothes kardashians,sexist,train
sexism2022_english-3387,lol thats said girlfriend barack,not sexist,test
sexism2022_english-19051,mgtow want marry power money,not sexist,test
sexism2022_english-15159,start shifting towards online dating point dont want reputation guy hit every girl thats bad,not sexist,train
sexism2022_english-2523,pc crap killing u,not sexist,train
sexism2022_english-19628,fucking care mate,not sexist,train
sexism2022_english-5002,apparently paid pretty penny small amount money luckily lot race organizer saying fuck liberty medium owner f1 right grid girl,not sexist,train
sexism2022_english-19645,owns he beta provider shes keeping cuck line,not sexist,train
sexism2022_english-9737,shame didnt strike solar plexus would hurt put floor show big mark ba,sexist,train
sexism2022_english-11518,know there lot successful people paying pussy still depressed saying,not sexist,train
sexism2022_english-9246,germany rheinbach x2 men indecently assault 36yo female cyclist impeding way forcing crash woman injured witness information perps foreign appearance url,not sexist,train
sexism2022_english-12403,different generation wont get like wont get generation certain shit get program mate dont criticise hit girl real life online im getting best world,not sexist,test
sexism2022_english-8270,think see differently didnt close read lot subreddit dont close almost impossible didnt take change first time,not sexist,train
sexism2022_english-17528,lol ikr wont making anywhere near money making playing besides hell home time shell get bored could played field like derek jeter never saw hotness,not sexist,train
sexism2022_english-6760,story life fuck youtubed story life comment instead social distortion song youtube came one direction song fuck life,not sexist,train
sexism2022_english-8688,woman know early 20 count 20 also im modest,sexist,train
sexism2022_english-2208,dont love bull shit elizabeth warren support child trafficking child rape simple wont take test committed fraud everyone know let takethedna twitter,not sexist,train
sexism2022_english-2433,fatty enter news telling empowering woman everywhere,not sexist,train
sexism2022_english-5052,child abuse nothing less woman need locked destroys innocent human life liberalismisamentaldisorder,not sexist,test
sexism2022_english-16147,mention like say nothing liking leaf question asked hooking solely look,not sexist,train
sexism2022_english-7814,clearly im irish lot questionable relative ireland actually knew paddy bogside doherty somehow find praying english sooooo fucked,not sexist,train
sexism2022_english-11090,im pretty sure divorced year ago probably got fed shot street posh bird must come bit culture shock,not sexist,train
sexism2022_english-18205,user gifted easy really one imago oneself angry adolescent outraged embryonic sense justicewith authorization hurt every father figure thus oedipal use curse mother fker,not sexist,train
sexism2022_english-5543,trouser ininity beyond people post think havent posted annoying still see point reposting kind post every new red pilled man see annoyingtoxic female nature,sexist,train
sexism2022_english-1113,chick get ladder shoot paint balloon vagina called performance art weev qualified,not sexist,train
sexism2022_english-2255,finger girl make sure youre touch vagina butthole,not sexist,train
sexism2022_english-7021,wanted strike shadow dimms made come hiding leaking name,not sexist,test
sexism2022_english-15692,man hope brazil defeat cultural communism name jair bolsonaro aka bolsomtyth pro gun pro israel pro constitution pro freemakert pro family anti gayagenda antiabortion ati isi anti commie url,not sexist,test
sexism2022_english-9022,righteous indignation white cunt left disgusting watch face throughout video,sexist,train
sexism2022_english-2400,point racial bias long history desexualization asian men western culture probably affect attraction bias,not sexist,test
sexism2022_english-14327,wouldnt movie id something like mini golf bowling something funsilly doesnt open little bland,not sexist,train
sexism2022_english-8761,bad give sex deserve loses weight,not sexist,train
sexism2022_english-2682,every girl rtinder least 67 lol,not sexist,train
sexism2022_english-404,woman sends man shes brave strong independent man sends text woman there criminal charge,sexist,test
sexism2022_english-15119,boardie remove lol,not sexist,train
sexism2022_english-1498,good counter proposal pay white reparation lifetime blood libel plus pay male collective history divorce cuckolding sex,sexist,train
sexism2022_english-18530,ahh delightful chance kick back drink stop posting url,not sexist,train
sexism2022_english-13942,meat banned maybe feminist usually vegan cucks authoritarianism rise think uk new misogyny hate speech law islam take wont theyre womens useful idiot,sexist,train
sexism2022_english-3974,theyre clueless white western woman privileged class earth,sexist,train
sexism2022_english-10667,shes racist sexist wow great combo shes going bin angelina jolie amber heard,not sexist,train
sexism2022_english-16153,one key globalist goal destroy family malefemale sexuality humanity hot new fashion trend men dressing skirt dress 8 inch heel url,not sexist,test
sexism2022_english-15743,need girl huge tit feel safe,not sexist,train
sexism2022_english-12610,queen woman got ta stop taking shit learn defend attack minecraft obviously,not sexist,train
sexism2022_english-18811,good grid girl finally get back f1,not sexist,test
sexism2022_english-13908,everyone twitter saw tweet jerry likely unmatch hurt pride never made followup statement would acknowledge stupid,not sexist,train
sexism2022_english-232,confidence key everything must thing attract woman standing looking good,not sexist,train
sexism2022_english-5279,act normal around become awkward make,not sexist,train
sexism2022_english-10080,guy really cute also cant incel 16 youre virgin like roughly 50 people age,not sexist,train
sexism2022_english-9,awake dnc must abolished,not sexist,train
sexism2022_english-13468,divorce rate much higher decade two ago boomer getting divorced,not sexist,test
sexism2022_english-6447,slav father teach daughter reverence father heaven,not sexist,train
sexism2022_english-10862,twitter lock user automatically automated behavior meanwhile resistance tell rightwing woman theyre going raped lit fire url,not sexist,test
sexism2022_english-16204,woman call police claim rape consensual intercourse sub 8 man,sexist,train
sexism2022_english-13200,mother whore pussy sucked money america,sexist,train
sexism2022_english-1471,lol true need cowboy hat shed look better lmao,not sexist,train
sexism2022_english-15242,judge award man nearly 9 million lawsuit wife lover url,not sexist,test
sexism2022_english-16128,fucking moron,not sexist,train
sexism2022_english-5532,close friend pres there extra perk boy take advantage,not sexist,train
sexism2022_english-298,yes saying answer careful nothing done sits obviously knowing exactly scumbags nothing dole platitude,not sexist,train
sexism2022_english-19768,im eating apple pie watching cat lick genitals,not sexist,train
sexism2022_english-5084,think corbyn think he safe ground sugesting killing woman child wrong would wrong,sexist,train
sexism2022_english-16478,nonsense devaluation sex bargaining chip hurt woman whether slut prostitute japanese sex robot woman used get straight marriage without even putting day long gone,sexist,test
sexism2022_english-17160,url pop star katy perry famous hit song kissed girl liked interest illuminati occult strengthened satanic image indirectly causing death 89yearold nun,not sexist,train
sexism2022_english-773,damn dont sound like sex important girl isnt sex 5th 6th date move check dicarlo escalation method,not sexist,test
sexism2022_english-18463,go im hoping find woman wont put shit beat crap,not sexist,train
sexism2022_english-15964,reminds movie drive used love movie watching mgtow dumbass start making effort single mom next door nearly get killed,not sexist,train
sexism2022_english-11599,conspiracy theorist rule tend hate science aparty pooper sort,not sexist,train
sexism2022_english-18941,old mentor eddie plumber used say slap dick mouth thatll shut,not sexist,train
sexism2022_english-17319,id kill look like girl bottom,not sexist,train
sexism2022_english-13711,true x200b experience accusation fucking girl gut running wild particular part sure paranoid case,not sexist,train
sexism2022_english-1282,shes enamored object imagine diddle toy collection,not sexist,test
sexism2022_english-15209,okay mom shit almost done one laundry load start share holofaux lie facebook cabal remember make protonmail account name im going start screenshoting name case gab get shoahd,not sexist,train
sexism2022_english-10559,whore get paid sex shes slut hoe loose woman,sexist,train
sexism2022_english-3594,user id let dems pay vote hillary wouldnt actually vote id take money,not sexist,train
sexism2022_english-14963,listening girl complain guy shes actively fucking agreeing complaint,not sexist,train
sexism2022_english-17360,neets spend time gymmax studymax good dopamine source,not sexist,train
sexism2022_english-1447,astrology thats starting tuesday 14th sunday 19th watch mass shootingsstabbings cartruck ramming terror attack itll democratliberal andor muslim,not sexist,train
sexism2022_english-1949,yes reptilian love wish could picture like think ill take class,not sexist,test
sexism2022_english-16268,somebody still twitter plz ask laura ingraham born female,not sexist,train
sexism2022_english-6414,former fox news hoe gretchen carlson spinoff show livepd lifetime channel woman patrol mighty fallen megyn kelly day,sexist,train
sexism2022_english-9939,wife went see doctor boring sex life anal sex every said would nice doc smiled free tonight,not sexist,train
sexism2022_english-7043,woman 2 day dont know wat lady isthey dress act like slut,sexist,train
sexism2022_english-1713,url brittany pettibone young girl kicked uk trying conduct interview tommy robinson flew vienna conduct,not sexist,train
sexism2022_english-13903,people telling pay lawyer soon wife explain negotiate freaking pre nup one saying runnnn shocked mate,not sexist,train
sexism2022_english-8489,user yes one part un nwo new age pkg involving ancient sacred feminine mother earth gaia worship etc destroy mankind enemy many far reaching tentacle busy,not sexist,test
sexism2022_english-8852,bout feed tongue pig first,sexist,train
sexism2022_english-13625,short guy still get pussy incel bitch boy,sexist,test
sexism2022_english-15656,heavily muscled female look grotesque thats,sexist,train
sexism2022_english-19534,url im sympathetic iranian people wanting take terrible anti woman anti gay dictatorship understandeblei support another western intervention dont believe civil war would benefit iranian people,not sexist,test
sexism2022_english-7571,pretty make physically painful read stuff like true liberal goy suck,not sexist,train
sexism2022_english-4718,url punched nothing hag uk feel free punch ex pat excrement,sexist,test
sexism2022_english-13655,take cab home bitch take fucking cab home fuck acting like jackass front everyone embarrassed youre wife action cock whore,sexist,train
sexism2022_english-9941,everything wrong modern christianity one faggoty box rt user total fucking faggot cuck pastor posing family twitter course little brown trophy prove isnt racist,not sexist,train
sexism2022_english-2304,thats sport woman objectively doesnt matter,sexist,train
sexism2022_english-13254,woman need rope around neck,sexist,train
sexism2022_english-3528,shes getting tax payer paid vacation boy thatll sure show,not sexist,train
sexism2022_english-17283,user let make one thing clear islamist oppressor oppressed url url,not sexist,train
sexism2022_english-9959,oy vey goy ginsboyg anuddah mamzah hell,not sexist,train
sexism2022_english-2591,guess referring muslim quran reader islam unique set problem thats sure,not sexist,train
sexism2022_english-12890,sanctuary policy work well america illegal spick kill innocent girl street racing post bond,not sexist,train
sexism2022_english-17954,woman despise ugly men wouldve thought,sexist,train
sexism2022_english-2432,user lmao doesnt boycott american woman mean supposed cut social relation wsaid group respect ypur right talk menow fuck,not sexist,train
sexism2022_english-27,list ban female hate sub,not sexist,test
sexism2022_english-13033,wife slut dont mind,sexist,train
sexism2022_english-5222,plenty way woman look beautiful decent attractive time female member proof defined term nude explicitly sexual photo accepted also applies men,not sexist,test
sexism2022_english-3192,know certain thing make womens panty drop hard theyd come side planet still able objectively judge attractiveness juststrange,not sexist,train
sexism2022_english-19443,cant hit girl thoughbut ct punt might idea,sexist,test
sexism2022_english-12429,yeah validation drive every decision kind feeling man get needed skill help except woman skill wet hole validation reason exist breakdown,sexist,train
sexism2022_english-9113,well competition didnt include bikini contest also allfemale judging panel first time congrats miss germany contest becoming woke,not sexist,train
sexism2022_english-14136,joe rogan jordan peterson free speech new gender title soon illegal call someone call whatever want ill call u whatever like get mouth ya dick speekfreely url,not sexist,test
sexism2022_english-17847,happy mother day beautiful patriotic loving mother u passed gabfam mothersday,not sexist,train
sexism2022_english-7419,sound like shes social retard,not sexist,train
sexism2022_english-13077,hoe aint loyal,sexist,train
sexism2022_english-16171,live near ny first round woman pressure nothing simply offer shoot shit,not sexist,train
sexism2022_english-12394,oh gimp puhpleez whatever ill back princess go back europe child abuser,not sexist,train
sexism2022_english-14826,true would go escalating making sure thats shes start touching ive done tease make fun bit dont want go straight away seeing shes still class,not sexist,train
sexism2022_english-16654,never change bobble head body middle heavy ballast tank,not sexist,train
sexism2022_english-15354,lpt sit hand couple minute first go numb feel like someone else giving handjob,not sexist,train
sexism2022_english-2587,url kind caring person 7 child 2 adopted liberal sick slandering false lie trump mommy diane fuckstain,not sexist,train
sexism2022_english-17514,thats told stop believing woman say focus purpose woman come around youll situation indefinitely truly wont gaf woman youre,sexist,train
sexism2022_english-18274,newfound respect secretary chao shes true ride die bitch,sexist,train
sexism2022_english-7921,guess never heard let bygone bygone holy shit actually tried shaming fuck shit affair affair let bygone bygone said bye wife shes gone,not sexist,train
sexism2022_english-1556,work housewife thing,not sexist,train
sexism2022_english-15205,anthem like crack baby already going fucked thanks mother addiction,not sexist,test
sexism2022_english-14257,dick top left,not sexist,train
sexism2022_english-15167,dont mess granny,not sexist,train
sexism2022_english-6916,rt user qanon let look folk brought conspiracy chans grandma facebook cashing along way url,not sexist,train
sexism2022_english-6492,wait come back havent forced unsexy lez yet,not sexist,train
sexism2022_english-4981,one archnemesiseses cat boob make use sexuality weapon something befitting woman ask gender totally thing raised kid batman confusion,sexist,test
sexism2022_english-19834,step away vacuum get hit bunch notification lot know cheer person house work,not sexist,train
sexism2022_english-4748,admitted doctored yearbook fuck liar,not sexist,train
sexism2022_english-685,girl see itll usually cute hand cold sure kinda flirty response rather youre trying violate womanhood holding hand ugh,not sexist,train
sexism2022_english-6523,im losing weight make girl like thats pretty much,not sexist,test
sexism2022_english-8068,lol totally made day,not sexist,train
sexism2022_english-5297,problem youre asking hang person since shes workplace pussy,sexist,test
sexism2022_english-13729,dont address would want follow leadership anyone tell girl something leadership isnt inherently attractive thing motivates,not sexist,train
sexism2022_english-11181,hey cuck wife slut fucking around youth despise beta like,sexist,test
sexism2022_english-17898,assume youre either closet gay extremely socially inept point could never initiate cope relationship im ok assume miserable,not sexist,train
sexism2022_english-12702,code beauty essential programming art gender nothing,not sexist,test
sexism2022_english-12572,prophecy donald trump could donald trump next cyrus url,not sexist,train
sexism2022_english-12511,really like expression appears preoccupied ruminating past life choice,not sexist,train
sexism2022_english-1586,help refugee want help woman child calais need uh men shoe men coat men shirt men underwear dont ask ok url,not sexist,train
sexism2022_english-13547,damn good cop usually video proof written confession woman least 5 former president physically location order word taken seriously,sexist,train
sexism2022_english-5661,dangergirls original favorite car child c4 corvette ferrari f40 acura nsx porsche 944 lamborghini countach lotus esprit toyota supra pontiac firebird first car,not sexist,train
sexism2022_english-5022,another pound shop gangsta killls civilised native britain single punch talking woman welcome london 15 million pound house within spitting distance feral rat url,not sexist,train
sexism2022_english-8558,haha doubt girl confused theyre interested hit easy,not sexist,train
sexism2022_english-13480,dont think viewed sexually attractive shes young familiar fact case encounter rape,not sexist,train
sexism2022_english-13650,thing richard spencer could destroy little sister pussy dad watch,sexist,train
sexism2022_english-12941,dont hit taken girl wasnt girl turn,not sexist,train
sexism2022_english-19330,trump filthy elite kike jew bitch daughter named kikevanka married israeli agent blackmail pro kike kushner loose jewtardification bro expose word hold credit trust kike jew blackmaield overlord,sexist,test
sexism2022_english-17742,learn stare girl shes reading sign holding eye contact bad,not sexist,test
sexism2022_english-5707,like collins suddenly covering vulnerable as hoping maintain seat let democrap beat traitor one less rino wont make difference,not sexist,train
sexism2022_english-335,idiot went wale told white welsh woman abort baby white male embrace would get around throat punched repeatedly face,not sexist,test
sexism2022_english-13046,soy boy sure look better female specie,sexist,train
sexism2022_english-10221,user nothing ever come personal interest anybody daughter wellbeing personal interest threaten keel state personal interest,not sexist,train
sexism2022_english-10571,url another thread think pretty much common knowledge west asian woman throw white supremacist foot kiss ground walk,sexist,train
sexism2022_english-5737,funny whenever suggest costume friend male female men groan woman get irritated everyone say dont tool 20,not sexist,train
sexism2022_english-262,type girl feen white dude day even normie one self hate hold heart skin color,sexist,test
sexism2022_english-9733,people letting people peoplefunny extend white straight men want left alone pay latrinas 21 crackbabies,sexist,train
sexism2022_english-6824,hey peta shut fuck college live mascot,not sexist,train
sexism2022_english-5541,sub went mgtow clone incels way quick,not sexist,test
sexism2022_english-14202,potus aipac since jfk nomaga sheriff joe released blackpill,not sexist,test
sexism2022_english-23,since shes female singing lie lead enemy demise dont underestimate cunt,sexist,test
sexism2022_english-9902,notorious ginger dumpsterslag moderate methuser lacy macauley embarrassed ancaps goon failed shout one stage lol fam url,sexist,train
sexism2022_english-8201,thats kind sadistic shit woman child,sexist,train
sexism2022_english-11581,user witch one lol url,not sexist,test
sexism2022_english-12205,want kill habit drinking multiple pepsi bottle day hopefully become better acquainted addiction alcoholic drink vodka,sexist,train
sexism2022_english-14493,idea youre talking relates pizzagate rt user investigation resulted nothing must nothing wrong right comey would never lie public,not sexist,train
sexism2022_english-9861,never let seduce buying anything big treat like peasant since youre actual king reap reward,sexist,train
sexism2022_english-18209,anal woman hated yer mum dont count mate,sexist,train
sexism2022_english-15429,someone please take broad stick iraq,sexist,train
sexism2022_english-10106,apparently jumped bone may well hanged ram sheep,not sexist,test
sexism2022_english-3061,got ta lose sex got ta let emotion say maybe someone met 1000 better,not sexist,train
sexism2022_english-13255,cry incel bitch,sexist,test
sexism2022_english-8710,hag kid worth 250000 url,sexist,train
sexism2022_english-14138,first tell many female staff possible gossip keep record report higher level authority,sexist,train
sexism2022_english-14501,neil cavuto nevertrumper man enough say instead act like snowflake vagina sen shelby huge po rino swamp scum people incredibly incompetent corrupt stop voting incumbent,sexist,train
sexism2022_english-11905,feel like gay men stare woman,not sexist,test
sexism2022_english-4442,let hope goal never materializes,not sexist,test
sexism2022_english-4959,shes brave woman understands history greatest respect,not sexist,train
sexism2022_english-12742,doesnt step right youve hit key point men meet trigger within feeling attraction therefore invested emotionally pursue anything,not sexist,test
sexism2022_english-12845,woman think air conditioning oppress limit shit make,sexist,train
sexism2022_english-11395,maybe woman thats slaying mean men racking pussy count,sexist,test
sexism2022_english-15375,lmao even still fat lacking style youd still success incel could ever dream simply woman,sexist,train
sexism2022_english-13466,situation awkward make way act normal around everything fine every man struggle oneitis point op beat,not sexist,train
sexism2022_english-16398,yeah think op wuss upset gave many signal nothing wasted time energy probably hate,not sexist,train
sexism2022_english-5502,well energy shield count armor hed get upper leftlower right diagonal addition crew cut,not sexist,train
sexism2022_english-14335,poor mother stranglehold struggle cps 4 child doctor mistake blamed url,not sexist,train
sexism2022_english-14693,true trp 100 beneficial provided least bit fuckable umno,sexist,train
sexism2022_english-2923,part hard today sprinkle compliment two mix close number facebook go,not sexist,train
sexism2022_english-6369,ah actress speaking word written exception diller said wrote 75 act without men writing theyre funny case point roseanne cant act cant write,sexist,test
sexism2022_english-6305,im melania thank god shes whore,sexist,train
sexism2022_english-10240,people go middle east moron url,not sexist,train
sexism2022_english-7352,except fact woman height never weigh 135 pound stupid fat cunt fat woman repulsive lose weight fucking cow,sexist,train
sexism2022_english-1567,oooooo need use pretty much saying woman already husband good well done,not sexist,test
sexism2022_english-7103,reading b would make intellectual woman willing date damaged men long guy hot dont care work care look url,sexist,test
sexism2022_english-7829,female cant incel quick spreading leg suffice youre going unbelievably high standard like going chad like female good luck,sexist,train
sexism2022_english-16,herd normie news pedestrian bridge miami collapsed freeway guess built new kind concrete happened couple hour ago,not sexist,train
sexism2022_english-5967,least shes negro,not sexist,train
sexism2022_english-413,woman ball people respect url,sexist,train
sexism2022_english-11398,roflmao shit fake,not sexist,test
sexism2022_english-3660,well guess extremely unlucky ex pretty much lol,not sexist,test
sexism2022_english-15962,spot pleased research chemo worse cancer destroys body homeopath year well informed keep well,not sexist,test
sexism2022_english-7599,experience woman dont recommend guy friend doesnt want mostt likely woman dont,sexist,train
sexism2022_english-3627,got easy last macho asshole disrespected woman us cane walk,not sexist,train
sexism2022_english-11040,argument cant change height bad one assuming woman gaf control 710 plethora guy choose tall choose accordingly supply demand,not sexist,test
sexism2022_english-17869,yikes taking look granted white privileged woman dont envy,sexist,train
sexism2022_english-13773,beating woman almost bad saying nigger right hulk,not sexist,train
sexism2022_english-5952,picking fight woman little kike whatsup bloodandsoil,not sexist,train
sexism2022_english-5846,id drink bath water ngl freeze turn icecubes add fruit blend together make smoothie,not sexist,train
sexism2022_english-14662,ideal fad weak potent truth sister well said,not sexist,train
sexism2022_english-1481,think got sick heard madonna flashed private twitter isnt like 80 year old humor,not sexist,test
sexism2022_english-13446,instant eternal god came gibberish miracle dipshit retard concept imagine pure essence retard cosmos,not sexist,train
sexism2022_english-15624,whoppi goldberg insinuated trump jr son going rapist future jr fired back video splitting hair convicted child rapist roman polanski url url,not sexist,test
sexism2022_english-17519,never see comment sorry dick wife take,not sexist,train
sexism2022_english-10241,stereotype usually neckbeards desperate woman get angry rejected calling u incels,not sexist,train
sexism2022_english-15215,tipped mom fiver mother day suck almost hard,sexist,train
sexism2022_english-2567,seen many time literally dont pay attention acknowledge bitch anymore know marriage joke know marriage joke person know simp got married,sexist,train
sexism2022_english-3820,cat im sorry barked cult stuff name may giving ppl wrong impression man woman child ever abused theyre trying make normali call grooming society,not sexist,train
sexism2022_english-17199,yeah otherwise whats point might well friend date fuck make friend,sexist,train
sexism2022_english-4237,figure shes running like shes probably already fucking around,not sexist,test
sexism2022_english-14223,ruling going house without husband permission travelling without mahram url,not sexist,train
sexism2022_english-13358,experience casual sex scene vast majority woman playing sort thing op talk,not sexist,train
sexism2022_english-15922,im ironing clothes daddydaughter dance itll daughter danicas first dance got spa day ready home hair makeup manis pedis shes going taking big brother julius ill pic coming soon,not sexist,train
sexism2022_english-17850,yep ole trump wont take credit though,not sexist,train
sexism2022_english-16396,youre right op focusing improving rather trying get shit girl sound like know shes,not sexist,train
sexism2022_english-3221,curious part whole incel thing imho stacey turn attractive enough shes bitch turn girl reason youre bitch,sexist,train
sexism2022_english-13138,user breitbart comment poetry italian putana shed whatever wan na agreement oral though highly immoral yet honest madonna maga gabfab italy referendum oralcontract,sexist,train
sexism2022_english-6533,good point man ever gestated baby hormone treatment woman ever able inseminate following hormone treatment fundamental biology changed hormone artificial always artificial,not sexist,train
sexism2022_english-13307,rosie odonnells exwife kill cuter one dy justice well gay marriage thing sure working far isnt watch video woman bitter angry mouth pucker url,not sexist,train
sexism2022_english-1740,rt user 2018 revolutionary woke thing black man america partner wife raise strong intelligent black child url,not sexist,train
sexism2022_english-3818,yes dont mesn like agressive violent like giving fuck agressive opening leading conversation taking control keeping frame etc like agressive v passive,not sexist,train
sexism2022_english-183,wasted like britney transformed slut like song time,sexist,train
sexism2022_english-14847,maybe got one level,not sexist,test
sexism2022_english-10897,look like unicorn giving advice like princess get,not sexist,train
sexism2022_english-9911,mock black hispanic woman blaming white male problem ensure first youre blaming jew,not sexist,train
sexism2022_english-7409,sure hope march relevant though enough woman vote woman office change policy favor woman even,not sexist,train
sexism2022_english-19176,isnt mgtow need pick slack woman miss point,not sexist,train
sexism2022_english-14961,nxttakeover killian dane follows rope dive everyone holy shit chant,not sexist,train
sexism2022_english-2287,well damn url,not sexist,train
sexism2022_english-6977,moment rock absorb nothing say nothing nothing break except say nothing part playful cocky frame,not sexist,test
sexism2022_english-2782,url snoop doggs cousin placed hit kanye,not sexist,train
sexism2022_english-9086,clinton scare shit cause think shes human cld take tht haiti money suffering ppl take tht money thts human evil,not sexist,train
sexism2022_english-15481,lol brown girl want white dick heck almost girl want white dick someone race,sexist,train
sexism2022_english-6893,sexual intercourse 73 men admission would expect level discourse,not sexist,train
sexism2022_english-1609,let hope old hag retire hope cant stand kavanaugh every day shes miserable bitch finally say screw im done,sexist,train
sexism2022_english-11724,yeah getting married guy who bad always bad age doesnt affect much people mature early teen society infantilizes make irresponsible also get divorced remarry,not sexist,train
sexism2022_english-3247,either ridiculously high standard constitutes attractive woman,not sexist,train
sexism2022_english-18400,benefited required registered draft worry drafted threat gov social violence whole lifetime show spoiled woman,sexist,train
sexism2022_english-4061,well drag hope friend arent bitch,sexist,train
sexism2022_english-15907,gynocentrismfeminism go hand hand example cronyism blackmail happens perpetrated woman people always forget woman capacity alwfulness men feminism reinforces,not sexist,train
sexism2022_english-1674,two illegal migrant arrested involved gang rape death italian teen girl url,not sexist,test
sexism2022_english-3406,oh he typical rich russian jew he real russian colluder family russia mother side,not sexist,train
sexism2022_english-12703,cut life,not sexist,train
sexism2022_english-8344,oh man thats tough one want kid maybe get surrogate raise childchildren whatever dont knock psycho bitch de ball drain bank account,sexist,test
sexism2022_english-9541,filthy jew bastard kill first,not sexist,test
sexism2022_english-2113,disgustingly ugly cunt,sexist,test
sexism2022_english-3945,whose sperm use get convent use,not sexist,train
sexism2022_english-9621,beryozka birch tree famous folk dance russia floating dance performed unmarried girl url,not sexist,train
sexism2022_english-11487,high school student facing battery charge knocking fellow student maga hat slapping teacher face url trump tcot tlot,not sexist,test
sexism2022_english-19049,sent wife katie anniversary card read katty want fill way filled soul fucking hallmark got k f mixed,sexist,train
sexism2022_english-15029,woman procurer moor murder uk stand alone worst crime ever committed british soil modern time woman lured child fate gone history worst possible crime,sexist,train
sexism2022_english-9633,religious faith become warped twisted justify stoning newborn girl baby death url,not sexist,train
sexism2022_english-17759,take white mom throw bus somewhere either alligator pit black piece shit need castrated tortured,sexist,train
sexism2022_english-762,obviously intruding tinder time,not sexist,train
sexism2022_english-18336,thats cow ive ever seen one,not sexist,train
sexism2022_english-11751,yeah whole conversation alcade oblivia think day showed one followed like 100000 ppl insane didnt know jeffy joke obviously went head sorry,not sexist,train
sexism2022_english-11287,bitch need cup acid thrown face,sexist,train
sexism2022_english-6342,yeah kinda got love bombed backed smhhh,not sexist,train
sexism2022_english-15369,im saying killed understand,sexist,train
sexism2022_english-11546,choke id watch dollar,sexist,train
sexism2022_english-410,woman posting selfie complain shitty thing happened social medium liberal medium edit like fault news medium ran shes trying get day dude,not sexist,test
sexism2022_english-3986,wait he 30 great job perfect credit house saving marry first financial trainwreck look way,not sexist,train
sexism2022_english-16443,candace fvck around audience member rest bullshit talking point,not sexist,train
sexism2022_english-11882,meant putting mildly say least like extremely obese woman say im size 2 yeah shit arent even 22,not sexist,train
sexism2022_english-15793,url woman threatened nofly zone shooting russian plane risking conflict two biggest nuclear power earth hillary ww3 draintheswamp,not sexist,train
sexism2022_english-13411,right would apt argue one belief conservative policy harm america rather suggesting conservative seek outcome,not sexist,train
sexism2022_english-10249,year ago concert wife waitin start couple black chick front u stand oil chick turn around lotion hand say anyone else feeling ashy lost shit,not sexist,train
sexism2022_english-2643,sexist let transgendereds split skull woman open sport,sexist,train
sexism2022_english-18743,yeah happens every time never give anyone else stare except idk make separate issue im still keep bitching talking,sexist,train
sexism2022_english-15178,realize woman time right average guy athletic body beg fuck cheat partner,sexist,test
sexism2022_english-1305,yall christian mother fucker need read bible aint nothing marrying slut dozen place say stone,sexist,train
sexism2022_english-3213,soon loretta lynch started trending crime facebook put fake story putin ordering team hacker hack american election trump isnt amazinglmao people lie worse satan,not sexist,train
sexism2022_english-6150,take little girl truck stop pimp violence gangbangs daughter shell used make buck two top another win liberal progressive,sexist,train
sexism2022_english-6575,user fact female isnt issue much wish didnt change everything manliest character comic film political gain instead make new bad as chick im,not sexist,test
sexism2022_english-12418,current dog 12 year fucked anything mine hell respectful everyones stuff ahh woman could even 11000 like dog,sexist,train
sexism2022_english-12314,theyre woman,not sexist,train
sexism2022_english-1499,hit slow treatment go downlow guaranteed pussy,sexist,train
sexism2022_english-3288,sub complaining struggle bragging girl youve,not sexist,test
sexism2022_english-8107,user almost wonder bernie controlled opposition lasting attack goldman sach speech people forgot bad judgement,not sexist,train
sexism2022_english-5682,personal experience originally tried make friend girl based hobby common interest really never one entire life mild sexual tone probably friend almost girl,not sexist,train
sexism2022_english-5963,female please slap,sexist,test
sexism2022_english-5746,end banging anyway least end getting free guide instead paid one,not sexist,train
sexism2022_english-16829,wait standing door something,not sexist,train
sexism2022_english-7062,yes good teacher would challenge student said something didnt agree think respected actually became friend semester ended,not sexist,train
sexism2022_english-12216,also end say woman insecure need capitalize take advantage,sexist,train
sexism2022_english-5160,bet muslim shit eye say rape desire sad thing even muslim goat fucker wont touch dike bet psychologist lol dr as,sexist,train
sexism2022_english-18045,mercythe old gal fit right em,not sexist,train
sexism2022_english-18521,calling woman slut use work pretty well shameful slut plan holding standard chain,sexist,train
sexism2022_english-6050,dont see point putting tinder profile excludes female user arent interested woman tinder waste time creating tinder profile,not sexist,train
sexism2022_english-3134,pretty sad im sure youll look like girl anyway want,not sexist,train
sexism2022_english-3963,nigger brutally assaulting indian woman typically wear gold jewelry symbol marriage url,not sexist,test
sexism2022_english-12935,2nd date 4 day ago agreed mutually exclusive wont see new year eve,not sexist,test
sexism2022_english-6838,seriously khhv youre biggest fucking mentalcel ive ever seen,not sexist,train
sexism2022_english-2389,frag treasonous bitch rest scum went,sexist,test
sexism2022_english-6499,bro got differentiate lift get balance around 18 mo mgtow easy day 1 divorce havent worked physic due lack diet broke shortly going resolved cutting weight though ab back cant wait bulk,not sexist,train
sexism2022_english-4151,nera like jumping start slide door freak,not sexist,train
sexism2022_english-10022,gay middle east africa saying woman million time better sex men though,not sexist,train
sexism2022_english-9773,muslim rape woman child hurty word r upmost important lame government police farse,not sexist,train
sexism2022_english-8137,harder prey woman car foot public transport fair game coreligionist,sexist,train
sexism2022_english-3348,isnt globalism greatare beginning realize totalitarian scam enslave u even,not sexist,test
sexism2022_english-17626,user yes joke cant stand,not sexist,train
sexism2022_english-19557,dumb fucking want dude never made move sexually attracted gay,not sexist,train
sexism2022_english-4283,lol nobody care say rostie go suck xanax cheep box wine kill,sexist,train
sexism2022_english-14,matter meet see want worst case spend afternoon lovely person best case smash,not sexist,train
sexism2022_english-17736,yes every girl planet becomes raging porn starlet day hit 13th birthday cousin friend brother told,not sexist,test
sexism2022_english-1832,husband kill wont happen quite often done race favour,sexist,train
sexism2022_english-16170,woman prorape didnt care consent need publicly shame ruin life,sexist,train
sexism2022_english-12888,hope next abortion abortionist slip suck whole fucking uterus eggsacks,sexist,train
sexism2022_english-13885,maybe shes senile isnt pretty old,not sexist,train
sexism2022_english-3179,high temp must responsible heavy sea ice,not sexist,test
sexism2022_english-9191,fairly easily youre right must vary individual individual middle finger still doesnt holding ring finger like mean fuck,not sexist,test
sexism2022_english-16023,dont let attend attitude unbecomming entitlement americahate powering,not sexist,train
sexism2022_english-396,ur mom gay one reference username,not sexist,train
sexism2022_english-18237,apparently fedora kike church shooting see,not sexist,train
sexism2022_english-16985,yet ilk label white men minus pajama boy angryuser,not sexist,test
sexism2022_english-9294,video birmingham england police finally arrest fugitive afghan muslim murdered ex mother url,not sexist,train
sexism2022_english-19236,user twatter jack yank account b hope youll back soon need user fight guy strong conservative woman fear,not sexist,test
sexism2022_english-9916,nice job man remember whatever dont kill,not sexist,train
sexism2022_english-15701,take black site waterboard doesnt want talk congress american people,sexist,train
sexism2022_english-19777,user trap usually boy look like girl reverse trap girl look like boy,not sexist,test
sexism2022_english-1867,milo say shouldnt focus lgbt shove sexuality face appear front look conservative liberal lgbt behave disgraceful url,not sexist,train
sexism2022_english-15868,wonder didnt molest indian woman kid candy store,not sexist,train
sexism2022_english-15061,never post long ago doctor married female doctor guess became fat parasite refused work shortly getting married dont,sexist,train
sexism2022_english-16338,hopped bar benched bar together fucked right spot shit cash,not sexist,test
sexism2022_english-5539,feel horrible injured hopefully death yes hope would mired lawsuit,not sexist,test
sexism2022_english-10360,thats ugly woman insecure less confident self doubt used guy hitting hence strange reaction,sexist,train
sexism2022_english-16009,mean there rcuckquean nsfw idea still stupid,not sexist,train
sexism2022_english-13303,weak always anxious justice equality strong pay heed either,not sexist,train
sexism2022_english-6620,one 15 uglier femlet fat already orbiter fuck clown world,not sexist,test
sexism2022_english-11545,saudi male student trying behead western female canada cant stand covering accordance sharia url,not sexist,train
sexism2022_english-3403,feel make incapable stepping back evaluating data implication shes strong woman,sexist,train
sexism2022_english-1351,pick woman unlikely screw woman exists,sexist,test
sexism2022_english-5183,well apparently patriarchy men bad men oppressed woman keeping home cook care household men literally went face danger die war,sexist,train
sexism2022_english-3648,two lady knitting baby clothes one say expecting boy girl hope cripple reply ive made right fuck sleeve,not sexist,train
sexism2022_english-10009,woman recycle guy think doesnt make slut ex always potential fucker even say long ago fuck ex dating cheating according slut,sexist,train
sexism2022_english-5367,hate expression happy wife happy life suggests man wife tell make life unhappy course true many marriage west,sexist,train
sexism2022_english-12313,woman speak mena lying,sexist,train
sexism2022_english-18195,probably never trusted beginning stupid 18 year old first voting year,not sexist,train
sexism2022_english-7741,seeing clam woman beating fake im buying 90 domestic abuse perpetrated female male leaking banning believe,sexist,train
sexism2022_english-13100,nothing uglier as stick way nigger female,sexist,train
sexism2022_english-647,picture life incel like peter parker sam raimis spiderman 2 without spiderman power woman live like theyd go full elliot roger ten minute,sexist,test
sexism2022_english-16392,doublethink doublespeak simple reading list brave new world 1984 animal farm gulag archipelago viewing list logan run running man idiocracy time cut happy ending holywood sloppy fake,not sexist,train
sexism2022_english-10778,come friendly interesting shes porn star would know lmao halo effect max,not sexist,train
sexism2022_english-7673,look like skankass ho bitch,sexist,train
sexism2022_english-13812,caresjust shoot shot like,not sexist,test
sexism2022_english-7718,point making cat hate stupid pet hate,not sexist,train
sexism2022_english-10473,jail linda cockroach sarsour press charge stick lock long time letting fine lobbyist group like aclu pay punish personally letting become feminazi martyr,sexist,train
sexism2022_english-739,every woman want model codeword get everything free people want,sexist,train
sexism2022_english-11793,tattoo risky business tat created equally suit everyone,not sexist,train
sexism2022_english-12463,may single behind scene theyre going chad harem,sexist,train
sexism2022_english-18813,girl facepalming second panel demonstrates average reader reaction shit,not sexist,train
sexism2022_english-12496,america put diffs aside 150 yr ago fukk cant librals get line maga url gabmusic user user user user user user user user user user user user user user user user,not sexist,train
sexism2022_english-3570,many fat girl new york city,not sexist,train
sexism2022_english-15128,feminist choice woman actually exercise choice choose drink koolaid watch lose shit new feminism light choice none accountability,sexist,train
sexism2022_english-11302,url chemnitz hit protest german migration policy clash antifa,not sexist,train
sexism2022_english-1057,nancy sinatra calling slaughter gun owner shes bad mass murderer democrat need caged nancy sinatra call million nra member killed firing squad url,not sexist,train
sexism2022_english-3195,like girl wearing swimming pool,not sexist,train
sexism2022_english-9354,god gave shameful lust even woman exchanged natural sexual relation unnatural one rom 126,not sexist,train
sexism2022_english-17473,another schmuck schmukette goy get yes sir sir get sir,not sexist,train
sexism2022_english-7274,end result riding cock carousel woman leave unscathed,sexist,train
sexism2022_english-440,user slept 9 hr without disturbance fuck bitch lupus locked painwarriors,sexist,train
sexism2022_english-10091,person someone look like probably isnt kick nad,not sexist,test
sexism2022_english-18489,haha good lord teacher told boob way around literally quoted,not sexist,train
sexism2022_english-18582,weak gene fucking biological advantage claiming come better jawline,not sexist,train
sexism2022_english-2250,position next speak heard head patio plus able hear drink order bar obviously speak,not sexist,train
sexism2022_english-2377,status symbol among peer many woman one hobby displaying higher status female friend alpha chick photo tiny dog need photo tiny dog,sexist,train
sexism2022_english-15592,hit car second crash popped left side,not sexist,train
sexism2022_english-3685,dont bother come onto barpub youre drunk theyre drunk otherwise dont fucking bother lol edit sorry thought meant 40,not sexist,test
sexism2022_english-3906,fleshlight cost 80 doesnt demand money never accuse sexual assault winwinwin,sexist,test
sexism2022_english-11734,post correct 1 youre confident 2 youve already passed test dont forget 3 girl want nocommitment sex attractive already taken,sexist,train
sexism2022_english-16628,nothing sometimes lot due social class economic ladder irrational hatred couple stupid,not sexist,test
sexism2022_english-8607,wouldnt preferred president hasnt sexually assaulted lot woman picked bernie,not sexist,test
sexism2022_english-10337,either hacked shes troll surely,not sexist,train
sexism2022_english-2202,give good zucc,not sexist,train
sexism2022_english-15224,dont forget audiobooks ive spree redpill book lately normally listen easy cardio id recommend starting rationale male model power,not sexist,test
sexism2022_english-3779,cop injured private property damaged commerce disrupted concert cancelled dont coddle thug throw em jail stlouis thug nigger,not sexist,test
sexism2022_english-2882,dont cunt people adopt dont give fuck attitude look number one dont intentionally hurt others,sexist,test
sexism2022_english-19671,cant reptilian,not sexist,test
sexism2022_english-11391,let see housewife crazy pr person got canned,not sexist,test
sexism2022_english-9168,judge kavanaugh sit dog pony show listening people he known professionally year talk wife beater child molester develop personal hatred wretched politician,not sexist,train
sexism2022_english-10019,tell friend dump bitch let watch easily get another man simp,sexist,train
sexism2022_english-6393,final show based incel v normie interloper may saint morgan guide incel victory,not sexist,train
sexism2022_english-7075,suicide rate among men way high cant expect woman care cant help theyre gone help find u,sexist,train
sexism2022_english-172,chart say url wanted create nation boy growing without father call female liberation well reap sow widespread criminality,sexist,train
sexism2022_english-16181,man need three thing life,not sexist,train
sexism2022_english-12362,game overmy wife forcing get nettime change party hearty downtown dinner club tour,not sexist,train
sexism2022_english-14479,didnt even post location jfl one femoid roastie lead u would pmd one u instead making post classic attention seeker behavior,sexist,train
sexism2022_english-3219,obviously talking rational sane woman kind leaf chelsea hubble picture,not sexist,test
sexism2022_english-12800,woman biggesy gaslighters theyre mad men learned,sexist,train
sexism2022_english-665,serf cunt right indian woman one biggest whore planet find disgusting repulsive,sexist,test
sexism2022_english-223,url im sik tv hot woman w movie fuck medium jew someone need make legit tv fuck feminist,sexist,train
sexism2022_english-12465,date isnt meaningless important milestone feel good success failure wont define youll meet lot woman life,not sexist,train
sexism2022_english-15233,imagine imagine many dick fucking whore sucked,sexist,train
sexism2022_english-13909,wasnt criticism attack u make u look bad,not sexist,test
sexism2022_english-7151,careful dont get pregnant bitch get sucked puppy support payment remember alpha fuxbeta bux,sexist,train
sexism2022_english-8965,frantic woman matter cause trouble pain anxiety frantic woman,sexist,train
sexism2022_english-12298,ex nice woman like put bullet head instead torturing daily basis woman prefer death 1000000 cut method,sexist,test
sexism2022_english-13269,basically much woman could politically aware idk understands degeneracypushing,sexist,train
sexism2022_english-14857,country fried deer steak three fresh egg girl cant beat country,not sexist,test
sexism2022_english-957,kike work jdl think shell get along fine,not sexist,train
sexism2022_english-18763,workplace hotbed cheating woman,sexist,train
sexism2022_english-17019,idk cause woman fucking stupid,sexist,train
sexism2022_english-2161,remember repost help much next newgabber brian mitchell user followattack welcome gabfam check user havent please review user suitability life im mom,not sexist,train
sexism2022_english-13055,cant trust foids say,sexist,train
sexism2022_english-10929,part reason low income woman many kid cant support get benefit depending many kid single motherhood rate great society program fraction today,sexist,train
sexism2022_english-17470,mccabe endeavoring fuck trump whether literally figuratively violates oath uphold u constitution cucks word matter wife paid people enemy url,not sexist,train
sexism2022_english-5006,study done time back sex life homosexual heterosexual gay men sex gay woman least amount heterosexual course second,not sexist,test
sexism2022_english-14618,nfl player lesean mccoys estranged exgirlfriend attacked home invasion url,not sexist,train
sexism2022_english-10097,well ive seen doesnt reciprocate even flirt text think isnt interested still unsure though,not sexist,train
sexism2022_english-14653,wow spend precious time fucking old hag playing game encourage fuck men fuck boyfriend sleeping woman,sexist,train
sexism2022_english-10478,thought dead lay,not sexist,train
sexism2022_english-19968,basically apple trying force change tos suit world view want official io app since computer company business everyones mother sad pathetic,not sexist,train
sexism2022_english-2634,ethnic woman complain white guy still fuck end day jfl whitecelsfakecels,sexist,train
sexism2022_english-5871,dog boomer much anyone rightfully dont forget called greatest generation problem letting jew take academia,not sexist,test
sexism2022_english-1216,stop debby downer fatass,not sexist,train
sexism2022_english-3376,disagree guy obnoxious cunt making woman feel uncomfortable he hurting club owner business dont see anything wrong,sexist,train
sexism2022_english-6004,comment male female friend ration mean 510 female friend male friend 510 male female friend essentially 2 friend every guy friend,not sexist,train
sexism2022_english-7618,theyve got fucking kidding right url,not sexist,train
sexism2022_english-9465,hate say lot nerve let creature country unfettered knowing expect people outside country solve problem insanity,not sexist,train
sexism2022_english-534,feminist grand plan make men woman feel completely miserable gender feminazis mras redpill misandry feminismiscancer,sexist,train
sexism2022_english-10027,cant force blackpill every man must accept term,not sexist,train
sexism2022_english-9340,think incels concerned end goal wont know get gf,not sexist,train
sexism2022_english-5243,girl hit 410,not sexist,train
sexism2022_english-5997,dont go kill faggot stop hanging sub fucking woman,not sexist,train
sexism2022_english-19042,someone woman hurt,not sexist,test
sexism2022_english-15555,referring average american black 8020 genetically actual 5050 mulattosprobably 6040 given admixture tend hate white mom absent black dad,not sexist,train
sexism2022_english-12108,country woman charge always fail,sexist,train
sexism2022_english-15731,keep hanging hooking giving radio silence date,not sexist,train
sexism2022_english-12862,nothing wrong attracted overweight woman single mother yeah thats really incel way react,not sexist,train
sexism2022_english-6043,yeah bearing weight relationship lol also illusion eternal happiness first picture,not sexist,train
sexism2022_english-19544,yeah mean woman good men bador something like,not sexist,train
sexism2022_english-2667,louder annoying feminist country woman privileged spoiled pampered,sexist,test
sexism2022_english-10198,get everyday wish could get girl looking flirting even smiling woman hate guy like u simply genetics slut suck say way get woman chad,sexist,train
sexism2022_english-6152,marriage word sentence,not sexist,train
sexism2022_english-10384,first thought dude staring blankly space longwinded corporate speech everybodys supposed love company super enthusiastic wife must killed soul logical explanation,sexist,train
sexism2022_english-13262,advice dont likely end cps woman go bat shit crazy female indoctrinated yo ex neighbor friend turn gestapo treated detainee better cps,sexist,train
sexism2022_english-13406,fuckin stupid stupid one kept electing doesnt say much wonder cali bad shape,not sexist,train
sexism2022_english-9174,right going hit singularity didnt know going leftist signaling,not sexist,train
sexism2022_english-3149,confirms always knew woman absolutely frigid sexually try pretend otherwise look many marriage exist sex dry soon honeymoon dead bedroom wouldnt exist woman actually craved sex,sexist,train
sexism2022_english-18987,black nurse post racist tweet white woman unborn son detail url,not sexist,test
sexism2022_english-6843,seems case female put bio venmo see happens rich dont hmu fat dont hmu perfectly fine guy standard apparently im piece shit,sexist,test
sexism2022_english-10385,guess conservative still think got elected content charater lol muh individualism,not sexist,test
sexism2022_english-16778,liberal feminist sjw would wear burka muhammachad also let beat shit daily basis,sexist,train
sexism2022_english-9433,user jill stein reptilian neck showing look coaxial cable neck,not sexist,train
sexism2022_english-15240,user oh god dont give viewer shes horrible one man opinion,not sexist,train
sexism2022_english-1105,chicken cross road get beautiful girl house knock knock who chicken,not sexist,train
sexism2022_english-1894,killary shouldnt called buffalo,not sexist,train
sexism2022_english-6922,url naw cherry pick bullshit world view cant control others say see conspiracy talking think trying call cuck,not sexist,train
sexism2022_english-1816,herd mentality yet another reason woman good leadership logic,sexist,train
sexism2022_english-1128,alinity want kill herselfurl hope stupid fuck stop shit bullying,not sexist,train
sexism2022_english-2536,someone need slap shit rhino,not sexist,test
sexism2022_english-15237,geez freak excuse wife said sex girl dont owe sex literally said dont want today enough,not sexist,train
sexism2022_english-13645,used condom bin somehow ended pussy magic,not sexist,test
sexism2022_english-12439,yes right chad good personality better chad bad personality chad,not sexist,train
sexism2022_english-17556,eye woman ignoreing mean treating bad,sexist,train
sexism2022_english-8216,love woman go apeshit idea ugly man getting laid foreign country,sexist,train
sexism2022_english-9062,aylas husband seems like youre married know like pussy foul used beard publically whats wrong white supremacist youre attention whore,sexist,train
sexism2022_english-17400,please dont say sociopath like sherlock lol cold water shower actually good time take freezing cold every help body fix still atleast dont like wearing people head hat,not sexist,test
sexism2022_english-3034,ive seen one woman moustache get face ripped go oprah tell ended getting face ripped heartbreaking,not sexist,train
sexism2022_english-5864,anything run woman guaranteed run poor,sexist,test
sexism2022_english-16100,politics gabfam maga australia msm develops case total silence covering womens virtue signaling b mustve vagina hat rather fgm child rape url,sexist,test
sexism2022_english-10873,youre trying nice joke asidetheyre insecure thats theyre trying rudeshowing reject anyonejust like attractive girl,sexist,train
sexism2022_english-18258,kaine creepy look like raging alcoholic wife beater ick,not sexist,train
sexism2022_english-13580,opsec wasnt idiot side idiot saying got soild evidence shit sewing circle come heh judge dread retardalert,not sexist,train
sexism2022_english-15923,thats common mistake men saw many friend falling life even kept relationship miserable fat wife attracted shes fatter,sexist,train
sexism2022_english-11845,sound like many men sub talking feminism feminism equal right woman feminist giving woman benefit baring none responsibility society let end woman hate fella,sexist,test
sexism2022_english-18874,man two option life 1 get good ism 2 get good tisms,not sexist,train
sexism2022_english-3938,death threat letter woman handwriting guy sign letter xoxo call bullshit,not sexist,train
sexism2022_english-6401,stick fork dumb old demented bitch shes done,sexist,test
sexism2022_english-5191,dont empower woman ego get inflated dont know manage start treating poorly along people creates monster,sexist,test
sexism2022_english-1898,basing happiness quality woman want rational discourse get male friend,sexist,train
sexism2022_english-11989,thought woman easy open leg fuck chad sex like compromise bluepill witchcraft,sexist,train
sexism2022_english-10427,lol ugly girl,not sexist,train
sexism2022_english-13723,msm full hate rather checking story assume president trump want monster know say never assume right assume,not sexist,train
sexism2022_english-19792,pelosi look like wish noshow,not sexist,test
sexism2022_english-11832,honest woman trying earn living eh hunny ill blow 20 dollar need next fix baby,sexist,train
sexism2022_english-701,swedish man hater club meeting angry bitter woman welcome attend free donut youre fat generally ugly attractive woman shunned url,sexist,train
sexism2022_english-14472,2ashallnotbeinfringed nra,not sexist,test
sexism2022_english-17691,possibly cheaper bill even woman would eventually want cover whole expense money money money money,sexist,test
sexism2022_english-2269,insane leftist threaten kavanaughs wife child wonder many people step isle leave democrat party insanity url,not sexist,train
sexism2022_english-3143,say thanks youre special slut like woman get annoyed dont appreciate compliment,sexist,train
sexism2022_english-17009,woman sez ah dnot neal fo da anthem shay gon na left end take oil mooney mama sez stand fo anthem bc wee r da home da brave da free mama aint dealing da woman ah gots,not sexist,train
sexism2022_english-8451,jack manleyjoseph costello 6th street video everything need start hating woman,sexist,test
sexism2022_english-10279,granny cankles sent creeper podesta shes probably inebriated come maga vote donaldtrump,not sexist,train
sexism2022_english-15431,leia thing side head turn head get face full hair bun still hope hairy love story,not sexist,train
sexism2022_english-1720,betrayed way would invite back home imagine emotional b woman would carrying get back good grace poor victim male,sexist,train
sexism2022_english-18212,pedophile,not sexist,train
sexism2022_english-13647,woman called white housewife white supremacist reopened account please kind please stand woman child placed danger lie pls rt tradlife maga mondaymotivation url,not sexist,train
sexism2022_english-12759,shit dun goofed think he troll,not sexist,train
sexism2022_english-4675,people think controlled burn understand dont clear area nature dont necessarily ability control natural wild fire controlled burn,not sexist,train
sexism2022_english-4832,anyone email address,not sexist,train
sexism2022_english-14456,part body trans activist tell straight guy start dating trans woman url via user im sorry doesnt pussy woman,sexist,train
sexism2022_english-3510,nigger would attacked good looking white rich boy sorry cunt dont believe,sexist,train
sexism2022_english-2794,look vile scumbag saw lady peril didnt lift finger also probably padeophile rapist judging indifference bet got aroused take pick way win,not sexist,train
sexism2022_english-12451,dead female drug addict,not sexist,train
sexism2022_english-2939,whore vision girl photographic whore memory morty like,sexist,train
sexism2022_english-7371,called wife whore online illegal youre sued libel vox day,not sexist,test
sexism2022_english-6032,always test person judge 20 year old woman pain as yes redeemable give chance lol,sexist,train
sexism2022_english-2015,horrible horrible person seriously know people husband friend disfigured theyre fine theyre happily married fuck,not sexist,train
sexism2022_english-5117,woman get angry resentful arraignment call entitled bitch princess woman love free labor without respect,sexist,train
sexism2022_english-5609,disgusting anyway know theyre boob let anyone want fondle anyone want includes daddy problem isnt daddy point op lied,not sexist,train
sexism2022_english-7351,eh ive actually messing around chick run hr asked fewer question chick ive dated seems like one make least amount money ask question,sexist,train
sexism2022_english-6118,never fuck skunk as looking woman,sexist,train
sexism2022_english-19997,b many pussy paved way success rigging system favor bar lowered standard reduced gender quota female scholarship etc,sexist,train
sexism2022_english-16367,nah need shunned showing shes cold hearted narcissist,not sexist,train
sexism2022_english-4663,url laughable glen greenwald lost mind wikileaks indeed confirmed leak genuine,not sexist,train
sexism2022_english-15419,white citizen nation currently 5 time likely victim minority criminal way around think magically hatred white go away minority youre stupid arent,not sexist,train
sexism2022_english-8274,transphobic bastard,not sexist,test
sexism2022_english-13314,dump first,not sexist,train
sexism2022_english-2002,shell leave eventually guy good look wise personality also huge dick hell sitting gf article theyll know he smallurl,not sexist,train
sexism2022_english-19358,pug accused dressing nazi url,not sexist,train
sexism2022_english-12104,stupid woman expect didnt research islam inviting europe,not sexist,train
sexism2022_english-17579,url funny one mp wanted naz shah investigated disgusting tweet telling rape victim rotherham shut good diversity britfam gabfam speakfreely,not sexist,train
sexism2022_english-1838,haha nah hoe quit porn ago tho,sexist,train
sexism2022_english-13339,comment day hey apple major protest man cant go female bathroom little girl dont give fuck gay killed govt support actual female discrimination url,not sexist,train
sexism2022_english-16542,main qualification socialist lie url,not sexist,train
sexism2022_english-7489,feminism hate movement masquerading right movement feminism simply collective female solipsism hypocriticalentitled devoid logic sense held scrutiny,sexist,train
sexism2022_english-12225,rationality he still cuck enabled madness,not sexist,train
sexism2022_english-6702,msm could hillary lost election lose community organizer named obama obvious answer hillary clinton absolutely suck tough shit go effin cry hilarious maga trump,not sexist,test
sexism2022_english-19666,user deliberately choosing nothing cover alleged crime hillary hand dirty actual killing rip christopher stevens glen doherty charles wood sean smith,not sexist,train
sexism2022_english-7442,shes going hurt thumb grip,not sexist,test
sexism2022_english-6181,whats wrong guy thats hitting woman,not sexist,train
sexism2022_english-1496,welcome proof college kid brain dead sjws hope reject mccarthyesque witchhunting taken place letter readsurl,not sexist,train
sexism2022_english-10612,full congressional censure expulsion charged crime prosecuted sent prison,not sexist,train
sexism2022_english-13637,woman size whale shouldnt allowed drive user url,sexist,train
sexism2022_english-10828,send dick pic dick dox,not sexist,train
sexism2022_english-3921,true besides shes strong independent woman look,not sexist,train
sexism2022_english-18234,short tell find attractive respectfully course get better result said like face lol,not sexist,train
sexism2022_english-7871,woman disfiguring ink attention evidence mgtow way edit dont think tattoo attention instance think judging obvious typical bitch narcissism,sexist,train
sexism2022_english-7486,go girl one bow jesus christ lord correct well saidyeah pres trump maga,not sexist,train
sexism2022_english-4869,woman overvalue indirectly hypergamy 710 woman think equal 310 look colttaines video prof mean definitely 710 isnt bad model level fuck,sexist,train
sexism2022_english-1759,said family dude every fucking black guy world blame woman weak bitch,sexist,train
sexism2022_english-8590,ricky must big cock caroline sold as sorry whore,sexist,train
sexism2022_english-9274,fuck emotional tampon,not sexist,train
sexism2022_english-11402,loathes selfpity scaramcci mooch u draining swamp say draining sewer maga,not sexist,train
sexism2022_english-14460,ill repeat told somebody else earlier arent leftist feminist activist petulant child never insolent mouth slapped needed,sexist,train
sexism2022_english-8434,wonder fucked get,sexist,train
sexism2022_english-15245,men take hollywood medium alpha woman fall back place real feminine role,sexist,test
sexism2022_english-3362,going starbucks going health risk due potential tb people seem forget typhoid mary worked place came contact lot people,not sexist,test
sexism2022_english-18968,wasnt comfortable either learned race dying im cool banning clothes keep muslim,not sexist,test
sexism2022_english-7479,downvoting dont see hypocrisy know mature couple communicate problem shes asking space give space let realize shes losing,not sexist,train
sexism2022_english-17352,everyone gave fucking serious right look solid ten minute,not sexist,train
sexism2022_english-17332,believe woman america always knew woman emmett till story lie url democrat woman lied sexual assault long time,sexist,train
sexism2022_english-12382,woman accident drive far fewer mile men drive something like 35x woman woman likely fewer accident total far accident per mile traveled,not sexist,train
sexism2022_english-2926,oui always boob tube people dont realize there actually mercury sht,not sexist,train
sexism2022_english-2874,get rid dead glassy stare much like real woman,sexist,train
sexism2022_english-6249,sorry islamreformersislam never reformed destroyed muslim call himherself muslim muslim muslim believe follow koran url,not sexist,train
sexism2022_english-15558,bengal muslim known rohingya people prepare child kill buddhist myanma vladtepesblog islam islamicterrorism url,not sexist,train
sexism2022_english-10128,nazi german driven wwii ally french woman fraternized ie willingly sex german soldier publicly shamed hair shorn country men,not sexist,train
sexism2022_english-3768,attempting answer question dont obsess single mom way shape form,not sexist,train
sexism2022_english-17924,data give female lore lock basement wait whats gon na happen,not sexist,train
sexism2022_english-7988,back part calling slut please cite comment im certain personally call slut sub,not sexist,train
sexism2022_english-5019,dont care bad toothed british witch looking bitch woman ugly across pond nobody want nobody history ever wanted,sexist,train
sexism2022_english-6596,user london nonwhite leftie mob attack churchillian caf blighty uk demand owner change name believe churchill scum racist url,not sexist,train
sexism2022_english-15873,user obama talking illegal alien jackass encouraging foreigner break law thats asshole dont want voter identification polling place,not sexist,test
sexism2022_english-9928,would want known dude got raped girlfriend plus ruin ruin family family treated like son day one dont want anyone elses life getting turned upside,not sexist,train
sexism2022_english-1136,fuck bos get promotion,sexist,train
sexism2022_english-7396,shes either attention whore better option come along dont sweat there always,sexist,train
sexism2022_english-2503,people fucking retarded,not sexist,train
sexism2022_english-13370,tommy robinstein literally mossad showman arrest probably one giant puppet show keep goy stuck mental cage,not sexist,train
sexism2022_english-1664,whore distinction important shes fucking porn star pretending virtuous x200b breast implant blew recently looking tanking smv panic shes called,sexist,test
sexism2022_english-796,okay everybody vile slime identify would antifa protester tell 911 nypd widow husband fucing rot grave url,not sexist,test
sexism2022_english-9427,dont hate woman understand price paid sex worth itat,sexist,test
sexism2022_english-13806,yeah drag queen,not sexist,train
sexism2022_english-16723,oh see comment youtube lashing like crazed woman sometimes obnoxious wrong,sexist,train
sexism2022_english-2062,abolish common law marriage canada could lose significant amount dad pension whore girlfriend 4 kid,sexist,train
sexism2022_english-7422,ronalds wife,not sexist,train
sexism2022_english-19952,god love womanthe smell truth fucking amazing politician honesty start stringing let know follow electorate reward,not sexist,train
sexism2022_english-7862,everyone say miss 100 shot dont take gona hurt anything sending text,not sexist,train
sexism2022_english-2238,let honest men got pussy mid teen many less trannies would extreme sexual frustration crippling loneness fucking many young men,sexist,train
sexism2022_english-15457,short woman cant lean talk logistics conceptual idea leasteffort judgement call idea dont overdo,not sexist,train
sexism2022_english-19861,used called spinster theyre crazy cat lady unattractive girl dont post highly visible disgusting shit result less talked doesnt mean dont exist,sexist,train
sexism2022_english-3598,saying go hike here number asking date ive asked thats woman usually card still play get anywhere though,not sexist,train
sexism2022_english-1406,one glad chad fucking woman pill,not sexist,test
sexism2022_english-14635,girl think want relationship wan na get know youand fuck may relationship may serious exclusive whatever label want throw relationship,not sexist,train
sexism2022_english-2038,im im going slow trying flirt little maybe something online weekend need ask first,not sexist,train
sexism2022_english-19283,dont trust woman closed door mettings shared travel etc ever,sexist,train
sexism2022_english-2110,picked 50 even though usually individualized balance think sometimes woman naggy bitch also know sometimes guy violent ahole picked,sexist,test
sexism2022_english-10803,pretty much use female exclusively military even woman refer female,not sexist,train
sexism2022_english-6261,muslim woman mostly benefit uk private gender test abortion gender female want know paying abortion fucking hope nh,not sexist,train
sexism2022_english-8969,ad woman promotes conversion therapy url,not sexist,test
sexism2022_english-14399,shitting street kungfu attitude,not sexist,test
sexism2022_english-9634,man havent opportunity girl meet standard,not sexist,test
sexism2022_english-19606,pop pop pop watching racist drop sneak preview one upcoming hit single ben hapiro nazi killa lady slayah 420,not sexist,train
sexism2022_english-19280,cavern filled mucous slime as shit come woman body general source death decay discovered actually horror enjoy physical side thing,not sexist,test
sexism2022_english-11343,look bright meaning picture trump replaced powerful whore planet took place charge,sexist,train
sexism2022_english-943,life fucking faggot goddamn must think exist bull shit something dont ever come around mother fucker wont get single goddamn thing lazy piece shit,not sexist,train
sexism2022_english-2393,bch know thta uk ruled mental retarded people url,sexist,train
sexism2022_english-2887,lot acne upper lip might herpes,not sexist,train
sexism2022_english-14413,would anyone hate let face lot people wanted see happen,not sexist,train
sexism2022_english-359,dont chase girl like someone effort forward seem uninterested drop want wont play hard get dont chase anyone,not sexist,train
sexism2022_english-14512,hillary way bitch dead soon,sexist,train
sexism2022_english-8169,platform meant musician performer became new capital ethot land girl diddle money,sexist,train
sexism2022_english-2578,well fuck ups fedex safe day url,not sexist,train
sexism2022_english-11686,plus looked fake actor like probably many others far,not sexist,test
sexism2022_english-7873,know worst type feminist male feminist like mras hate woman hate feminist nearly 13rd male fact male feminist way worst female feminist,sexist,test
sexism2022_english-7447,even creative editing even anything like hate,not sexist,train
sexism2022_english-5480,insane ann coulter understands game,not sexist,test
sexism2022_english-522,dont like roseanne point nigger look like ape,not sexist,train
sexism2022_english-19655,anyone interested interview url,not sexist,train
sexism2022_english-1184,random person said twitter female born 1993 cant cook know mcdonalds charge phone twerk bisexual eat hot chip lie,sexist,train
sexism2022_english-5794,least doctor gender changing time lord thing im doctor 12 havent seen new female doctor yet rey fucking pile feminist horseshit,sexist,train
sexism2022_english-7342,im going incelcourl fuck gay sub,not sexist,train
sexism2022_english-11025,brit new zealander australian want ban lauren southern racist scumbags white woman,not sexist,train
sexism2022_english-7034,well certainly go long way explain lack oxygen flowing brain saying,not sexist,train
sexism2022_english-9946,lovely seen state niglet look like african tranny man ugly one vanessa look 20 year older lovely,sexist,test
sexism2022_english-19026,yeah amy punchable face schumer isnt shes dumbass feminist tryhard,sexist,train
sexism2022_english-6808,theview trying keep professional slut stormydaniels sidekick attorney relevant view segment called political view nonetheless,sexist,test
sexism2022_english-19027,damn thats print landwhale,not sexist,train
sexism2022_english-9689,new zealand dumb cunt life reality offering nothing pic small tit as acknowledge tragedy happened country,sexist,train
sexism2022_english-10856,psychotic feminist bakes vagina cooky kid second grade class homeschool homeschool homeschool,sexist,train
sexism2022_english-15540,agree im 4 510 fucking hate life im starting get hatred towards woman,sexist,test
sexism2022_english-19621,woman always craziest,sexist,train
sexism2022_english-5583,anything show patriarchy oppressing woman also oppresses men extent yknow currently major topic modern feminism ignore feminazi misandrists fucking suck,sexist,train
sexism2022_english-1114,fuck man thats got bad infection lol fuck smell,not sexist,test
sexism2022_english-16563,get flaked korean woman brush aside continue try pursue girl set date showed lost phone cast aside,not sexist,train
sexism2022_english-9096,markel effect next 007 could black woman url,not sexist,train
sexism2022_english-12910,stringing along backup plan woman,sexist,train
sexism2022_english-18864,may vigorous anymore im still sneaky mean fuck want family harm 248yrs sneaky mean fuck woman worse,sexist,train
sexism2022_english-19351,best hambeast seacreature gf ahem wifey mean got ta lock boyfriend get chance haha good day incelius,sexist,train
sexism2022_english-4219,user dunno seems like real deal he got huge mess clean eight year subversive working tirelessly destroy military country mean he got take fight externally well internally,not sexist,train
sexism2022_english-16616,snarling bitch jewshould go join nwotheyd love,sexist,train
sexism2022_english-6222,thats nasty imagine marrying one low woman sink stunning rejection beta continues,sexist,train
sexism2022_english-12133,people never even felt woman touch let alone sex aloud opinion,not sexist,train
sexism2022_english-237,forgot homophobia transphobia islamophobia toxic masculinity xenophobia intolerance trump republican capitalism always bad shade gray penis otoh gray area feminine know,not sexist,train
sexism2022_english-1766,lot woman sadistic tendency come low status men enjoying toying noticed put foot instead ignoring pussy stopped giving shit,sexist,train
sexism2022_english-8550,yep definitely getting therapy idk done specific point guess like ok cool impulsive,not sexist,train
sexism2022_english-16700,meryl boycott new movie another po hellywood skanko,sexist,train
sexism2022_english-18054,bhahahahahaahahahahaha know many 21 year old girl theyre dumb teenager,sexist,train
sexism2022_english-14395,youre may right im assuming hookup face matter little position theyd,not sexist,test
sexism2022_english-15484,would tell,not sexist,train
sexism2022_english-10591,right hate type couple get arranged marriage abort daughter,sexist,train
sexism2022_english-4567,air force special operation command soon first female air commando brigadier general might old get pregnant order avoid deployment url user user user user,sexist,train
sexism2022_english-17150,like han solo dont bang daughter,not sexist,train
sexism2022_english-11048,butthurt shouldnt get harassed woman could considered freak get away unscathed,sexist,train
sexism2022_english-752,jackass,not sexist,train
sexism2022_english-10922,here user womens baseball world cup woman pushed keep playing sport url,not sexist,train
sexism2022_english-18925,id rather cuck stopped listening right,not sexist,train
sexism2022_english-9685,stand man url,not sexist,test
sexism2022_english-4596,u ask know,not sexist,train
sexism2022_english-3161,sex clearly dont similar value system important,not sexist,test
sexism2022_english-14805,id wager mean likely dramatic people cheap con artist,not sexist,train
sexism2022_english-6651,ugly woman dont count,sexist,train
sexism2022_english-14944,israelite exiled east assyrian there evidence returned land israelpalestinecanaan ancient time,not sexist,train
sexism2022_english-2081,vaguely recall story drunk woman left bar drunk drove accident tried make bar liable,not sexist,train
sexism2022_english-16793,user happy shivratri bitch,sexist,train
sexism2022_english-6331,bet trying impress pussy hat virtue enough let pant,sexist,train
sexism2022_english-10152,beard depends genetics product try help use style look good ive used von dyke style year,not sexist,train
sexism2022_english-9297,condolence female mind capacity duplicitous without remorse sickens,sexist,train
sexism2022_english-5915,brad get mad cracker barrel firing wife internet revolt url,not sexist,train
sexism2022_english-11912,least understand word use perhaps pull as ridiculous jewhatred history channel booze conspiracy website bad combination,not sexist,train
sexism2022_english-10189,lol mentally retarded itcucks,not sexist,train
sexism2022_english-1229,yep sent woman prison hell pussy rape,sexist,train
sexism2022_english-4616,dont remember lotrhot,not sexist,test
sexism2022_english-13047,feminine trait men exploited gain comfort control kind sexual benefit kind men generally interested gained androgynous woman,sexist,test
sexism2022_english-10286,love red dress like style good taste,not sexist,test
sexism2022_english-13915,absolutely incels accomplished demonstrating little know woman islam people,not sexist,test
sexism2022_english-5527,anti america anti white muslime bitch exiled great nation back sandbox belongs url,sexist,train
sexism2022_english-5301,excellent looking another post female fvcked men get grade support even risk exposing type fraudulent behavior,not sexist,test
sexism2022_english-5509,would sexually assault woman necrophiliac,sexist,train
sexism2022_english-16892,confused scandal 2 consenting adult year later assures indiscretion made public reason sex crime law broken url,not sexist,test
sexism2022_english-18709,im sick woman hitting wall im getting sex doll never,sexist,test
sexism2022_english-17189,url people america want know politician started obeying un one wirld govt american law time charge old bird make pay,not sexist,train
sexism2022_english-11161,fact special prosecutor investigating social medium post instead mass shooting fucking infuriating sinister,not sexist,train
sexism2022_english-5080,url teach child quietly day son daughter rise fight stood still,not sexist,train
sexism2022_english-3388,well facebook jail three day told cunt nice muslim animal wont saver assi guess hurt cunt feeling hope muslim fuck as rip cunt,sexist,train
sexism2022_english-17023,best programmer workplace right woman shes fucking amazing,not sexist,train
sexism2022_english-2549,tell youre gay,not sexist,test
sexism2022_english-14482,woman speak like donkey braying quiet woman old russian proverb,sexist,test
sexism2022_english-2527,youve never seen girl pay half bill assure happens lot,not sexist,test
sexism2022_english-15460,whats bang rate,not sexist,train
sexism2022_english-7263,nytimes think woman fucking slag turned everything url fair great read liked headline,not sexist,train
sexism2022_english-5662,see confusion think jew hiv think woman,sexist,train
sexism2022_english-4245,aww could pumped dumped least took 2nd best option anything betabucks,sexist,train
sexism2022_english-15578,winter cruise hell ship carrying 4000 passenger battered 30feet swell hurricane force wind sailed directly winter bomb cyclone way bahamas turning back url,not sexist,train
sexism2022_english-11964,hey user user user ben shapiros sister would,not sexist,train
sexism2022_english-15669,truestory seem hate word jew label thats sure,not sexist,train
sexism2022_english-11484,mean mother hasnt cucked dad yet belief sheltered girl arent cruel however social medium whore problem sub8 tho way,sexist,train
sexism2022_english-17745,said liked killer said seemed almost human something effect endorsing prison labor sick bill notorious racist back day even,not sexist,train
sexism2022_english-6541,found bunch sf chicago nyc live city give list,not sexist,train
sexism2022_english-6071,user dont embarrassed arent woman theyre freak,sexist,train
sexism2022_english-11366,wow nobody follows kike book 1 preference friend dont know get 2 worship fucking kike jew talk globalism tolerance shut fuck,not sexist,train
sexism2022_english-11474,techhumor url millennial spends 1st day job cry internet friend got company spammed w swastika retard twitter teachable moment wise discus internals company network social medium,not sexist,train
sexism2022_english-11712,true landwhales pick normal guy chad get top stacies,sexist,train
sexism2022_english-9700,prolly idiot sent 500 lul,not sexist,train
sexism2022_english-2326,lesbian relationship tough,not sexist,train
sexism2022_english-4788,obsessed twitter troll user follows around social medium fine hillary threat victim husband bill clinton rape doesnt seem know difference word action url,not sexist,test
sexism2022_english-9770,woman really good fucking killing almost like never wanted actually kill instead wanted attention like whore,sexist,train
sexism2022_english-12059,title say poacher im pretty sure poaching already illegal woman logic isbad,sexist,train
sexism2022_english-14122,realized didnt get name anythingfuck lol know study etc though,not sexist,train
sexism2022_english-5726,nazi lecturing offensive crass rich oh boohoo snowflake go cry mom find safe space among storm fag,not sexist,train
sexism2022_english-8154,right arrest guy punched antifa girl face much illegal assault,not sexist,test
sexism2022_english-17723,good god youre lucky fuck,not sexist,test
sexism2022_english-8327,kick,not sexist,train
sexism2022_english-10712,think cleanup crew dude white cuckasian caucasian cuck asian cuck asian redundant ricecels,not sexist,train
sexism2022_english-9613,upside as love true love girl donkey url via user,not sexist,train
sexism2022_english-5349,well cant fact stopped girl pissed want see get fucking floored even kick guy stop white knight never win,sexist,train
sexism2022_english-5223,instinct hunter guy sketchy blackpill anyone practical plan,not sexist,train
sexism2022_english-278,understand purge hidden eurofag scum holy city miami burn illegal particle accelerator lab stretching underneath capital,not sexist,train
sexism2022_english-6863,user dirty lying rotten scumbag want comey resigni would like stay long enough testify,not sexist,train
sexism2022_english-9136,hed cuck date marries pumping dumping doesnt make cuck though,sexist,train
sexism2022_english-8508,turn men human suffer hormonal influence also like woman fertile like rough boy shes prefers cuckish probably something testosterone cycle,sexist,train
sexism2022_english-8450,post scream entitlement ungratefulness dont see wasteful behavior admirable white friend maybe complain white kid less wasteful instead complaining mom,not sexist,train
sexism2022_english-6573,well guess wouldnt hurt show wisdom word look like,not sexist,train
sexism2022_english-6190,also marry status desperation etc either way never marry actually matter,not sexist,test
sexism2022_english-14264,url people either let u win something going get ugly know teach master class ugly,not sexist,train
sexism2022_english-17563,job cowboy regurgitated disinformation great fuckin song metalmonday fakenews topic url,not sexist,train
sexism2022_english-6724,wouldnt dont think worst happen reject move,not sexist,train
sexism2022_english-5347,thirst strong cant find woman ugly enough getting dick,sexist,train
sexism2022_english-8551,doesnt believe race belief geography woman idiot,sexist,train
sexism2022_english-18395,oruser could make triple threat match user bliss v user v user mcmahon much wed like see user v user user think user universe craaaaaavvvvvvinnnnnggggg,not sexist,test
sexism2022_english-1812,mention man licensing would irresponsible u let man buy woman without proper license,sexist,train
sexism2022_english-15679,wondered kerouac jewish doesnt appear mother maiden name lvesque could related levi 90 jewish wasnt jewish religiously neither jack url,not sexist,train
sexism2022_english-2466,yall fuck,not sexist,test
sexism2022_english-9140,democrat know shes money pit render result except pocket gabfam maga,not sexist,train
sexism2022_english-19725,lol fuck dude ditched long time ago havent dated year much trouble misery sifting grifter bitch 100 right though would completely fault still someone like,sexist,train
sexism2022_english-17437,leftist gamergate didnt dating christian girl time family never complained u willing bend homosexuality,not sexist,train
sexism2022_english-2915,user year round winter wear icy elite bitch today shear sheep wear wool sign dominance,sexist,test
sexism2022_english-12701,apparently approve girl treated second class citizen gay thrown building fgm pedophilia wonderful thing go hand hand islam go fuck islamic apologizing piece shit,not sexist,train
sexism2022_english-8004,umm percentage woman think cam whore bizarre claim im guessing youre way cam whore,sexist,train
sexism2022_english-16042,thank god incels aka woman expert tell u woman really mean,not sexist,train
sexism2022_english-9055,favor try talk cuck,not sexist,train
sexism2022_english-698,given taste equality drilled left hook,sexist,train
sexism2022_english-17571,call shedemon,sexist,train
sexism2022_english-12485,britfam think guardian couldnt sink lower published today aftermath parsonsgreen attack,not sexist,train
sexism2022_english-9413,rand one right admire sits outside duopoly speaks truth see im surprised attack,not sexist,train
sexism2022_english-12707,psychotic break ended realized never message also actually bot proceeded choke mandible severely retruded pressed larynx,not sexist,train
sexism2022_english-695,say alleged sex call child rape like ever male teacher female student tryst relationship love sex less impacting name still child rape,not sexist,train
sexism2022_english-2563,king queen remember vonkie took 110 million saudi year,not sexist,test
sexism2022_english-18079,im getting older cant keep grind spin plate seek new pussy want woman long term want learn avoid issue getting way,sexist,test
sexism2022_english-15957,yes god planet sun solar system spinning ball moon also spinning ball smaller one still round wake,not sexist,test
sexism2022_english-6035,place excellent bitch hate racism think better place go escape hahaha,sexist,train
sexism2022_english-3592,sharia may campaign poor failing beat communist think terrorism valid way create progress people openly asking whether failed purpose didnt fancy brexit,not sexist,train
sexism2022_english-16069,attention starved cunt sell soul devil fame fortune want piss people help get get attention money,sexist,train
sexism2022_english-12369,user concerned event muslim teen may become victim honor killing,not sexist,train
sexism2022_english-5714,crime black entitlement dmtbka url,not sexist,train
sexism2022_english-5748,kiss coworker 10 minute feel boob forget mention cuckold fetish guess make obvious youd forget sometimes perfectly understandable,not sexist,test
sexism2022_english-5955,want strike demand seat supreme court democrat hate constitution url,not sexist,test
sexism2022_english-198,normal normal girl dont find attractive,not sexist,test
sexism2022_english-11595,wife moaning saying never take anywhere said took last week tea biscuit dont ungrateful said yes know cost pint blood bastard,not sexist,train
sexism2022_english-4454,appreciate fact people follow even though dont really post often would like post hard stay top sort thing depression bitch lol,sexist,train
sexism2022_english-10945,oh fuck paul cafe mean would nice didnt say utterly retarded shit woman begging get raped saying fucking feminist shit give erection embarrass u twat,sexist,train
sexism2022_english-2681,phila ndwandwe killed apartheid regime refused betray comrade qina darkie womens month,not sexist,train
sexism2022_english-8733,yes mom doesnt like intelligence like diddle figure8s clit fucking as get as back bed take belt beat,sexist,train
sexism2022_english-6395,u got dirty mouth christian christ would shocked,not sexist,train
sexism2022_english-15441,better yetsome guy much pussy talk better seize opportunity last,sexist,train
sexism2022_english-11689,shaparak shajari zadeh 2 yr prison18 yr probation marched iran veil sweden feminist superpower say dont already know,not sexist,train
sexism2022_english-15161,probably instantly anglin thots allowed policy,sexist,train
sexism2022_english-19299,url uk one dyke look like hag,sexist,train
sexism2022_english-14969,user daughter gon na get fucked muslim,sexist,train
sexism2022_english-12315,damn idea making fake chad account getting multiple roasties emotionally invested breaking heart even one shall find science,sexist,test
sexism2022_english-12459,there one thing world need thots taking bathroom selfies,sexist,train
sexism2022_english-7908,yep im one violence think old yeller solution would kindest thing take pasture let run around bit rub belly put bitch 12bore lol,sexist,train
sexism2022_english-19158,truecels hate make woman fall love using one weird trick find click hereurl,not sexist,train
sexism2022_english-4430,fuck wrong girl able dress however want muslim fuck giving look whore,sexist,train
sexism2022_english-16721,epictetus said long time ago like marco aurelio un meditation inteligent,not sexist,train
sexism2022_english-18356,people trying bring peg doesnt necessarily anything pickup though people combative people asshole,not sexist,train
sexism2022_english-93,send group nice young men visit oakland ca mayor libby schaaf little session molestation rape dismemberment love protecting illegal alien let molestation start,sexist,train
sexism2022_english-9650,love real,not sexist,train
sexism2022_english-11064,damn shame man come point 2 choice sharpen sword claim trophy bitching internet deus vult,sexist,train
sexism2022_english-11293,many invention king queen invent hummmm obongo cunt,sexist,train
sexism2022_english-398,thought u feeeemales entitled,not sexist,train
sexism2022_english-3001,fearless feminazi cant handle fact knocked ground stayed home cant take beating like man thought stuff internet never going away,sexist,train
sexism2022_english-16134,literally havent even done anythingand feel like saying way get attention since im getting mixed signal,not sexist,train
sexism2022_english-3792,wanted listen somebody bitch non stop like id get girlfriend,sexist,train
sexism2022_english-18809,dog look eye bidding matter badly beat u discipline woman shell call police u kek seriousness tho woman show loyalty doggo,sexist,train
sexism2022_english-13351,im missing part somehow better woman men whiny little cunt bet woman meet refuse make eye contact like dweeb work,sexist,train
sexism2022_english-7018,single start dating talking multiple girl two love make meeting woman easer,not sexist,train
sexism2022_english-6741,boredom decided read quite post cheeky monkey wife cant decide whether 1 teenage girl 2 cunt know possible im guessing 1 wife say 2,sexist,test
sexism2022_english-100,good grandson acid reflux mother gave formula didnt like yes mean mute em,not sexist,train
sexism2022_english-10414,janis joplin psychedelic tranny url transgenderagenda transgender transpocalypse,sexist,train
sexism2022_english-4916,hope hick wrote said tired living dc far away said cant make long distance thing work longer coming home,not sexist,train
sexism2022_english-11813,sharia unhinged lost control life broke sad,not sexist,train
sexism2022_english-792,well might read 2nd date thing kino make talk make connection way manage get kind positive vibe kiss fortune favor bold,not sexist,train
sexism2022_english-18277,would ask people believe gender social construct think still punish people walking naked public whether male female,not sexist,train
sexism2022_english-6029,isnt exactly though hang sub talk feminazis uglyfat girl like,sexist,train
sexism2022_english-16796,well safe assume he female genital mutilation he inconsistent belief make joke mutilation,not sexist,test
sexism2022_english-1576,look evil look,not sexist,train
sexism2022_english-10485,great idea bringing young middle class german forced proximity unassimilated third worlders could kick arse need start reclaiming homeland,not sexist,train
sexism2022_english-14645,look like cunt sony want steal music url,sexist,train
sexism2022_english-3803,hillary broke toe would require 2 crutch know know tell truth url,not sexist,train
sexism2022_english-4883,reason woman like guy aesthetic power thats incels alone,sexist,train
sexism2022_english-13859,yeah holding sign hide enormous hippo arse feminist redpill mgtow feminazi,sexist,train
sexism2022_english-14680,virtue signal perhaps someone leaked would activist friend excia said smell setup,not sexist,train
sexism2022_english-750,user lol okay m celebrity,not sexist,train
sexism2022_english-3215,listen fatimashe explains communismwho knew url,not sexist,train
sexism2022_english-1418,white bitch ironically using word nibba piece advice youre mixed company joke make girlfriend get dogshit smacked,sexist,train
sexism2022_english-8256,im sure woman back may even number 2 like attention validation learn game stop cucking,sexist,train
sexism2022_english-9034,arrogant democrat billionaire whose father cofounded hyatt tell men use girl restroom url,not sexist,train
sexism2022_english-9072,im wiggapriveledge yo git ti fuck oota yo niggapriveledge muthafuck ya turf ya pay ho,sexist,test
sexism2022_english-18567,incels want allwomen avenger movie danny devito black widow,not sexist,train
sexism2022_english-5808,second murder condition release tell police girlfriend could tell murderer woman he murderer would lie,not sexist,train
sexism2022_english-14526,everything womens empowerment woman owner man would branded misogynist perpetuating unhealthy beauty standard,sexist,train
sexism2022_english-17143,cough cunt cough cant go wrong classic,sexist,train
sexism2022_english-18172,good point 2016 trump put lying bastard notice url,not sexist,train
sexism2022_english-4762,love user shes like happy smart little shitlord mostly polite nice combination ill cut slack pickle thing,not sexist,train
sexism2022_english-9052,woman call police overweight boyfriend stepped left foot url,not sexist,train
sexism2022_english-3575,lol see girl within height range tall guy piss reason glad know wasnt personality deficient probably work lol,not sexist,train
sexism2022_english-14440,trolled hillary like psycho wanting hair doesnt make cool fact wanted like big pharma good enough glad he getting fucked,not sexist,train
sexism2022_english-7653,need feel like pussy idk neck beard maybe reddit thing dont know dont compromise value proud,sexist,train
sexism2022_english-7845,game kike russia 6 new military equipment feature smash kike get hand url,not sexist,train
sexism2022_english-6432,lesbian special education teacher sexual relationship 12yearold girl url,not sexist,train
sexism2022_english-3168,dont know churchill jew loving jewess hold charmsfaggot define sue peace,not sexist,train
sexism2022_english-5492,love ahaha ive waiting get episode bitch asking leve strength would kill go full strength,sexist,train
sexism2022_english-10514,made bout old fuck bride,not sexist,train
sexism2022_english-18545,men whore also,sexist,train
sexism2022_english-7372,gani said killed daughter ashamed conduct url pk ashamed hope,not sexist,train
sexism2022_english-11872,here banana bitch since wan na act like monkey,sexist,test
sexism2022_english-11200,also bashing trump basis skin color,not sexist,train
sexism2022_english-7702,shouldve dumped as 6 year ago fool,not sexist,train
sexism2022_english-8707,exactly sex badurl mumbo jumbo school never deterred chasing girl hallway right class,not sexist,test
sexism2022_english-19514,phuck tha fone,not sexist,test
sexism2022_english-12559,wednesdaywaystohelp intrepid fallen hero fund assisting men woman military family since 2000 url,not sexist,train
sexism2022_english-12345,user think assumed theyre loser whole thing bunch misandrist loser woman larping relevant,sexist,train
sexism2022_english-12081,incels real life ussually shy quiet guy doesnt talk anyone yet still called asshole want love girlfriend,not sexist,train
sexism2022_english-9577,uni needed female phone number assignment wouldnt give told text guy knew ask,not sexist,train
sexism2022_english-18540,true would shortage bad woman either really,not sexist,train
sexism2022_english-11037,arrest bitch put cell male rapist,sexist,train
sexism2022_english-13734,think amish woman hot hed get serious hate boner saw woman burqa,not sexist,train
sexism2022_english-5216,still pulling crap twatwaffles kind people spank butt sex,sexist,train
sexism2022_english-17914,oh planting idea headmmust purgeunclean thoughtsaaaaahhh passed thinking warmatronlike female warchief,not sexist,test
sexism2022_english-18119,volunteer game tarrush,not sexist,train
sexism2022_english-18445,many girl would fuck guy,not sexist,train
sexism2022_english-2913,good opportunity hang pornpromoting degenerate kidnapped mentally retarded woman impregnate big deal,not sexist,test
sexism2022_english-16823,tool speak exist dating rigged game bp manginas wanting show dedication female master nothing get prostitute must,sexist,train
sexism2022_english-14014,well happiness pant doesnt bring happiness rent free people like end feel empty ever hoe advice magic pussy doesnt bring happiness,sexist,train
sexism2022_english-480,told 15yo son ought put girl scout dress go door door selling tranny scout cooky anybody refused could hiss bigot,sexist,train
sexism2022_english-3392,0 body fat dehydrated bro ricels gauntmaxxing volcel holding ghoul frame theory legit try contribute im incel got pussy sorry rather sorry sorry lad x,sexist,test
sexism2022_english-9833,happened one occasion bringing girl home bar,not sexist,train
sexism2022_english-5861,lol know dad reaction mother day cant fucking stand boat,not sexist,train
sexism2022_english-19690,worldrenowned lesbian nyu professor suspended probe find sexually harassed gay male student url,not sexist,train
sexism2022_english-6652,perhaps depends men woman fit type there 2 woman like 6 men like would suck male group,not sexist,train
sexism2022_english-8160,enoch pointed latest daily shoah thot patrolling woman dont actually ability control make look weak cant really thot patrol someone influence,sexist,train
sexism2022_english-5883,many credible threat male gamers cancel public appearance cancelled one public appearance threat explicitly ruled noncredible,not sexist,train
sexism2022_english-18352,true genocide effective honestly im sick bitch would love kill weak white along fag spic nigger kike,sexist,train
sexism2022_english-6538,mra stuff like men saying wished hadnt daughter calling american woman whore etc evidence,sexist,train
sexism2022_english-19505,dont get pissy youre asshole think woman terrified pussy allowed accuse men 20 year later without proof,sexist,train
sexism2022_english-19043,whore queen mmmmmmmmmmmmk,sexist,train
sexism2022_english-14436,yep bbc announcer trying suppress telling truth look like bbc bunch truth twisting liar like cnn,not sexist,test
sexism2022_english-13422,dude look like andy dick fetal alcohol syndrome,not sexist,test
sexism2022_english-17999,source double crossed honor among thief journalist liberal dyke sliced 4 large onion last hour trying work tear,sexist,train
sexism2022_english-14182,youre retard picking side saying who right wrong girl didnt think reaction pussy pas,sexist,train
sexism2022_english-18287,brother evan mentally ill seek help give child male female couple born male femalexx xy science fact,not sexist,train
sexism2022_english-589,every black kid knew detroit came family poor white kid broken home mother og first man hater dad communist 1985,not sexist,train
sexism2022_english-11745,care thats trad con pussy sniffer alone couldnt care less many people fuck sex life nothing leaving alone,sexist,train
sexism2022_english-17508,build cool social circle make friend girl build confidence demeanor practice social skill hobby enough,not sexist,train
sexism2022_english-4436,huh wtf bernie mgtow,not sexist,train
sexism2022_english-14130,really hope group deaf people protest womens lenient sentence,not sexist,train
sexism2022_english-7747,bet eats pussy,sexist,train
sexism2022_english-10925,smart incels keep saying girl feminist manipulative whore still dream relationship,sexist,train
sexism2022_english-17151,version redpill respect whore interesting go detail take trp,sexist,train
sexism2022_english-8795,yesss stayed home,not sexist,train
sexism2022_english-9878,funny faked pedophile woman teacher rubbery looking skin fake eyebrow could almost mistake sex doll,sexist,train
sexism2022_english-15397,lol inky one woman doesnt represent entire female population,not sexist,test
sexism2022_english-7399,ppl say lot mean stuff ur daughter ugly family dog close eye hump leg fat go mcdonalds look menu say ok,sexist,train
sexism2022_english-17007,someone even attempted rape wife married didnt kill would hunt kill brag fact,not sexist,train
sexism2022_english-3217,user live world many woman would feel better called hoe thanksfeminism,sexist,train
sexism2022_english-12613,punch felt around world antifapussies thin skin glass jaw time fight fire w bullet cant believe police stood nothing stop fascist group leftistloonies,sexist,train
sexism2022_english-17729,ever read jewish forum talking goy describe detail best way kill slowly cutting period 2 week finger nail probably watch worse movie shit get talked,not sexist,test
sexism2022_english-6806,except chinese mother china asia actually asian american woman westernized asian woman basically white woman,not sexist,train
sexism2022_english-11652,got ta plow youll get man first example tall girl liked least enjoyed experience,not sexist,train
sexism2022_english-6768,dumbass child,not sexist,train
sexism2022_english-17550,nah even mediocre black guy get ton pussy long somewhat tall white woman think tall black guy massive schlongs,sexist,train
sexism2022_english-13417,doubt would even meal one sign anywhere wording would make mother teresa suicidal,not sexist,train
sexism2022_english-1276,started whole thing bitch angry cause man simoly exsisted,sexist,train
sexism2022_english-963,yeah also statistical data anecdotical evidence obese girl seem men even high muscular average girl depite much lower smv,sexist,train
sexism2022_english-3305,he hot tall handsome shes nice guy isnt thing female never interested got,sexist,train
sexism2022_english-17466,true men tend bond much quicker better woman,sexist,train
sexism2022_english-17015,shes like 310 sure desperate female probably didnt time life cause chad would go stacys might pumped dumped time tho,sexist,train
sexism2022_english-8491,lol danish immigration minister run migrant dumb attention whore fleeing refugee mob woman may hit little url url eu,sexist,test
sexism2022_english-6018,book fuck released cater,not sexist,train
sexism2022_english-18605,exactly woman shouldnt police force career requires strength courage place weak foids,sexist,train
sexism2022_english-12929,lying senator feinstein still chinese spy side 20 year yet russia russia russia investigation,not sexist,train
sexism2022_english-2109,woman call attention herselfwants date also,sexist,test
sexism2022_english-4870,woman see people attempting avoid mess ups inferior,sexist,train
sexism2022_english-3975,hahaha shed raped shot,not sexist,test
sexism2022_english-18457,cutiesaturday also caturday say hello rhapsody sadly dont many pic change soon catgirl ecchi hentai boob lewd valentinesday,not sexist,train
sexism2022_english-14613,asian womyn awalt well worse typical nonasian woman,sexist,train
sexism2022_english-14396,havent experienced though woman regard man without male friend redflag shes also gauging status peerage also possible shes looking monkeybranch cuckold boyfriend utilising male network,sexist,train
sexism2022_english-3304,everyone donate opponent get idiot office ignore fool,not sexist,train
sexism2022_english-19395,alt account pretending woman mission making fds female toxic possible ive gotten thousand vote posting grade bitch shit,sexist,test
sexism2022_english-6795,dont run away like little jewish girl,sexist,test
sexism2022_english-10626,user oh really girl check timestamp url,not sexist,train
sexism2022_english-2581,actually rape ineffective woman wont want keep baby thats forced thats shit like love,sexist,train
sexism2022_english-10280,gay youre clearly woman,sexist,train
sexism2022_english-4080,notice lifting really increase overt interest gay guy iois girl still rare think girl elite look get iois barring exceptional circumstance,sexist,train
sexism2022_english-19336,fuck mom,not sexist,train
sexism2022_english-11732,thing early girl know would fuck within 10 minute meeting make honest move forget always go kiss first date pull back next pls,sexist,train
sexism2022_english-16592,romance movie instagram ruined woman romantic gesture good thing arent constant daily think romance movie never sequel,sexist,train
sexism2022_english-3439,stupid many woman abuser misogynist dumbass woman special sense assume ugly awkward guy creepy thats far womens intuition go,sexist,train
sexism2022_english-1241,theyre tired simps military,not sexist,train
sexism2022_english-15502,woman pretty decent still height dick mental illness keep dating,not sexist,train
sexism2022_english-7523,every woman think shes sex goddess lie back idea top either,sexist,train
sexism2022_english-12958,raised traditional view family man head household put woman pedestal rest crap took 17 year came around true nature woman,sexist,train
sexism2022_english-12218,t woman who self worth grossly inflated harmless far harmless social medium general dating apps particular ruined malefemale dynamic west,sexist,test
sexism2022_english-8172,yes im aware first wife used drive,not sexist,train
sexism2022_english-9798,woman always hidden agenda,sexist,train
sexism2022_english-1522,agree may gone bit top thanks calling bullshit,not sexist,train
sexism2022_english-15765,according twatter world hijab daywhen become thing,not sexist,train
sexism2022_english-251,men depends whether youd prefer trade effort risk woman depends best,sexist,train
sexism2022_english-10931,manwoman right 2 heshe wish planet earth long shall create harminjury loss hisher fellow manwoman,not sexist,train
sexism2022_english-16291,thanks found based photo barbara gray still sure story said phoned didnt know date even photographer tow hmm url,not sexist,train
sexism2022_english-5073,hmm better world would asked profile link described type woman woman know would end pitty fucking damn pitty,sexist,test
sexism2022_english-6887,benghazi whore need strung worthless neck tree,sexist,train
sexism2022_english-3366,wan na say woman 310 obese men 310 whether theyre obese becausereasons,sexist,train
sexism2022_english-4281,miami im girl dump unless enough good time really fun person around,sexist,train
sexism2022_english-1024,quinn eventually end accusing al exessexual partner rape abuse matter time someone ask ex didnt sexually abuse quinn randomly accusing new people rape 10 year,sexist,test
sexism2022_english-12038,dont forget short woman fun sized short men munchkins sweaty inkwell,sexist,train
sexism2022_english-19484,infectious disease expert joked good way eliminate vaccine refusniks overwhelming tend white people simply get rid white united state url,not sexist,train
sexism2022_english-5288,fact say isnt matter anyone say doesnt know theyre talking attitude obviously dont tell shes dirty cunt long youre confident non phased youre fine,sexist,train
sexism2022_english-11613,woman say shes suicidal shes get attention 1000 guy like wtf wonder male suicide high,sexist,test
sexism2022_english-3996,according calculation woman mentally ill child,sexist,train
sexism2022_english-4391,new fap material lady like putin url,not sexist,train
sexism2022_english-19421,break,not sexist,test
sexism2022_english-15837,democratic call investigate assault woman user user user user url,not sexist,train
sexism2022_english-15150,early middle school physically bullied girl told teacher several time never anything pussy wouldnt fight back,sexist,test
sexism2022_english-19863,supporting toxic men glorifying toxic male behavior obviously woman young poor unfortunately think agency even violencerevenge man sign disempowerment anything,sexist,train
sexism2022_english-18722,find girl common belief consider friend,not sexist,train
sexism2022_english-2564,mention shes outright commie made nomination illegal,not sexist,train
sexism2022_english-4599,make clear youre looking ltr youre misleading youre getting better dishonest fuckwit,not sexist,train
sexism2022_english-1196,like big sisterhood stemming feminist bitch old boy club would gladly work old girl club never realize hypocrisy,sexist,test
sexism2022_english-9772,go like im dance floor there girl seems checking trade glance get bit closer read girl showing guy positive attention,not sexist,test
sexism2022_english-14511,could like lady corner man cave could pause cheered message bearing platter food drink stair,sexist,test
sexism2022_english-9538,yea trans woman hate men,sexist,train
